Fips_code,Whether Overwhelmed Within 6 weeks
01001,1
01003,1
01005,1
01007,1
01009,1
01011,1
01013,1
01015,1
01017,1
01019,1
01021,1
01023,1
01025,1
01027,1
01029,1
01031,1
01033,1
01035,1
01037,1
01039,1
01041,1
01043,1
01045,1
01047,1
01049,1
01051,1
01053,1
01055,1
01057,1
01059,1
01061,1
01063,1
01065,1
01067,1
01069,1
01071,1
01073,1
01075,1
01077,1
01079,1
01081,1
01083,1
01085,1
01087,1
01089,1
01091,1
01093,1
01095,1
01097,1
01099,0
01101,1
01103,1
01105,1
01107,1
01109,1
01111,1
01113,1
01115,1
01117,1
01119,1
01121,1
01123,1
01125,1
01127,1
01129,1
01131,1
01133,1
02013,1
02016,0
02020,1
02050,0
02060,1
02068,0
02070,0
02090,1
02100,0
02105,0
02110,0
02122,1
02130,0
02150,1
02158,0
02164,0
02170,1
02180,0
02185,1
02188,1
02195,0
02198,0
02220,0
02230,0
02240,1
02261,1
02275,0
02282,0
02290,1
04001,1
04003,1
04005,1
04007,1
04009,1
04011,1
04012,1
04013,1
04015,1
04017,1
04019,1
04021,1
04023,1
04025,1
04027,1
05001,1
05003,0
05005,0
05007,1
05009,0
05011,0
05013,1
05015,0
05017,0
05019,1
05021,0
05023,1
05025,1
05027,1
05029,1
05031,1
05033,0
05035,1
05037,1
05039,1
05041,1
05043,1
05045,1
05047,0
05049,0
05051,1
05053,1
05055,1
05057,0
05059,1
05061,0
05063,0
05065,0
05067,1
05069,1
05071,0
05073,0
05075,1
05077,1
05079,1
05081,1
05083,0
05085,1
05087,0
05089,0
05091,1
05093,1
05095,1
05097,1
05099,0
05101,0
05103,0
05105,1
05107,1
05109,1
05111,1
05113,0
05115,1
05117,1
05119,1
05121,0
05123,1
05125,1
05127,0
05129,1
05131,0
05133,0
05135,0
05137,1
05139,0
05141,1
05143,1
05145,1
05147,1
05149,1
06001,1
06003,1
06005,1
06007,1
06009,1
06011,1
06013,1
06015,1
06017,1
06019,1
06021,1
06023,1
06025,1
06027,1
06029,1
06031,1
06033,1
06035,1
06037,1
06039,1
06041,1
06043,1
06045,1
06047,1
06049,0
06051,1
06053,1
06055,1
06057,1
06059,1
06061,1
06063,1
06065,1
06067,1
06069,1
06071,1
06073,1
06075,1
06077,1
06079,1
06081,1
06083,1
06085,1
06087,1
06089,1
06091,0
06093,1
06095,1
06097,1
06099,1
06101,1
06103,1
06105,1
06107,1
06109,1
06111,1
06113,1
06115,1
08001,1
08003,0
08005,1
08007,0
08009,0
08011,0
08013,1
08014,1
08015,1
08017,1
08019,1
08021,0
08023,0
08025,1
08027,1
08029,1
08031,1
08033,0
08035,1
08037,1
08039,1
08041,1
08043,1
08045,1
08047,1
08049,1
08051,1
08053,1
08055,1
08057,1
08059,1
08061,0
08063,1
08065,1
08067,0
08069,1
08071,1
08073,1
08075,1
08077,1
08079,0
08081,1
08083,1
08085,1
08087,1
08089,1
08091,1
08093,1
08095,0
08097,1
08099,1
08101,1
08103,1
08105,0
08107,1
08109,0
08111,0
08113,1
08115,0
08117,1
08119,1
08121,1
08123,1
08125,1
09001,1
09003,1
09005,1
09007,1
09009,1
09011,1
09013,1
09015,1
10001,1
10003,1
10005,1
11001,1
12001,1
12003,1
12005,1
12007,1
12009,1
12011,1
12013,1
12015,1
12017,1
12019,1
12021,1
12023,1
12027,1
12029,1
12031,1
12033,1
12035,1
12037,1
12039,1
12041,1
12043,1
12045,1
12047,1
12049,1
12051,1
12053,1
12055,1
12057,1
12059,1
12061,1
12063,1
12065,1
12067,1
12069,1
12071,1
12073,1
12075,1
12077,1
12079,1
12081,1
12083,1
12085,1
12086,1
12087,1
12089,1
12091,1
12093,1
12095,1
12097,1
12099,1
12101,1
12103,1
12105,1
12107,1
12109,1
12111,1
12113,1
12115,1
12117,1
12119,1
12121,1
12123,1
12125,1
12127,1
12129,1
12131,1
12133,1
13001,0
13003,1
13005,0
13007,1
13009,1
13011,1
13013,1
13015,1
13017,1
13019,1
13021,1
13023,1
13025,1
13027,1
13029,1
13031,0
13033,1
13035,1
13037,1
13039,1
13043,0
13045,1
13047,1
13049,1
13051,0
13053,1
13055,1
13057,1
13059,1
13061,1
13063,1
13065,1
13067,1
13069,1
13071,1
13073,1
13075,1
13077,1
13079,1
13081,1
13083,1
13085,1
13087,1
13089,1
13091,0
13093,1
13095,1
13097,1
13099,1
13101,1
13103,1
13105,1
13107,0
13109,0
13111,1
13113,1
13115,1
13117,1
13119,1
13121,1
13123,1
13125,0
13127,1
13129,1
13131,1
13133,1
13135,1
13137,1
13139,1
13141,1
13143,1
13145,1
13147,1
13149,1
13151,1
13153,1
13155,1
13157,1
13159,1
13161,0
13163,1
13165,0
13167,0
13169,1
13171,1
13173,1
13175,0
13177,1
13179,1
13181,1
13183,0
13185,1
13187,1
13189,1
13191,1
13193,1
13195,1
13197,1
13199,1
13201,1
13205,1
13207,1
13209,0
13211,1
13213,1
13215,1
13217,1
13219,1
13221,1
13223,1
13225,1
13227,1
13229,1
13231,1
13233,1
13235,0
13237,1
13239,0
13241,1
13243,1
13245,1
13247,1
13249,1
13251,0
13253,1
13255,1
13257,1
13259,1
13261,1
13263,1
13265,0
13267,0
13269,1
13271,0
13273,1
13275,1
13277,1
13279,0
13281,0
13283,0
13285,1
13287,1
13289,1
13291,1
13293,1
13295,1
13297,1
13299,1
13301,1
13303,1
13305,0
13307,1
13309,0
13311,1
13313,1
13315,1
13317,1
13319,1
13321,1
15001,1
15003,1
15005,0
15007,1
15009,1
16001,1
16003,0
16005,0
16007,0
16009,1
16011,0
16013,0
16015,1
16017,1
16019,0
16021,1
16023,0
16025,0
16027,1
16029,0
16031,0
16033,0
16035,0
16037,0
16039,1
16041,1
16043,0
16045,1
16047,0
16049,0
16051,0
16053,0
16055,1
16057,1
16059,0
16061,0
16063,0
16065,0
16067,0
16069,1
16071,0
16073,1
16075,1
16077,0
16079,1
16081,0
16083,0
16085,0
16087,0
17001,0
17003,0
17005,1
17007,1
17009,0
17011,1
17013,1
17015,1
17017,1
17019,1
17021,1
17023,1
17025,0
17027,1
17029,1
17031,1
17033,1
17035,1
17037,1
17039,1
17041,1
17043,1
17045,1
17047,0
17049,1
17051,1
17053,1
17055,1
17057,1
17059,0
17061,1
17063,1
17065,0
17067,1
17069,0
17071,1
17073,1
17075,1
17077,1
17079,0
17081,1
17083,1
17085,1
17087,1
17089,1
17091,1
17093,1
17095,1
17097,1
17099,1
17101,1
17103,1
17105,1
17107,1
17109,1
17111,1
17113,1
17115,0
17117,1
17119,1
17121,1
17123,1
17125,1
17127,0
17129,1
17131,1
17133,1
17135,1
17137,1
17139,1
17141,1
17143,1
17145,1
17147,1
17149,1
17151,0
17153,0
17155,1
17157,1
17159,0
17161,1
17163,1
17165,0
17167,1
17169,0
17171,0
17173,1
17175,1
17177,1
17179,1
17181,1
17183,1
17185,0
17187,1
17189,1
17191,0
17193,0
17195,1
17197,1
17199,0
17201,1
17203,1
18001,1
18003,1
18005,1
18007,1
18009,1
18011,1
18013,1
18015,1
18017,1
18019,1
18021,1
18023,1
18025,1
18027,1
18029,1
18031,1
18033,1
18035,1
18037,0
18039,1
18041,0
18043,1
18045,1
18047,1
18049,1
18051,0
18053,1
18055,1
18057,1
18059,1
18061,1
18063,1
18065,1
18067,1
18069,1
18071,1
18073,1
18075,1
18077,1
18079,1
18081,1
18083,0
18085,1
18087,1
18089,1
18091,1
18093,1
18095,1
18097,1
18099,1
18101,1
18103,1
18105,1
18107,1
18109,1
18111,1
18113,1
18115,1
18117,1
18119,1
18121,1
18123,0
18125,0
18127,1
18129,1
18131,1
18133,1
18135,1
18137,1
18139,1
18141,1
18143,1
18145,1
18147,1
18149,1
18151,1
18153,1
18155,1
18157,1
18159,1
18161,1
18163,0
18165,1
18167,1
18169,1
18171,1
18173,0
18175,1
18177,1
18179,1
18181,1
18183,1
19001,1
19003,0
19005,1
19007,0
19009,1
19011,1
19013,1
19015,1
19017,1
19019,1
19021,0
19023,1
19025,0
19027,1
19029,1
19031,1
19033,0
19035,0
19037,1
19039,1
19041,0
19043,1
19045,1
19047,1
19049,1
19051,0
19053,0
19055,1
19057,1
19059,0
19061,1
19063,1
19065,1
19067,1
19069,0
19071,1
19073,0
19075,1
19077,1
19079,1
19081,0
19083,1
19085,1
19087,1
19089,1
19091,0
19093,1
19095,1
19097,1
19099,1
19101,1
19103,1
19105,1
19107,1
19109,1
19111,1
19113,1
19115,1
19117,0
19119,1
19121,1
19123,1
19125,1
19127,1
19129,1
19131,1
19133,1
19135,1
19137,0
19139,1
19141,1
19143,0
19145,0
19147,0
19149,1
19151,0
19153,1
19155,1
19157,1
19159,0
19161,0
19163,1
19165,1
19167,1
19169,1
19171,1
19173,0
19175,0
19177,1
19179,1
19181,1
19183,1
19185,0
19187,0
19189,1
19191,1
19193,0
19195,1
19197,0
20001,1
20003,1
20005,1
20007,0
20009,0
20011,0
20013,0
20015,1
20017,0
20019,0
20021,1
20023,0
20025,0
20027,0
20029,0
20031,1
20033,0
20035,1
20037,0
20039,0
20041,0
20043,1
20045,1
20047,0
20049,0
20051,0
20053,0
20055,0
20057,0
20059,1
20061,0
20063,0
20065,0
20067,0
20069,0
20071,0
20073,1
20075,0
20077,1
20079,1
20081,0
20083,0
20085,1
20087,1
20089,0
20091,1
20093,0
20095,1
20097,0
20099,0
20101,0
20103,1
20105,0
20107,1
20109,0
20111,1
20113,1
20115,1
20117,0
20119,0
20121,1
20123,0
20125,1
20127,0
20129,0
20131,1
20133,0
20135,0
20137,0
20139,1
20141,0
20143,0
20145,0
20147,0
20149,1
20151,0
20153,0
20155,1
20157,0
20159,1
20161,1
20163,0
20165,0
20167,0
20169,0
20171,0
20173,1
20175,0
20177,1
20179,0
20181,0
20183,0
20185,0
20187,0
20189,0
20191,1
20193,0
20195,0
20197,1
20199,0
20201,0
20203,0
20205,0
20207,0
20209,1
21001,0
21003,1
21005,1
21007,0
21009,0
21011,1
21013,1
21015,1
21017,1
21019,0
21021,1
21023,1
21025,0
21027,1
21029,1
21031,1
21033,1
21035,0
21037,1
21039,0
21041,1
21043,1
21045,1
21047,1
21049,1
21051,0
21053,0
21055,0
21057,0
21059,0
21061,1
21063,0
21065,1
21067,1
21069,1
21071,0
21073,1
21075,0
21077,1
21079,1
21081,1
21083,0
21085,1
21087,0
21089,0
21091,0
21093,1
21095,0
21097,1
21099,1
21101,0
21103,1
21105,0
21107,0
21109,1
21111,1
21113,1
21115,0
21117,0
21119,0
21121,0
21123,1
21125,1
21127,0
21129,0
21131,0
21133,0
21135,1
21137,1
21139,0
21141,1
21143,0
21145,0
21147,0
21149,0
21151,1
21153,0
21155,1
21157,0
21159,0
21161,1
21163,1
21165,1
21167,1
21169,0
21171,0
21173,1
21175,1
21177,0
21179,1
21181,1
21183,0
21185,1
21187,1
21189,0
21191,1
21193,0
21195,0
21197,1
21199,0
21201,1
21203,1
21205,1
21207,0
21209,1
21211,1
21213,1
21215,1
21217,0
21219,1
21221,1
21223,1
21225,0
21227,1
21229,1
21231,0
21233,0
21235,0
21237,0
21239,1
22001,1
22003,1
22005,1
22007,1
22009,1
22011,1
22013,1
22015,1
22017,1
22019,1
22021,1
22023,1
22025,1
22027,1
22029,1
22031,1
22033,1
22035,0
22037,1
22039,1
22041,1
22043,1
22045,1
22047,1
22049,1
22051,1
22053,1
22055,1
22057,1
22059,1
22061,1
22063,1
22065,1
22067,1
22069,1
22071,1
22073,1
22075,1
22077,1
22079,1
22081,1
22083,1
22085,1
22087,1
22089,1
22091,1
22093,1
22095,1
22097,1
22099,1
22101,1
22103,1
22105,1
22107,0
22109,1
22111,1
22113,1
22115,1
22117,1
22119,1
22121,1
22123,1
22125,1
22127,0
23001,1
23003,0
23005,1
23007,1
23009,1
23011,1
23013,1
23015,1
23017,1
23019,1
23021,1
23023,1
23025,1
23027,1
23029,1
23031,1
24001,1
24003,1
24005,1
24009,1
24011,1
24013,1
24015,1
24017,1
24019,1
24021,1
24023,1
24025,1
24027,1
24029,1
24031,1
24033,1
24035,1
24037,1
24039,1
24041,1
24043,1
24045,1
24047,1
24510,1
25001,1
25003,1
25005,1
25007,1
25009,1
25011,1
25013,1
25015,1
25017,1
25019,1
25021,1
25023,1
25025,1
25027,1
26001,1
26003,0
26005,1
26007,1
26009,1
26011,1
26013,0
26015,1
26017,1
26019,1
26021,1
26023,1
26025,1
26027,1
26029,1
26031,1
26033,1
26035,1
26037,1
26039,1
26041,0
26043,0
26045,1
26047,1
26049,1
26051,1
26053,0
26055,1
26057,1
26059,1
26061,1
26063,1
26065,1
26067,1
26069,1
26071,0
26073,1
26075,1
26077,1
26079,1
26081,1
26083,0
26085,1
26087,1
26089,1
26091,1
26093,1
26095,0
26097,1
26099,1
26101,1
26103,1
26105,1
26107,1
26109,1
26111,1
26113,1
26115,1
26117,1
26119,1
26121,1
26123,1
26125,1
26127,1
26129,1
26131,0
26133,1
26135,1
26137,1
26139,1
26141,1
26143,1
26145,1
26147,1
26149,1
26151,1
26153,0
26155,1
26157,1
26159,1
26161,1
26163,1
26165,1
27001,1
27003,1
27005,0
27007,0
27009,1
27011,0
27013,1
27015,1
27017,0
27019,1
27021,1
27023,0
27025,1
27027,1
27029,0
27031,0
27033,1
27035,1
27037,1
27039,1
27041,1
27043,1
27045,1
27047,1
27049,1
27051,0
27053,1
27055,1
27057,0
27059,1
27061,0
27063,1
27065,1
27067,1
27069,0
27071,0
27073,0
27075,0
27077,0
27079,1
27081,0
27083,0
27085,1
27087,0
27089,0
27091,1
27093,1
27095,1
27097,1
27099,1
27101,0
27103,1
27105,0
27107,0
27109,1
27111,1
27113,0
27115,1
27117,1
27119,0
27121,0
27123,1
27125,0
27127,0
27129,0
27131,1
27133,1
27135,0
27137,0
27139,1
27141,1
27143,1
27145,1
27147,1
27149,0
27151,0
27153,1
27155,0
27157,1
27159,0
27161,1
27163,1
27165,1
27167,0
27169,1
27171,1
27173,0
28001,1
28003,1
28005,1
28007,1
28009,1
28011,1
28013,1
28015,1
28017,1
28019,0
28021,1
28023,0
28025,0
28027,1
28029,1
28031,1
28033,1
28035,1
28037,1
28039,1
28041,1
28043,1
28045,1
28047,1
28049,1
28051,1
28053,0
28055,0
28057,1
28059,1
28061,1
28063,1
28065,1
28067,1
28069,0
28071,1
28073,1
28075,0
28077,1
28079,1
28081,0
28083,1
28085,1
28087,1
28089,1
28091,1
28093,1
28095,0
28097,1
28099,1
28101,1
28103,1
28105,1
28107,1
28109,1
28111,1
28113,1
28115,1
28117,0
28119,1
28121,1
28123,1
28125,0
28127,1
28129,1
28131,1
28133,1
28135,1
28137,1
28139,1
28141,1
28143,1
28145,1
28147,1
28149,1
28151,1
28153,1
28155,0
28157,1
28159,0
28161,1
28163,1
29001,0
29003,1
29005,0
29007,1
29009,1
29011,0
29013,1
29015,1
29017,1
29019,0
29021,1
29023,0
29025,1
29027,1
29029,1
29031,0
29033,1
29035,0
29037,1
29039,1
29041,1
29043,1
29045,0
29047,1
29049,1
29051,1
29053,1
29055,1
29057,1
29059,1
29061,1
29063,1
29065,1
29067,1
29069,0
29071,1
29073,1
29075,1
29077,1
29079,0
29081,1
29083,1
29085,1
29087,1
29089,0
29091,0
29093,1
29095,1
29097,0
29099,1
29101,1
29103,0
29105,1
29107,1
29109,1
29111,1
29113,1
29115,1
29117,0
29119,1
29121,1
29123,1
29125,1
29127,1
29129,0
29131,1
29133,0
29135,1
29137,0
29139,1
29141,1
29143,0
29145,1
29147,1
29149,0
29151,1
29153,1
29155,0
29157,1
29159,1
29161,1
29163,1
29165,1
29167,1
29169,1
29171,0
29173,1
29175,0
29177,1
29179,1
29181,0
29183,1
29185,1
29186,1
29187,1
29189,1
29195,1
29197,0
29199,0
29201,0
29203,0
29205,0
29207,0
29209,1
29211,0
29213,1
29215,1
29217,1
29219,1
29221,1
29223,0
29225,1
29227,0
29229,1
29510,1
30001,1
30003,1
30005,0
30007,1
30009,1
30011,0
30013,0
30015,0
30017,0
30019,0
30021,0
30023,1
30025,0
30027,0
30029,0
30031,1
30033,0
30035,0
30037,0
30039,0
30041,0
30043,1
30045,0
30047,0
30049,1
30051,0
30053,1
30055,0
30057,1
30059,1
30061,0
30063,0
30065,1
30067,1
30069,0
30071,0
30073,0
30075,0
30077,1
30079,0
30081,1
30083,0
30085,0
30087,1
30089,0
30091,1
30093,1
30095,1
30097,1
30099,0
30101,0
30103,0
30105,0
30107,0
30109,0
30111,1
31001,0
31003,1
31005,0
31007,0
31009,0
31011,0
31013,0
31015,1
31017,0
31019,0
31021,1
31023,0
31025,1
31027,1
31029,0
31031,0
31033,0
31035,0
31037,0
31039,0
31041,0
31043,1
31045,0
31047,0
31049,0
31051,0
31053,1
31055,1
31057,0
31059,0
31061,0
31063,0
31065,0
31067,0
31069,0
31071,0
31073,0
31075,0
31077,0
31079,0
31081,0
31083,0
31085,0
31087,0
31089,1
31091,0
31093,0
31095,0
31097,0
31099,0
31101,0
31103,0
31105,1
31107,1
31109,0
31111,0
31113,0
31115,0
31117,0
31119,0
31121,0
31123,0
31125,0
31127,0
31129,0
31131,1
31133,0
31135,0
31137,0
31139,1
31141,0
31143,0
31145,0
31147,0
31149,0
31151,0
31153,1
31155,1
31157,0
31159,0
31161,0
31163,0
31165,0
31167,0
31169,0
31171,0
31173,0
31175,0
31177,1
31179,1
31181,0
31183,0
31185,0
32001,0
32003,1
32005,1
32007,1
32009,0
32011,0
32013,0
32015,0
32017,1
32019,1
32021,0
32023,1
32027,0
32029,1
32031,1
32033,0
32510,1
33001,1
33003,1
33005,1
33007,1
33009,1
33011,1
33013,1
33015,1
33017,1
33019,1
34001,1
34003,1
34005,1
34007,1
34009,1
34011,1
34013,1
34015,1
34017,1
34019,1
34021,1
34023,1
34025,1
34027,1
34029,1
34031,1
34033,1
34035,1
34037,1
34039,1
34041,1
35001,1
35003,0
35005,0
35006,1
35007,0
35009,0
35011,0
35013,1
35015,0
35017,1
35019,1
35021,0
35023,0
35025,0
35027,0
35028,1
35029,0
35031,1
35033,0
35035,0
35037,0
35039,1
35041,0
35043,1
35045,1
35047,1
35049,1
35051,1
35053,1
35055,1
35057,1
35059,0
35061,1
36001,1
36003,1
36005,1
36007,1
36009,1
36011,1
36013,1
36015,1
36017,1
36019,1
36021,1
36023,1
36025,1
36027,1
36029,1
36031,1
36033,1
36035,1
36037,1
36039,1
36041,1
36043,1
36045,1
36047,1
36049,1
36051,1
36053,1
36055,1
36057,1
36059,1
36061,1
36063,1
36065,1
36067,1
36069,1
36071,1
36073,1
36075,1
36077,1
36079,1
36081,1
36083,1
36085,1
36087,1
36089,1
36091,1
36093,1
36095,1
36097,1
36099,1
36101,1
36103,1
36105,1
36107,1
36109,1
36111,1
36113,1
36115,1
36117,1
36119,1
36121,1
36123,1
37001,1
37003,1
37005,0
37007,1
37009,1
37011,0
37013,1
37015,1
37017,1
37019,1
37021,0
37023,1
37025,1
37027,1
37029,1
37031,1
37033,1
37035,1
37037,1
37039,1
37041,0
37043,0
37045,1
37047,1
37049,1
37051,1
37053,1
37055,1
37057,1
37059,1
37061,1
37063,1
37065,1
37067,1
37069,1
37071,1
37073,1
37075,0
37077,1
37079,1
37081,1
37083,1
37085,1
37087,0
37089,1
37091,0
37093,1
37095,1
37097,1
37099,0
37101,1
37103,1
37105,1
37107,1
37109,1
37111,0
37113,0
37115,0
37117,1
37119,1
37121,0
37123,1
37125,1
37127,1
37129,1
37131,1
37133,1
37135,1
37137,1
37139,1
37141,1
37143,1
37145,1
37147,1
37149,1
37151,1
37153,1
37155,1
37157,1
37159,1
37161,1
37163,1
37165,1
37167,1
37169,1
37171,1
37173,0
37175,0
37177,0
37179,1
37181,1
37183,1
37185,1
37187,1
37189,1
37191,1
37193,1
37195,1
37197,1
37199,0
38001,0
38003,0
38005,0
38007,0
38009,0
38011,0
38013,0
38015,0
38017,0
38019,0
38021,0
38023,0
38025,0
38027,0
38029,0
38031,0
38033,0
38035,0
38037,0
38039,0
38041,0
38043,0
38045,0
38047,0
38049,0
38051,0
38053,0
38055,0
38057,0
38059,0
38061,0
38063,0
38065,0
38067,0
38069,0
38071,0
38073,0
38075,0
38077,0
38079,0
38081,0
38083,0
38085,0
38087,0
38089,1
38091,0
38093,0
38095,0
38097,0
38099,0
38101,0
38103,0
38105,1
39001,1
39003,0
39005,1
39007,1
39009,1
39011,1
39013,1
39015,1
39017,1
39019,1
39021,1
39023,1
39025,1
39027,1
39029,1
39031,1
39033,1
39035,1
39037,1
39039,1
39041,1
39043,1
39045,1
39047,1
39049,1
39051,1
39053,0
39055,1
39057,1
39059,1
39061,0
39063,1
39065,1
39067,1
39069,1
39071,1
39073,1
39075,1
39077,1
39079,0
39081,1
39083,1
39085,1
39087,0
39089,1
39091,0
39093,1
39095,1
39097,1
39099,1
39101,1
39103,1
39105,0
39107,1
39109,1
39111,1
39113,0
39115,1
39117,1
39119,1
39121,1
39123,1
39125,1
39127,1
39129,1
39131,0
39133,1
39135,1
39137,1
39139,1
39141,1
39143,1
39145,0
39147,1
39149,1
39151,1
39153,1
39155,1
39157,1
39159,1
39161,1
39163,0
39165,1
39167,0
39169,1
39171,1
39173,1
39175,1
40001,1
40003,0
40005,1
40007,0
40009,1
40011,1
40013,1
40015,1
40017,1
40019,1
40021,1
40023,0
40025,0
40027,1
40029,0
40031,0
40033,1
40035,1
40037,1
40039,1
40041,1
40043,0
40045,0
40047,0
40049,1
40051,1
40053,0
40055,1
40057,0
40059,0
40061,1
40063,1
40065,1
40067,0
40069,0
40071,1
40073,1
40075,1
40077,1
40079,1
40081,1
40083,1
40085,1
40087,1
40089,0
40091,1
40093,1
40095,1
40097,1
40099,1
40101,1
40103,1
40105,1
40107,1
40109,1
40111,1
40113,1
40115,1
40117,1
40119,1
40121,1
40123,1
40125,1
40127,0
40129,0
40131,1
40133,1
40135,1
40137,1
40139,0
40141,0
40143,1
40145,1
40147,1
40149,1
40151,0
40153,0
41001,0
41003,1
41005,1
41007,1
41009,1
41011,0
41013,1
41015,1
41017,1
41019,1
41021,0
41023,0
41025,0
41027,1
41029,1
41031,1
41033,1
41035,1
41037,0
41039,1
41041,1
41043,1
41045,0
41047,1
41049,1
41051,1
41053,1
41055,0
41057,1
41059,1
41061,1
41063,0
41065,1
41067,1
41069,0
41071,1
42001,1
42003,1
42005,1
42007,1
42009,1
42011,1
42013,0
42015,1
42017,1
42019,1
42021,1
42023,0
42025,1
42027,1
42029,1
42031,1
42033,1
42035,1
42037,1
42039,1
42041,1
42043,1
42045,1
42047,0
42049,1
42051,1
42053,0
42055,1
42057,1
42059,1
42061,1
42063,1
42065,1
42067,1
42069,1
42071,1
42073,1
42075,1
42077,1
42079,1
42081,1
42083,0
42085,1
42087,1
42089,1
42091,1
42093,0
42095,1
42097,1
42099,1
42101,1
42103,1
42105,1
42107,1
42109,1
42111,1
42113,1
42115,1
42117,1
42119,1
42121,1
42123,1
42125,1
42127,1
42129,1
42131,1
42133,1
44001,1
44003,1
44005,1
44007,1
44009,1
45001,1
45003,1
45005,1
45007,1
45009,1
45011,1
45013,1
45015,1
45017,1
45019,1
45021,1
45023,1
45025,1
45027,1
45029,1
45031,1
45033,1
45035,1
45037,1
45039,1
45041,1
45043,1
45045,1
45047,0
45049,1
45051,1
45053,1
45055,1
45057,1
45059,1
45061,1
45063,1
45065,1
45067,1
45069,1
45071,1
45073,1
45075,1
45077,1
45079,1
45081,1
45083,1
45085,1
45087,1
45089,1
45091,1
46003,1
46005,1
46007,0
46009,1
46011,1
46013,0
46015,0
46017,0
46019,1
46021,0
46023,1
46025,0
46027,1
46029,0
46031,0
46033,1
46035,1
46037,0
46039,0
46041,0
46043,1
46045,0
46047,0
46049,0
46051,0
46053,1
46055,0
46057,0
46059,0
46061,1
46063,0
46065,0
46067,1
46069,0
46071,0
46073,1
46075,0
46077,1
46079,1
46081,1
46083,1
46085,0
46087,1
46089,0
46091,0
46093,1
46095,0
46097,1
46099,1
46101,1
46102,0
46103,1
46105,0
46107,0
46109,0
46111,1
46115,1
46117,0
46119,0
46121,0
46123,0
46125,1
46127,1
46129,0
46135,1
46137,0
47001,1
47003,1
47005,1
47007,1
47009,1
47011,1
47013,1
47015,1
47017,1
47019,1
47021,1
47023,1
47025,1
47027,1
47029,1
47031,1
47033,1
47035,1
47037,1
47039,0
47041,1
47043,1
47045,1
47047,1
47049,1
47051,1
47053,1
47055,1
47057,1
47059,1
47061,1
47063,1
47065,0
47067,1
47069,1
47071,1
47073,1
47075,1
47077,1
47079,0
47081,1
47083,1
47085,1
47087,1
47089,1
47091,1
47093,1
47095,1
47097,1
47099,1
47101,1
47103,1
47105,1
47107,1
47109,1
47111,1
47113,1
47115,1
47117,1
47119,1
47121,1
47123,1
47125,1
47127,1
47129,1
47131,1
47133,1
47135,1
47137,1
47139,1
47141,1
47143,1
47145,1
47147,1
47149,1
47151,1
47153,1
47155,1
47157,1
47159,1
47161,1
47163,1
47165,1
47167,1
47169,1
47171,1
47173,1
47175,1
47177,1
47179,1
47181,1
47183,1
47185,1
47187,1
47189,1
48001,1
48003,0
48005,0
48007,1
48009,0
48011,0
48013,1
48015,1
48017,0
48019,1
48021,1
48023,0
48025,0
48027,1
48029,1
48031,1
48033,0
48035,1
48037,0
48039,1
48041,1
48043,0
48045,0
48047,0
48049,0
48051,1
48053,1
48055,1
48057,1
48059,0
48061,1
48063,1
48065,0
48067,1
48069,0
48071,1
48073,1
48075,0
48077,1
48079,0
48081,0
48083,0
48085,1
48087,0
48089,1
48091,1
48093,1
48095,0
48097,1
48099,1
48101,0
48103,0
48105,0
48107,0
48109,0
48111,0
48113,1
48115,0
48117,0
48119,1
48121,1
48123,0
48125,0
48127,0
48129,0
48131,0
48133,1
48135,1
48137,0
48139,1
48141,1
48143,1
48145,1
48147,1
48149,1
48151,0
48153,0
48155,0
48157,1
48159,1
48161,1
48163,1
48165,0
48167,1
48169,0
48171,1
48173,0
48175,0
48177,1
48179,0
48181,1
48183,1
48185,1
48187,1
48189,0
48191,0
48193,1
48195,0
48197,0
48199,1
48201,1
48203,1
48205,0
48207,0
48209,1
48211,0
48213,1
48215,0
48217,1
48219,1
48221,1
48223,1
48225,1
48227,0
48229,0
48231,1
48233,0
48235,0
48237,1
48239,1
48241,1
48243,0
48245,1
48247,0
48249,0
48251,1
48253,0
48255,1
48257,1
48259,1
48261,0
48263,0
48265,1
48267,0
48269,0
48271,0
48273,0
48275,0
48277,0
48279,0
48281,1
48283,1
48285,1
48287,1
48289,1
48291,1
48293,1
48295,0
48297,1
48299,1
48301,0
48303,1
48305,1
48307,0
48309,1
48311,0
48313,1
48315,1
48317,0
48319,1
48321,1
48323,0
48325,1
48327,0
48329,1
48331,1
48333,0
48335,0
48337,1
48339,1
48341,0
48343,1
48345,0
48347,1
48349,1
48351,1
48353,0
48355,0
48357,0
48359,0
48361,1
48363,1
48365,1
48367,1
48369,0
48371,0
48373,1
48375,0
48377,0
48379,1
48381,1
48383,0
48385,0
48387,1
48389,0
48391,0
48393,0
48395,1
48397,1
48399,0
48401,1
48403,1
48405,1
48407,1
48409,1
48411,0
48413,0
48415,0
48417,0
48419,1
48421,0
48423,1
48425,1
48427,1
48429,0
48431,0
48433,0
48435,0
48437,0
48439,1
48441,0
48443,0
48445,1
48447,0
48449,1
48451,0
48453,1
48455,1
48457,1
48459,1
48461,0
48463,0
48465,0
48467,1
48469,0
48471,1
48473,1
48475,0
48477,1
48479,0
48481,1
48483,0
48485,1
48487,1
48489,1
48491,1
48493,1
48495,0
48497,1
48499,1
48501,0
48503,1
48505,0
48507,0
49001,0
49003,1
49005,1
49007,1
49009,0
49011,1
49013,1
49015,0
49017,0
49019,1
49021,1
49023,1
49025,1
49027,1
49029,1
49031,0
49033,0
49035,1
49037,0
49039,1
49041,1
49043,1
49045,1
49047,1
49049,1
49051,1
49053,1
49055,0
49057,1
50001,1
50003,1
50005,1
50007,1
50009,1
50011,1
50013,1
50015,1
50017,1
50019,1
50021,1
50023,1
50025,1
50027,1
51001,1
51003,1
51005,0
51007,1
51009,1
51011,1
51013,1
51015,1
51017,0
51019,1
51021,0
51023,1
51025,1
51027,0
51029,1
51031,1
51033,1
51035,1
51036,1
51037,1
51041,1
51043,1
51045,0
51047,1
51049,1
51051,0
51053,1
51057,1
51059,1
51061,1
51063,1
51065,1
51067,1
51069,1
51071,0
51073,1
51075,1
51077,1
51079,1
51081,0
51083,1
51085,1
51087,1
51089,1
51091,0
51093,1
51095,1
51097,1
51099,1
51101,1
51103,1
51105,1
51107,1
51109,1
51111,1
51113,1
51115,1
51117,1
51119,1
51121,1
51125,1
51127,1
51131,1
51133,1
51135,1
51137,1
51139,1
51141,1
51143,1
51145,1
51147,1
51149,1
51153,1
51155,0
51157,1
51159,1
51161,1
51163,1
51165,1
51167,0
51169,1
51171,1
51173,0
51175,1
51177,1
51179,1
51181,1
51183,1
51185,0
51187,1
51191,1
51193,1
51195,1
51197,0
51199,1
51510,1
51520,1
51530,1
51540,1
51550,1
51570,1
51580,0
51590,1
51595,0
51600,1
51610,1
51620,0
51630,1
51640,0
51650,1
51660,1
51670,1
51678,1
51680,1
51683,1
51685,1
51690,1
51700,1
51710,1
51720,0
51730,1
51735,1
51740,1
51750,1
51760,1
51770,0
51775,0
51790,1
51800,1
51810,1
51820,1
51830,1
51840,1
53001,1
53003,1
53005,1
53007,1
53009,1
53011,1
53013,1
53015,1
53017,1
53019,1
53021,1
53023,1
53025,1
53027,1
53029,1
53031,1
53033,1
53035,1
53037,1
53039,1
53041,1
53043,1
53045,1
53047,1
53049,1
53051,1
53053,1
53055,1
53057,1
53059,1
53061,1
53063,1
53065,1
53067,1
53069,1
53071,1
53073,1
53075,1
53077,1
54001,0
54003,1
54005,0
54007,1
54009,1
54011,0
54013,0
54015,0
54017,0
54019,0
54021,0
54023,0
54025,0
54027,1
54029,1
54031,1
54033,0
54035,0
54037,1
54039,0
54041,0
54043,0
54045,0
54047,0
54049,0
54051,1
54053,0
54055,0
54057,1
54059,0
54061,0
54063,0
54065,1
54067,0
54069,1
54071,1
54073,0
54075,0
54077,1
54079,0
54081,0
54083,0
54085,0
54087,0
54089,0
54091,0
54093,0
54095,0
54097,0
54099,0
54101,0
54103,1
54105,0
54107,0
54109,0
55001,1
55003,0
55005,1
55007,0
55009,1
55011,1
55013,1
55015,1
55017,1
55019,1
55021,1
55023,1
55025,1
55027,1
55029,1
55031,1
55033,1
55035,1
55037,0
55039,1
55041,0
55043,1
55045,1
55047,1
55049,1
55051,0
55053,1
55055,1
55057,1
55059,1
55061,1
55063,1
55065,1
55067,0
55069,1
55071,1
55073,0
55075,1
55077,1
55078,0
55079,1
55081,1
55083,1
55085,0
55087,1
55089,1
55091,1
55093,1
55095,1
55097,1
55099,0
55101,1
55103,1
55105,1
55107,0
55109,1
55111,1
55113,1
55115,1
55117,1
55119,0
55121,1
55123,1
55125,1
55127,1
55129,0
55131,1
55133,1
55135,1
55137,1
55139,1
55141,0
56001,1
56003,0
56005,1
56007,0
56009,1
56011,0
56013,1
56015,0
56017,0
56019,0
56021,1
56023,0
56025,1
56027,0
56029,1
56031,1
56033,0
56035,1
56037,1
56039,0
56041,1
56043,0
56045,0
