fips,Scenario_1_sum,Scenario_1_diff,Scenario_2_sum,Scenario_2_diff,Scenario_3_sum,Scenario_3_diff
01001,1803,-97,1923,-82,1813,-95
01003,1755,-205,1795,-199,1759,-205
01005,244,-15,242,-13,242,-13
01007,229,-25,235,-23,227,-25
01009,639,-58,659,-54,638,-57
01011,66,-6,67,-6,67,-6
01013,290,-23,307,-20,295,-23
01015,1785,-142,1847,-130,1793,-139
01017,222,-23,232,-22,221,-24
01019,227,-28,228,-28,228,-28
01021,540,-49,563,-45,539,-49
01023,166,-16,166,-15,168,-17
01025,225,-27,227,-26,221,-27
01027,193,-22,201,-21,198,-22
01029,226,-21,234,-19,227,-21
01031,458,-58,470,-57,457,-58
01033,755,-97,762,-96,752,-97
01035,108,-13,108,-13,106,-13
01037,167,-13,171,-13,167,-12
01039,1831,-132,1931,-121,1839,-134
01041,266,-19,272,-17,263,-17
01043,1354,-136,1409,-128,1353,-136
01045,392,-42,407,-39,393,-42
01047,377,-44,386,-42,378,-44
01049,653,-86,660,-85,654,-86
01051,1422,-113,1500,-102,1423,-113
01053,273,-34,278,-33,271,-34
01055,1055,-132,1074,-129,1049,-133
01057,184,-23,185,-23,182,-24
01059,648,-63,675,-59,652,-63
01061,331,-31,334,-29,330,-30
01063,77,-7,80,-6,79,-6
01065,130,-15,131,-14,129,-15
01067,171,-20,175,-19,172,-20
01069,879,-96,907,-92,885,-96
01071,873,-96,907,-90,881,-95
01073,6345,-667,6583,-626,6352,-668
01075,144,-19,143,-19,144,-19
01077,1114,-130,1139,-125,1111,-129
01079,427,-46,438,-45,426,-47
01081,1571,-128,1621,-121,1579,-128
01083,965,-112,991,-107,968,-111
01085,176,-8,191,-6,181,-7
01087,238,-16,247,-14,236,-16
01089,4412,-433,4613,-403,4414,-434
01091,145,-14,144,-14,142,-14
01093,350,-40,360,-39,349,-40
01095,1381,-160,1421,-153,1389,-159
01097,3052,-339,3166,-322,3055,-338
01099,294,-30,293,-30,300,-29
01101,4680,-287,4940,-244,4687,-277
01103,1561,-177,1607,-169,1566,-177
01105,94,-8,97,-7,96,-7
01107,109,-18,109,-18,109,-18
01109,344,-39,349,-38,344,-40
01111,226,-19,232,-18,228,-20
01113,402,-39,414,-37,405,-39
01115,808,-94,824,-91,803,-94
01117,2457,-265,2527,-252,2454,-264
01119,120,-16,120,-16,119,-16
01121,733,-92,733,-92,736,-92
01123,341,-42,344,-42,344,-42
01125,1430,-199,1432,-198,1427,-199
01127,1495,-160,1555,-150,1511,-158
01129,103,-14,103,-14,103,-14
01131,119,-13,122,-12,119,-13
01133,542,-61,561,-58,547,-60
02013,110,-4,123,-2,111,-4
02016,82,-7,85,-6,81,-7
02020,5372,-544,5590,-505,5361,-542
02050,1236,-19,1301,-9,1231,-19
02060,0,0,0,0,0,0
02068,0,0,0,0,0,0
02070,307,-6,322,-1,299,-5
02090,2700,-200,2834,-177,2718,-198
02100,39,1,41,1,38,0
02105,0,0,0,0,0,0
02110,659,-45,697,-39,657,-46
02122,2044,-82,2170,-66,2057,-79
02130,549,-23,569,-18,539,-21
02150,330,-17,338,-16,336,-17
02158,475,-17,512,-13,478,-17
02164,24,-2,27,-1,23,-2
02170,3800,-177,3979,-151,3809,-175
02180,933,-49,1000,-41,948,-48
02185,801,-10,845,-2,800,-10
02188,474,-23,510,-18,472,-23
02195,0,0,0,0,0,0
02198,213,-8,225,-6,217,-8
02220,228,-12,241,-9,226,-11
02230,0,0,0,0,0,0
02240,363,-4,387,-1,372,-4
02261,0,0,0,0,0,0
02275,14,-2,15,-2,15,-2
02282,0,0,0,0,0,0
02290,48,-2,54,-1,47,-2
04001,1558,-91,1572,-89,1563,-89
04003,2216,-209,2320,-195,2222,-209
04005,1604,-188,1654,-181,1605,-189
04007,1321,-76,1437,-58,1332,-75
04009,1378,-26,1379,-29,1394,-19
04011,147,-10,155,-9,149,-10
04012,277,-20,285,-19,281,-20
04013,52716,-4919,55019,-4516,52785,-4930
04015,2509,-280,2587,-264,2498,-278
04017,1406,-151,1443,-147,1409,-150
04019,15246,-1189,15891,-1067,15233,-1183
04021,5840,-650,5904,-643,5820,-652
04023,1206,-120,1251,-111,1198,-120
04025,2986,-193,3116,-169,2994,-190
04027,2223,-301,2240,-299,2218,-301
05001,180,-20,184,-19,181,-19
05003,299,-18,313,-15,300,-17
05005,300,-28,307,-27,299,-28
05007,2600,-249,2701,-232,2594,-250
05009,391,-31,405,-31,387,-32
05011,154,-10,161,-9,153,-10
05013,58,-3,61,-2,57,-3
05015,338,-8,327,-9,332,-6
05017,131,-3,136,-2,128,-3
05019,200,-13,215,-11,202,-13
05021,207,-13,219,-10,212,-11
05023,234,-23,240,-22,232,-24
05025,83,-9,86,-9,83,-9
05027,269,-8,276,-7,273,-9
05029,228,-16,236,-15,230,-16
05031,1191,-83,1253,-72,1191,-82
05033,524,-49,546,-45,528,-48
05035,369,-26,406,-20,376,-26
05037,179,-13,181,-12,178,-13
05039,42,-5,43,-4,44,-4
05041,89,-9,91,-8,86,-8
05043,189,-10,195,-9,191,-11
05045,1151,-123,1204,-114,1148,-124
05047,141,-6,142,-7,145,-6
05049,119,-10,119,-10,119,-10
05051,3106,-26,3265,-6,3118,-30
05053,180,-9,183,-9,177,-9
05055,527,-47,558,-42,528,-47
05057,265,-5,267,-4,267,-4
05059,420,-36,436,-33,412,-37
05061,78,-8,80,-7,82,-7
05063,268,-35,269,-34,267,-35
05065,177,-12,182,-11,173,-12
05067,343,-16,363,-13,347,-16
05069,323,-41,327,-41,321,-42
05071,207,-19,205,-19,208,-18
05073,29,-3,31,-3,28,-3
05075,233,-19,243,-16,232,-19
05077,62,-5,62,-6,63,-5
05079,159,-8,169,-6,162,-7
05081,171,-6,176,-7,175,-6
05083,346,-9,357,-9,353,-9
05085,525,-57,547,-53,526,-56
05087,185,-9,190,-9,187,-10
05089,199,-9,200,-11,201,-9
05091,193,-25,196,-25,192,-25
05093,531,-38,562,-31,525,-38
05095,48,-6,50,-5,50,-5
05097,63,-5,69,-4,65,-4
05099,77,-7,81,-6,76,-7
05101,42,-3,45,-3,45,-3
05103,233,-18,240,-16,237,-17
05105,74,-8,71,-8,72,-8
05107,100,-11,106,-10,100,-11
05109,238,-6,257,-3,250,-5
05111,198,-21,202,-21,200,-21
05113,258,-6,264,-6,260,-7
05115,722,-71,753,-66,722,-71
05117,79,-7,85,-6,82,-6
05119,3649,-263,3871,-225,3651,-265
05121,294,-19,314,-15,297,-18
05123,190,-18,201,-17,187,-18
05125,779,-93,797,-90,780,-94
05127,174,-7,178,-6,170,-7
05129,116,-6,122,-5,117,-6
05131,1037,-95,1090,-85,1045,-94
05133,102,-13,104,-13,102,-13
05135,259,-13,272,-10,262,-12
05137,254,-12,268,-10,251,-12
05139,255,-25,265,-23,256,-25
05141,189,-6,198,-5,187,-5
05143,2595,-183,2757,-153,2605,-184
05145,1050,-80,1110,-71,1048,-80
05147,95,-6,99,-5,95,-6
05149,213,-23,219,-23,216,-23
06001,13437,-1359,14017,-1255,13434,-1357
06003,0,0,0,0,0,0
06005,482,-55,496,-53,483,-55
06007,1775,-167,1822,-159,1776,-167
06009,479,-50,496,-48,486,-50
06011,483,-2,494,-2,490,2
06013,10167,-914,10663,-822,10180,-909
06015,1035,-30,1092,-20,1039,-30
06017,1095,-117,1137,-113,1105,-117
06019,13878,-1327,14506,-1216,13878,-1316
06021,302,-27,309,-26,303,-26
06023,1288,-88,1348,-78,1288,-89
06025,3148,-334,3255,-316,3149,-333
06027,114,-17,114,-17,114,-17
06029,12942,-1025,13652,-894,12939,-1015
06031,3150,-309,3286,-289,3149,-309
06033,1636,-23,1657,-25,1674,-18
06035,404,-50,403,-50,403,-50
06037,94910,-10099,99233,-9385,94939,-10101
06039,2722,-280,2814,-264,2722,-280
06041,1541,-151,1608,-143,1544,-153
06043,240,-17,249,-16,246,-17
06045,737,-96,745,-95,736,-97
06047,3576,-307,3771,-272,3580,-306
06049,0,0,0,0,0,0
06051,53,-7,56,-7,54,-7
06053,4891,-461,5121,-426,4902,-459
06055,968,-103,993,-97,953,-104
06057,985,-95,997,-92,985,-96
06059,28236,-2218,29956,-1902,28339,-2203
06061,3740,-253,3924,-219,3746,-251
06063,167,-16,168,-16,173,-16
06065,16620,-1879,17077,-1805,16618,-1878
06067,13212,-1310,13810,-1217,13211,-1316
06069,614,-58,643,-53,614,-57
06071,14972,-1641,15482,-1552,14933,-1645
06073,25919,-3262,26343,-3189,25900,-3259
06075,4492,-478,4696,-442,4490,-479
06077,8581,-802,8977,-741,8590,-804
06079,2535,-261,2633,-247,2542,-262
06081,5093,-531,5288,-494,5076,-532
06083,4533,-441,4749,-413,4536,-440
06085,19991,-1567,21281,-1354,20028,-1561
06087,4857,-391,5132,-347,4895,-387
06089,1932,-141,2007,-128,1930,-137
06091,3,-1,3,-1,3,-1
06093,681,17,622,0,695,22
06095,4177,-388,4347,-360,4168,-387
06097,4582,-451,4787,-409,4597,-451
06099,8700,-572,9300,-482,8732,-569
06101,1610,-34,1568,-45,1640,-28
06103,852,-38,855,-38,853,-38
06105,114,-5,115,-5,114,-4
06107,5044,-606,5163,-589,5055,-609
06109,1003,-88,1052,-79,1007,-88
06111,5484,-616,5689,-579,5491,-613
06113,1851,-166,1925,-155,1858,-167
06115,453,-53,455,-53,450,-53
08001,2440,-247,2562,-228,2447,-243
08003,285,-23,300,-21,285,-23
08005,2826,-311,2908,-294,2816,-311
08007,75,-9,75,-9,75,-9
08009,24,-3,30,-2,24,-3
08011,171,-5,185,-1,177,-4
08013,1786,-199,1840,-186,1786,-199
08014,374,-38,384,-36,373,-38
08015,431,4,435,4,445,5
08017,0,0,0,0,0,0
08019,30,-4,31,-4,31,-4
08021,184,-8,189,-7,184,-8
08023,8,-1,9,-1,9,-1
08025,151,-9,155,-8,151,-9
08027,16,-2,17,-2,16,-2
08029,266,-15,278,-13,267,-14
08031,3234,-338,3366,-317,3239,-339
08033,0,0,0,0,0,0
08035,1771,-191,1823,-183,1772,-190
08037,334,-25,353,-22,333,-27
08039,124,-13,125,-12,120,-13
08041,4875,-516,5035,-492,4883,-518
08043,1031,-67,1080,-58,1029,-67
08045,270,-32,277,-30,268,-32
08047,16,-2,16,-2,16,-2
08049,79,-6,80,-6,81,-6
08051,138,0,138,-2,142,0
08053,0,0,0,0,0,0
08055,99,-7,99,-6,100,-6
08057,0,0,0,0,0,0
08059,3168,-299,3316,-271,3163,-295
08061,0,0,0,0,0,0
08063,58,-3,58,-2,55,-2
08065,29,-3,28,-3,29,-3
08067,554,-43,575,-39,555,-45
08069,2782,-254,2901,-233,2780,-252
08071,357,-5,363,-3,356,-5
08073,163,-6,174,-4,168,-5
08075,652,-24,688,-18,651,-23
08077,2090,-160,2182,-143,2086,-162
08079,0,0,0,0,0,0
08081,130,-8,140,-6,133,-7
08083,532,-29,555,-23,538,-26
08085,798,-6,804,-8,806,-4
08087,324,-6,323,-6,328,-5
08089,269,-7,264,-7,268,-6
08091,10,-2,9,-2,9,-2
08093,55,-6,56,-6,54,-6
08095,38,-2,39,-2,37,-3
08097,44,-6,45,-5,43,-6
08099,199,-2,207,-2,198,-2
08101,1204,-130,1251,-123,1212,-129
08103,51,-3,54,-2,51,-3
08105,208,-9,217,-7,211,-9
08107,467,30,383,10,489,34
08109,25,-3,28,-3,27,-3
08111,0,0,0,0,0,0
08113,44,-3,47,-3,45,-3
08115,29,-1,31,-1,32,-1
08117,123,-11,131,-10,122,-11
08119,124,-14,127,-13,130,-13
08121,86,1,92,1,83,1
08123,2794,-244,2921,-222,2789,-243
08125,114,-5,124,-3,114,-5
09001,2213,-252,2282,-240,2214,-252
09003,2408,-276,2479,-264,2405,-277
09005,645,-57,671,-53,652,-57
09007,517,-53,533,-51,517,-54
09009,2281,-263,2377,-247,2301,-261
09011,1060,-126,1091,-120,1067,-125
09013,675,-55,710,-50,679,-54
09015,592,-67,614,-63,590,-67
10001,993,-115,1023,-109,993,-115
10003,1990,-221,2059,-205,1983,-220
10005,1065,-130,1093,-125,1071,-129
11001,1365,-127,1402,-119,1363,-126
12001,4045,-384,4238,-352,4032,-384
12003,965,-46,1016,-40,973,-45
12005,2965,-242,3149,-210,2980,-241
12007,694,-30,730,-26,694,-29
12009,6853,-602,7208,-539,6863,-599
12011,10503,-1255,10797,-1207,10505,-1254
12013,455,-19,486,-15,460,-19
12015,2701,-146,2840,-129,2732,-146
12017,2898,-123,3015,-104,2920,-119
12019,3606,-292,3800,-263,3610,-295
12021,2785,-256,2930,-233,2801,-252
12023,1474,-117,1561,-105,1476,-116
12027,543,-41,572,-36,547,-42
12029,662,4,658,2,666,6
12031,12557,-1076,13200,-969,12564,-1071
12033,5056,-265,5219,-249,5062,-264
12035,1912,-98,2020,-81,1919,-97
12037,330,-12,346,-10,328,-12
12039,931,-66,983,-56,929,-66
12041,560,-20,586,-16,564,-19
12043,132,-4,131,-4,133,-4
12045,334,-20,361,-14,333,-19
12047,211,-13,223,-12,211,-14
12049,499,-40,526,-36,501,-40
12051,495,-50,521,-46,499,-50
12053,2435,-195,2562,-173,2435,-193
12055,1499,-109,1578,-95,1499,-108
12057,17128,-1361,17978,-1210,17140,-1359
12059,379,-26,389,-24,382,-27
12061,1410,-138,1453,-131,1412,-138
12063,1140,-89,1204,-82,1138,-89
12065,286,-19,301,-17,286,-19
12067,238,-5,240,-4,238,-5
12069,4743,-339,4986,-299,4739,-338
12071,8378,-734,8774,-670,8425,-728
12073,5276,-417,5558,-368,5289,-414
12075,699,-58,731,-52,701,-58
12077,245,-11,260,-9,244,-11
12079,666,-41,702,-35,664,-41
12081,4910,-360,5198,-313,4901,-359
12083,5233,-381,5511,-338,5266,-383
12085,1190,-104,1247,-94,1193,-104
12086,18381,-1946,19216,-1804,18343,-1940
12087,423,-51,437,-49,425,-51
12089,1253,-109,1320,-98,1257,-109
12091,3838,-294,4028,-262,3819,-288
12093,640,-24,636,-22,646,-20
12095,13346,-1279,13981,-1166,13377,-1279
12097,3342,-345,3451,-324,3326,-344
12099,8979,-965,9296,-904,8997,-968
12101,7401,-544,7793,-469,7403,-538
12103,11407,-890,11983,-785,11458,-891
12105,9417,-769,9904,-681,9412,-771
12107,882,-89,901,-87,882,-90
12109,4995,-288,5289,-236,5003,-288
12111,2642,-285,2728,-270,2652,-285
12113,2531,-239,2622,-222,2535,-238
12115,4952,-393,5222,-352,4974,-392
12117,5051,-415,5323,-372,5084,-412
12119,1250,-102,1307,-94,1257,-101
12121,905,-69,953,-62,902,-70
12123,864,-55,911,-47,867,-54
12125,319,-23,332,-20,324,-22
12127,7389,-448,7802,-376,7395,-450
12129,621,-54,649,-49,626,-53
12131,1023,-76,1073,-68,1030,-77
12133,623,-53,658,-48,630,-52
13001,307,-10,313,-9,314,-8
13003,93,-7,98,-6,92,-7
13005,265,-13,287,-10,269,-13
13007,16,-2,19,-2,16,-2
13009,569,-15,583,-13,570,-13
13011,233,-7,231,-6,237,-8
13013,750,-56,800,-48,750,-55
13015,1137,-58,1175,-52,1140,-57
13017,442,-6,457,-4,453,-4
13019,228,-22,236,-21,230,-22
13021,2155,-25,2134,-36,2171,-21
13023,148,-12,153,-11,145,-12
13025,227,-14,237,-12,229,-14
13027,191,-10,198,-9,195,-10
13029,426,-38,443,-35,425,-38
13031,818,-24,809,-25,832,-21
13033,310,-12,316,-12,312,-13
13035,212,-13,219,-12,211,-12
13037,198,-12,209,-10,199,-11
13039,869,-34,921,-28,893,-32
13043,260,-1,268,0,258,0
13045,1049,-45,1080,-39,1045,-42
13047,925,-58,971,-52,929,-57
13049,196,-3,197,-4,197,-2
13051,2461,-211,2590,-192,2468,-210
13053,143,-7,149,-6,143,-7
13055,298,-21,312,-19,299,-21
13057,2144,-152,2255,-133,2142,-154
13059,1056,-80,1116,-70,1062,-79
13061,9,-2,9,-2,9,-2
13063,4402,-238,4635,-192,4402,-235
13065,140,-5,144,-3,139,-4
13067,8593,-374,9049,-305,8641,-366
13069,1131,17,1073,5,1135,19
13071,350,-39,348,-39,348,-38
13073,1748,-130,1843,-112,1761,-128
13075,244,-14,252,-13,240,-14
13077,1316,-76,1384,-67,1327,-78
13079,136,-7,145,-6,134,-7
13081,551,-5,562,-6,560,-7
13083,157,-11,170,-10,161,-11
13085,283,-20,305,-17,288,-19
13087,732,-27,776,-18,732,-26
13089,7190,-468,7603,-400,7203,-467
13091,334,-23,353,-20,330,-23
13093,282,-2,291,-1,291,-1
13095,1630,-92,1738,-75,1625,-93
13097,1003,-60,1060,-50,1006,-59
13099,116,-12,123,-11,116,-12
13101,34,-4,35,-4,35,-4
13103,825,-64,853,-57,831,-62
13105,192,-16,191,-16,193,-16
13107,311,-16,328,-14,311,-16
13109,119,-7,126,-6,119,-7
13111,289,-9,301,-7,285,-8
13113,1371,-56,1432,-45,1360,-57
13115,1860,-29,1883,-29,1883,-20
13117,2779,-167,2970,-139,2817,-164
13119,318,-5,314,-5,322,-3
13121,9855,-505,10349,-435,9915,-502
13123,589,-11,619,-8,600,-11
13125,33,-2,33,-2,33,-2
13127,1200,-86,1274,-77,1201,-86
13129,357,-35,357,-35,358,-35
13131,472,-29,499,-25,474,-28
13133,217,-3,214,-3,221,-2
13135,9770,-596,10409,-499,9793,-586
13137,796,-16,824,-11,791,-13
13139,1721,-110,1830,-96,1725,-111
13141,101,-2,102,-1,105,-1
13143,272,-15,290,-12,276,-15
13145,285,-22,303,-20,287,-22
13147,375,3,367,-1,385,5
13149,80,-7,81,-6,78,-7
13151,1835,-96,1947,-75,1849,-93
13153,1878,-146,1991,-125,1878,-144
13155,140,-5,149,-4,141,-5
13157,834,-58,884,-49,843,-55
13159,113,-6,117,-5,116,-6
13161,248,-13,261,-11,247,-14
13163,158,-10,164,-8,155,-9
13165,79,-3,83,-3,81,-3
13167,172,-9,181,-7,171,-9
13169,228,-17,244,-16,231,-18
13171,152,-10,166,-9,152,-11
13173,96,-11,97,-11,94,-11
13175,500,-49,523,-45,501,-49
13177,569,-37,603,-33,571,-38
13179,701,-58,726,-53,703,-57
13181,71,-3,78,-2,73,-2
13183,491,15,445,3,488,13
13185,1382,-128,1432,-119,1384,-128
13187,447,-21,472,-16,453,-20
13189,228,-13,241,-11,226,-14
13191,140,-3,134,-3,139,-3
13193,101,-7,107,-6,103,-7
13195,261,-22,273,-20,264,-22
13197,106,-5,115,-5,106,-6
13199,220,-9,227,-8,222,-8
13201,84,-5,85,-5,84,-6
13205,370,-23,389,-19,370,-22
13207,220,-13,234,-11,217,-14
13209,160,-5,164,-3,160,-5
13211,126,-10,128,-9,126,-9
13213,584,-43,614,-38,585,-44
13215,2158,-95,2258,-78,2189,-85
13217,1127,-32,1194,-23,1131,-33
13219,392,-30,414,-26,395,-29
13221,92,-9,98,-8,89,-9
13223,1344,-78,1414,-64,1340,-79
13225,272,-20,282,-17,274,-19
13227,444,-24,468,-20,442,-25
13229,361,-12,364,-10,362,-11
13231,181,-14,192,-13,182,-14
13233,446,-24,468,-20,449,-23
13235,122,-6,121,-6,123,-5
13237,226,-9,237,-7,234,-8
13239,6,-1,6,-1,5,-1
13241,277,0,278,-1,283,2
13243,90,-5,94,-4,89,-5
13245,1954,-115,2050,-97,1947,-114
13247,669,-33,715,-25,677,-32
13249,56,-6,56,-6,56,-6
13251,125,-11,130,-10,125,-11
13253,89,-7,92,-7,89,-7
13255,807,-21,829,-16,807,-19
13257,416,-14,431,-9,408,-13
13259,139,-2,145,-2,145,-2
13261,357,-31,368,-28,359,-30
13263,22,-3,23,-3,21,-3
13265,27,-1,27,-1,27,-1
13267,451,-8,465,-6,454,-8
13269,95,-7,99,-7,93,-7
13271,285,-9,295,-8,288,-8
13273,143,-10,151,-9,143,-10
13275,748,-59,782,-56,752,-60
13277,468,-34,498,-27,470,-33
13279,503,-5,515,-3,511,-3
13281,121,-6,131,-5,128,-5
13283,65,-5,67,-4,64,-5
13285,485,-28,521,-22,487,-26
13287,111,-9,116,-8,111,-9
13289,44,-4,44,-4,44,-4
13291,372,-9,388,-5,376,-8
13293,335,-17,351,-14,341,-16
13295,994,-59,1053,-51,998,-59
13297,846,-45,896,-37,832,-46
13299,495,-26,522,-23,493,-27
13301,18,-2,22,-2,17,-2
13303,403,9,368,2,410,11
13305,526,-21,547,-17,524,-21
13307,25,-1,25,-1,22,-2
13309,107,-1,115,0,105,-1
13311,578,-11,592,-9,582,-11
13313,1518,-121,1599,-108,1521,-121
13315,198,-10,213,-9,197,-11
13317,185,-11,198,-9,189,-11
13319,114,-8,120,-6,113,-8
13321,295,-18,311,-15,298,-18
15001,1616,-153,1696,-141,1612,-153
15003,6216,-733,6431,-697,6223,-732
15005,0,0,0,0,0,0
15007,1105,-98,1158,-86,1103,-97
15009,1290,-156,1326,-149,1290,-155
16001,10042,-518,10606,-423,10018,-511
16003,17,-2,24,-1,19,-2
16005,1089,-117,1104,-113,1084,-116
16007,21,-3,24,-3,22,-3
16009,108,0,119,1,111,0
16011,321,-40,321,-40,321,-40
16013,308,-11,307,-11,307,-9
16015,8,-2,8,-2,8,-2
16017,927,-10,957,-6,939,-6
16019,1208,-155,1219,-154,1209,-154
16021,135,-3,139,-3,138,-1
16023,0,0,0,0,0,0
16025,0,0,0,0,0,0
16027,3738,-195,3965,-159,3758,-192
16029,91,-6,86,-6,86,-6
16031,371,6,367,5,374,7
16033,0,0,0,0,0,0
16035,119,-5,125,-5,121,-5
16037,2,0,2,0,2,0
16039,1269,5,1317,13,1277,8
16041,47,-2,46,-3,47,-1
16043,102,-12,102,-12,103,-12
16045,308,-3,322,-1,311,-2
16047,161,-1,169,-1,164,-1
16049,137,-9,142,-8,140,-8
16051,188,-23,187,-23,188,-23
16053,274,-6,279,-3,274,-5
16055,2475,-81,2629,-59,2476,-81
16057,335,-42,332,-42,332,-42
16059,43,-3,47,-3,42,-3
16061,81,-6,90,-5,85,-6
16063,28,-2,27,-2,27,-3
16065,599,-79,600,-79,596,-79
16067,164,-3,179,-1,166,-4
16069,457,-28,470,-28,456,-28
16071,35,-4,36,-3,33,-4
16073,86,-4,101,-2,89,-4
16075,580,10,590,7,590,8
16077,64,-7,64,-7,63,-7
16079,213,0,228,1,220,0
16081,97,-10,101,-9,102,-10
16083,1182,-30,1222,-23,1183,-31
16085,222,-11,230,-9,222,-11
16087,44,-3,49,-3,44,-3
17001,686,-62,719,-57,684,-63
17003,60,-6,61,-6,61,-6
17005,105,-13,110,-12,106,-13
17007,367,-41,373,-40,365,-41
17009,110,-17,110,-17,110,-17
17011,247,-26,254,-25,247,-26
17013,24,-4,24,-4,24,-4
17015,497,-16,528,-11,495,-16
17017,110,-13,114,-13,109,-13
17019,2299,-220,2418,-198,2299,-220
17021,263,-35,265,-35,261,-35
17023,265,-21,279,-20,265,-22
17025,239,-20,252,-18,241,-20
17027,222,-25,229,-23,219,-25
17029,459,-53,476,-51,464,-53
17031,14346,-1844,14694,-1785,14344,-1843
17033,501,-49,525,-45,499,-49
17035,152,-14,154,-13,150,-14
17037,860,-67,914,-59,863,-68
17039,108,-13,110,-13,107,-13
17041,202,-28,205,-27,201,-28
17043,4266,-489,4400,-463,4259,-489
17045,263,-23,278,-21,267,-23
17047,122,-9,128,-8,122,-9
17049,314,-29,326,-27,314,-29
17051,285,-26,295,-24,280,-26
17053,106,-12,114,-11,105,-12
17055,445,-51,453,-50,447,-51
17057,422,-37,450,-33,425,-37
17059,133,-7,144,-6,136,-7
17061,68,-8,68,-8,68,-8
17063,164,-19,169,-18,165,-19
17065,126,-11,132,-10,125,-10
17067,196,-16,206,-15,198,-16
17069,62,-4,69,-3,61,-4
17071,60,-3,62,-3,59,-4
17073,372,-39,383,-37,371,-40
17075,164,-16,174,-15,163,-15
17077,581,-64,604,-61,585,-63
17079,111,-10,115,-9,113,-10
17081,813,-53,867,-44,813,-52
17083,137,-16,144,-15,139,-16
17085,143,-9,153,-8,142,-9
17087,453,-30,479,-26,455,-30
17089,3502,-356,3666,-328,3503,-355
17091,410,-49,421,-47,411,-49
17093,753,-61,793,-56,751,-61
17095,313,-25,334,-22,315,-24
17097,4269,-382,4474,-344,4262,-381
17099,695,-75,726,-70,697,-75
17101,367,-29,388,-26,367,-29
17103,310,-26,328,-24,314,-26
17105,220,-28,227,-27,221,-28
17107,195,-24,199,-22,194,-23
17109,324,-32,332,-31,323,-33
17111,3465,-340,3604,-315,3458,-340
17113,1454,-150,1523,-139,1449,-151
17115,785,-89,808,-84,786,-88
17117,346,-39,361,-37,345,-39
17119,1572,-170,1635,-161,1572,-171
17121,336,-38,349,-36,339,-38
17123,69,-7,70,-7,68,-7
17125,121,-14,129,-13,125,-14
17127,185,-18,188,-18,182,-18
17129,94,-11,95,-11,94,-11
17131,160,-16,166,-15,158,-16
17133,207,-24,215,-23,208,-24
17135,346,-33,365,-29,349,-32
17137,231,-34,231,-34,230,-34
17139,130,-13,134,-12,132,-13
17141,405,-35,428,-31,404,-35
17143,943,-88,994,-79,940,-88
17145,418,-43,437,-41,416,-43
17147,126,-14,134,-13,130,-13
17149,165,-19,169,-18,166,-19
17151,68,-5,73,-4,70,-5
17153,63,-8,65,-8,65,-8
17155,35,-3,35,-4,32,-4
17157,490,-59,489,-58,486,-60
17159,213,-25,222,-24,214,-25
17161,840,-82,882,-73,842,-81
17163,954,-110,976,-105,948,-111
17165,319,-35,334,-32,323,-35
17167,1301,-161,1334,-154,1301,-161
17169,46,-6,46,-6,44,-6
17171,22,-3,23,-3,22,-3
17173,174,-20,178,-19,175,-20
17175,55,-7,56,-6,55,-7
17177,283,-28,292,-26,286,-28
17179,813,-87,839,-81,813,-86
17181,286,-28,299,-26,286,-28
17183,695,-85,712,-81,690,-84
17185,176,-20,180,-20,176,-20
17187,144,-10,153,-9,148,-10
17189,130,-10,133,-8,131,-9
17191,282,-28,288,-27,284,-28
17193,226,-16,236,-15,222,-17
17195,484,-46,504,-44,485,-46
17197,2518,-272,2619,-252,2518,-270
17199,983,-108,1018,-101,987,-108
17201,1407,-167,1448,-161,1407,-167
17203,282,-28,288,-25,278,-27
18001,303,-15,312,-16,303,-16
18003,2861,-284,2980,-266,2873,-282
18005,1362,-103,1434,-92,1369,-102
18007,130,-9,133,-9,132,-9
18009,191,-10,197,-9,187,-11
18011,670,-41,709,-33,671,-39
18013,117,-7,116,-7,115,-8
18015,165,-11,168,-11,168,-11
18017,605,-29,629,-26,611,-28
18019,2432,-143,2574,-119,2437,-141
18021,293,-22,300,-21,293,-22
18023,407,-30,420,-28,406,-29
18025,217,-5,222,-6,222,-5
18027,289,-29,292,-28,295,-28
18029,529,-52,545,-49,526,-53
18031,428,-35,454,-31,431,-35
18033,571,-35,601,-31,574,-34
18035,1257,-86,1317,-78,1267,-87
18037,524,-49,555,-45,523,-49
18039,1167,-143,1179,-142,1163,-143
18041,573,-26,604,-23,576,-26
18043,1414,-80,1466,-72,1400,-82
18045,238,-19,243,-18,238,-19
18047,344,-14,360,-11,347,-14
18049,231,-16,237,-14,230,-15
18051,722,-68,757,-63,724,-69
18053,654,-58,686,-53,663,-57
18055,532,-32,561,-27,531,-32
18057,2797,-244,2908,-226,2794,-243
18059,681,-56,716,-51,682,-56
18061,452,-47,454,-48,453,-48
18063,1258,-130,1278,-126,1253,-131
18065,395,-36,409,-34,392,-35
18067,1029,-107,1053,-103,1027,-108
18069,527,-43,556,-39,528,-44
18071,710,-63,737,-59,710,-63
18073,348,-18,363,-16,348,-18
18075,376,-25,393,-22,382,-25
18077,535,-54,551,-51,535,-53
18079,444,-34,470,-31,453,-34
18081,985,-114,1015,-109,983,-113
18083,999,-56,1058,-47,1004,-56
18085,786,-51,827,-45,789,-49
18087,201,-18,202,-18,205,-17
18089,1567,-119,1640,-105,1555,-118
18091,642,-51,681,-44,638,-50
18093,1018,-51,1084,-41,1024,-51
18095,897,-102,905,-99,893,-102
18097,5236,-481,5459,-444,5256,-484
18099,381,-28,398,-24,381,-27
18101,130,-9,134,-9,129,-9
18103,398,-34,413,-32,397,-34
18105,2132,-131,2219,-113,2139,-128
18107,546,-45,572,-41,554,-44
18109,682,-65,710,-60,679,-65
18111,75,-7,80,-6,77,-7
18113,359,-42,370,-41,362,-42
18115,79,-6,81,-5,77,-6
18117,334,-23,351,-20,342,-23
18119,265,-25,275,-23,263,-26
18121,151,-11,158,-10,155,-11
18123,313,-23,323,-21,312,-24
18125,190,-17,200,-16,189,-17
18127,1135,-45,1196,-36,1146,-42
18129,398,-34,420,-30,411,-33
18131,151,-9,157,-8,150,-9
18133,384,-35,394,-33,385,-34
18135,363,-25,379,-24,366,-26
18137,441,-37,460,-34,442,-37
18139,309,-23,318,-20,309,-22
18141,1756,-158,1806,-146,1748,-159
18143,537,-43,557,-39,533,-44
18145,773,-59,814,-53,768,-61
18147,321,-21,334,-19,319,-20
18149,126,-8,134,-7,129,-8
18151,377,-34,393,-32,378,-34
18153,487,-27,521,-24,495,-26
18155,113,-11,116,-11,111,-11
18157,1481,-177,1511,-171,1480,-177
18159,105,-11,106,-11,108,-10
18161,157,-11,163,-10,155,-10
18163,3230,-288,3399,-263,3239,-291
18165,187,-15,196,-13,185,-15
18167,1176,-100,1244,-91,1180,-99
18169,366,-24,390,-22,372,-24
18171,172,-7,177,-8,174,-8
18173,1151,-104,1209,-93,1145,-105
18175,544,-24,560,-21,542,-25
18177,998,-78,1045,-69,996,-77
18179,291,-14,307,-12,293,-13
18181,256,-15,257,-15,257,-15
18183,244,-32,250,-32,244,-32
19001,79,-3,87,-2,81,-3
19003,44,-2,44,-2,44,-2
19005,140,-3,146,-3,145,-3
19007,270,-5,278,-3,274,-5
19009,70,-3,73,-2,69,-3
19011,297,-15,309,-14,302,-15
19013,1320,-94,1372,-83,1312,-91
19015,236,-10,248,-11,244,-8
19017,256,-15,266,-14,254,-15
19019,339,-10,345,-9,344,-10
19021,219,-27,218,-27,219,-27
19023,197,-10,207,-7,201,-8
19025,153,-5,156,-4,146,-5
19027,328,-13,342,-9,331,-12
19029,150,-4,159,-4,152,-5
19031,280,-16,301,-12,283,-14
19033,504,-22,525,-19,513,-21
19035,214,-5,218,-6,218,-5
19037,121,-8,120,-8,121,-8
19039,148,-5,151,-5,146,-6
19041,302,-14,325,-11,303,-14
19043,225,-5,238,-4,232,-5
19045,582,-41,594,-40,578,-42
19047,414,2,419,4,410,4
19049,1176,-75,1219,-67,1178,-76
19051,66,-2,69,-1,69,-2
19053,93,-4,98,-4,95,-4
19055,194,-8,194,-7,188,-8
19057,827,-11,865,-4,832,-8
19059,218,-7,224,-7,216,-8
19061,2566,-17,2687,-1,2569,-18
19063,80,-6,77,-6,78,-7
19065,309,-10,328,-7,311,-9
19067,267,-7,277,-6,269,-8
19069,68,-8,69,-8,70,-8
19071,71,-6,73,-5,71,-6
19073,68,-4,69,-4,68,-4
19075,150,-8,159,-7,151,-7
19077,213,-5,221,-4,213,-5
19079,158,-7,159,-7,163,-8
19081,133,-5,136,-4,133,-5
19083,187,-16,190,-15,184,-17
19085,277,-14,295,-11,278,-12
19087,330,-16,346,-14,331,-16
19089,128,-6,138,-5,134,-6
19091,76,-5,73,-5,72,-5
19093,121,-8,129,-7,121,-8
19095,302,-19,315,-15,305,-18
19097,291,-11,309,-7,290,-11
19099,693,-21,733,-14,694,-20
19101,339,-8,357,-5,340,-8
19103,2304,-151,2440,-130,2315,-148
19105,286,-13,299,-11,285,-13
19107,144,-5,158,-3,150,-4
19109,56,-5,55,-5,55,-5
19111,711,-12,739,-8,711,-10
19113,2926,-183,3088,-160,2940,-182
19115,116,-6,126,-5,115,-6
19117,75,-4,80,-4,77,-4
19119,57,-8,59,-7,59,-7
19121,155,-8,163,-7,157,-7
19123,273,-11,283,-9,267,-11
19125,526,-17,551,-14,532,-17
19127,491,-26,496,-25,496,-22
19129,269,-15,281,-13,265,-15
19131,69,-6,66,-6,68,-6
19133,140,-5,143,-5,142,-6
19135,89,-6,96,-5,91,-6
19137,153,-8,154,-8,150,-7
19139,639,-31,670,-25,643,-30
19141,224,-10,227,-9,225,-9
19143,28,-3,29,-2,26,-3
19145,142,-5,142,-5,143,-4
19147,61,-8,62,-8,60,-8
19149,291,-13,298,-14,288,-13
19151,73,-4,80,-3,75,-4
19153,4482,-423,4637,-398,4483,-426
19155,1158,-127,1181,-124,1160,-127
19157,515,-8,538,-4,514,-7
19159,41,-4,42,-4,42,-4
19161,198,-5,200,-5,202,-5
19163,2456,-125,2614,-102,2475,-125
19165,112,-9,122,-8,114,-9
19167,507,-7,489,-11,511,-5
19169,1431,-54,1497,-48,1447,-51
19171,189,-9,190,-9,187,-9
19173,153,-2,158,-1,151,-2
19175,191,-6,200,-4,189,-6
19177,99,-4,105,-3,97,-4
19179,681,-15,688,-15,704,-13
19181,682,-46,717,-40,684,-45
19183,323,-16,347,-13,325,-15
19185,117,-4,126,-3,119,-4
19187,430,-24,454,-19,431,-25
19189,175,-7,184,-5,177,-7
19191,224,-7,236,-5,230,-6
19193,774,-106,775,-106,777,-105
19195,71,-5,75,-5,74,-5
19197,92,-7,96,-6,94,-7
20001,160,-21,162,-20,163,-20
20003,76,-8,74,-8,75,-8
20005,151,-17,156,-16,149,-17
20007,87,-7,90,-6,86,-7
20009,342,-32,357,-29,340,-31
20011,149,-16,156,-16,149,-16
20013,86,-7,88,-7,85,-8
20015,446,-60,451,-59,447,-60
20017,9,-2,9,-2,9,-2
20019,15,-2,15,-2,16,-2
20021,358,-33,369,-31,352,-33
20023,4,-1,4,-1,4,-1
20025,3,-1,3,-1,3,-1
20027,78,-8,80,-7,75,-8
20029,72,-5,73,-5,71,-5
20031,82,-9,83,-9,79,-9
20033,1,-1,1,-1,2,-1
20035,238,-32,241,-31,239,-32
20037,409,-49,424,-48,412,-49
20039,0,0,0,0,0,0
20041,183,-20,189,-19,186,-20
20043,183,-13,192,-12,180,-13
20045,1294,-103,1333,-94,1291,-102
20047,10,-1,11,-1,12,-1
20049,10,-2,12,-2,11,-2
20051,246,-31,247,-31,244,-32
20053,93,-6,95,-6,88,-6
20055,519,-62,516,-62,514,-62
20057,184,-28,184,-28,184,-28
20059,190,-20,196,-19,191,-20
20061,546,-53,573,-48,546,-53
20063,0,0,0,0,0,0
20065,10,-2,10,-2,10,-2
20067,60,-8,62,-7,58,-8
20069,16,-3,17,-3,16,-3
20071,4,-1,4,-1,4,-1
20073,90,-4,91,-4,89,-4
20075,6,-1,7,-1,6,-1
20077,35,-5,36,-5,37,-5
20079,430,-45,439,-43,432,-45
20081,41,-5,46,-4,42,-5
20083,0,0,0,0,0,0
20085,121,-15,122,-15,121,-15
20087,153,-20,156,-19,153,-20
20089,19,-2,24,-1,18,-2
20091,6122,-586,6396,-537,6143,-584
20093,27,-3,28,-3,27,-3
20095,38,-6,38,-6,38,-6
20097,10,-2,10,-2,10,-2
20099,276,-35,280,-34,276,-35
20101,0,0,0,0,0,0
20103,1031,-99,1083,-92,1032,-98
20105,8,-1,8,-1,8,-1
20107,73,-8,75,-8,73,-8
20109,10,-2,9,-2,11,-2
20111,370,-44,378,-42,370,-44
20113,363,-36,373,-35,361,-37
20115,123,-15,126,-15,119,-15
20117,81,-7,81,-7,82,-7
20119,35,-5,34,-5,35,-5
20121,285,-35,288,-34,286,-35
20123,42,-7,42,-7,42,-7
20125,366,-51,367,-51,368,-51
20127,95,-8,97,-8,95,-8
20129,5,-1,5,-1,5,-1
20131,144,-10,152,-9,141,-10
20133,202,-27,199,-27,199,-28
20135,6,-1,6,-1,6,-1
20137,164,-11,167,-11,166,-11
20139,180,-15,194,-13,182,-15
20141,10,-2,10,-2,10,-2
20143,39,-5,41,-5,42,-5
20145,144,-8,154,-6,142,-8
20147,62,-4,67,-3,64,-4
20149,266,-25,281,-23,267,-26
20151,70,-6,76,-5,74,-6
20153,0,0,0,0,0,0
20155,862,-83,894,-79,869,-82
20157,26,-4,27,-4,28,-4
20159,86,-10,86,-10,86,-10
20161,2225,54,2117,19,2283,65
20163,76,-5,77,-5,76,-5
20165,9,-2,9,-2,10,-2
20167,54,-6,55,-6,55,-6
20169,507,-57,527,-54,505,-57
20171,32,-5,32,-5,32,-5
20173,4905,-598,5028,-582,4910,-601
20175,94,-9,97,-9,94,-10
20177,1537,-211,1538,-210,1529,-211
20179,9,-2,8,-2,9,-2
20181,56,-5,59,-5,58,-5
20183,33,-1,37,0,32,-1
20185,40,-5,41,-5,37,-5
20187,3,-1,3,-1,3,-1
20189,52,-5,54,-5,54,-5
20191,189,-20,193,-19,191,-20
20193,133,-9,134,-8,135,-9
20195,7,-1,6,-1,6,-1
20197,45,-3,50,-2,47,-3
20199,0,0,0,0,0,0
20201,72,-6,75,-5,73,-6
20203,5,-1,5,-1,5,-1
20205,150,-14,157,-13,152,-14
20207,44,-2,47,-2,44,-2
20209,1033,-119,1072,-113,1031,-119
21001,517,-23,540,-17,515,-21
21003,509,-42,527,-38,503,-42
21005,476,-35,504,-29,480,-33
21007,98,-7,102,-6,99,-7
21009,1067,-50,1131,-41,1073,-48
21011,275,-8,287,-5,273,-7
21013,816,-44,859,-36,820,-43
21015,1036,-123,1064,-118,1042,-124
21017,497,-35,525,-29,495,-34
21019,1139,-88,1201,-76,1140,-87
21021,892,-41,949,-33,896,-41
21023,134,-12,138,-11,136,-12
21025,415,-20,438,-16,414,-19
21027,295,-28,302,-26,291,-29
21029,880,-101,896,-98,880,-102
21031,404,-12,432,-9,408,-12
21033,417,-23,438,-19,418,-22
21035,623,-32,663,-27,626,-33
21037,742,-68,777,-62,743,-69
21039,34,-4,38,-3,34,-4
21041,172,-16,179,-15,170,-17
21043,762,-49,809,-42,770,-49
21045,385,-5,399,-5,392,-4
21047,1374,-52,1456,-39,1380,-51
21049,872,-54,939,-42,878,-53
21051,955,-55,1018,-47,962,-55
21053,236,-16,246,-14,239,-16
21055,133,-6,139,-4,133,-5
21057,197,-9,216,-5,199,-8
21059,1917,-194,1967,-185,1907,-194
21061,220,-9,231,-7,220,-9
21063,281,-9,292,-8,285,-8
21065,527,-17,563,-12,530,-17
21067,4005,-405,4174,-374,4015,-403
21069,415,-17,441,-14,415,-17
21071,1404,-59,1494,-43,1389,-60
21073,879,-67,931,-58,889,-66
21075,56,-4,58,-4,54,-4
21077,112,-9,121,-8,111,-9
21079,475,-30,506,-25,478,-29
21081,257,-19,265,-17,258,-19
21083,723,-64,749,-59,720,-64
21085,651,-49,671,-45,642,-50
21087,349,-13,365,-11,343,-13
21089,657,-62,693,-56,659,-62
21091,212,-12,224,-11,212,-12
21093,2398,-200,2508,-185,2415,-198
21095,1031,-57,1093,-46,1033,-57
21097,374,-38,391,-35,378,-37
21099,703,-16,751,-9,711,-16
21101,613,-71,631,-67,613,-70
21103,281,-24,298,-21,279,-24
21105,42,-3,42,-3,43,-3
21107,1072,-103,1110,-95,1067,-102
21109,450,-20,464,-18,449,-21
21111,10953,-922,11440,-830,10935,-922
21113,846,-77,891,-69,845,-76
21115,479,-34,506,-28,475,-33
21117,1316,-132,1376,-120,1325,-132
21119,512,-21,546,-16,518,-20
21121,1153,-75,1233,-66,1167,-76
21123,375,-22,397,-19,379,-22
21125,1844,-61,1956,-42,1866,-60
21127,529,-18,560,-13,528,-16
21129,254,-10,269,-7,255,-9
21131,428,-17,452,-13,434,-17
21133,858,-40,910,-32,858,-39
21135,380,-22,396,-19,377,-23
21137,492,-19,523,-13,500,-18
21139,149,-12,151,-12,148,-12
21141,623,-41,660,-34,626,-40
21143,325,-17,340,-14,326,-16
21145,1235,-138,1264,-133,1238,-138
21147,627,-1,656,1,638,-1
21149,263,-16,279,-14,264,-16
21151,2147,-146,2278,-125,2145,-146
21153,391,-15,413,-13,387,-16
21155,539,-34,576,-28,539,-34
21157,738,-59,771,-53,733,-59
21159,332,-12,350,-9,334,-12
21161,303,-25,322,-23,309,-25
21163,332,-37,332,-37,327,-37
21165,101,-5,108,-4,105,-5
21167,668,-52,702,-47,667,-52
21169,204,-6,217,-5,204,-7
21171,295,-16,309,-14,300,-16
21173,443,-15,464,-13,455,-14
21175,223,-27,221,-27,223,-27
21177,969,-73,1029,-63,973,-71
21179,878,-77,929,-69,886,-77
21181,116,-8,121,-7,116,-7
21183,730,-39,757,-33,727,-40
21185,783,-88,819,-84,786,-88
21187,143,-12,148,-12,141,-12
21189,153,-9,165,-7,158,-8
21191,203,-15,214,-14,201,-15
21193,1035,-51,1105,-40,1043,-51
21195,1547,-81,1631,-67,1553,-81
21197,397,-24,426,-21,398,-25
21199,1139,-53,1193,-47,1135,-56
21201,23,-2,23,-2,21,-2
21203,632,-23,676,-16,635,-22
21205,574,-30,595,-28,570,-30
21207,424,-30,455,-26,427,-30
21209,1125,-90,1178,-80,1127,-90
21211,877,-78,924,-72,880,-77
21213,293,-25,306,-24,290,-26
21215,275,-30,284,-29,278,-30
21217,467,-26,494,-22,468,-25
21219,167,-14,171,-13,168,-14
21221,574,-7,610,-2,581,-6
21223,123,-9,133,-8,126,-8
21225,268,-22,285,-18,272,-21
21227,1950,-177,2050,-163,1948,-177
21229,388,-19,410,-16,392,-18
21231,394,-11,414,-7,391,-11
21233,269,-23,282,-20,270,-23
21235,1073,-76,1136,-65,1082,-74
21237,280,-11,297,-8,278,-11
21239,527,-39,553,-35,535,-39
22001,488,-41,508,-36,486,-40
22003,642,-47,675,-39,642,-48
22005,538,-61,555,-58,538,-61
22007,318,-6,326,-3,316,-5
22009,460,-34,486,-28,465,-34
22011,557,-37,585,-31,558,-36
22013,169,-12,181,-10,171,-12
22015,1191,-110,1253,-99,1192,-111
22017,1598,-153,1691,-140,1598,-154
22019,6119,35,6505,80,6196,41
22021,64,-6,64,-6,65,-6
22023,43,-1,42,-1,42,-1
22025,86,-9,89,-8,89,-9
22027,129,-5,139,-3,131,-4
22029,228,-12,241,-10,236,-12
22031,194,-19,202,-17,194,-19
22033,2281,-257,2367,-243,2288,-257
22035,56,-7,56,-6,55,-7
22037,116,-16,116,-16,117,-16
22039,268,-19,268,-19,269,-19
22041,311,-19,330,-17,313,-19
22043,289,-23,308,-21,293,-23
22045,462,-44,470,-43,469,-43
22047,158,-16,160,-14,154,-15
22049,218,-16,223,-14,220,-15
22051,2147,-165,2252,-142,2155,-168
22053,340,-11,352,-11,341,-11
22055,1502,-171,1550,-162,1507,-170
22057,678,-65,706,-60,671,-65
22059,269,-16,284,-13,273,-15
22061,605,-48,635,-43,615,-47
22063,618,-74,639,-71,616,-74
22065,32,-5,35,-5,33,-5
22067,310,-21,326,-18,311,-21
22069,748,-12,778,-9,757,-11
22071,2257,-147,2403,-122,2260,-145
22073,1877,-163,1977,-147,1867,-159
22075,77,-8,76,-8,75,-8
22077,65,-9,64,-9,63,-9
22079,755,-86,775,-81,753,-85
22081,55,-3,58,-2,55,-3
22083,229,-17,241,-16,231,-18
22085,223,-12,228,-13,223,-12
22087,121,-15,123,-15,122,-15
22089,179,-19,192,-17,180,-19
22091,57,-6,58,-6,59,-6
22093,174,-15,184,-13,175,-15
22095,176,-19,182,-17,177,-19
22097,852,-81,891,-73,846,-81
22099,282,-28,298,-24,285,-27
22101,651,-7,631,-12,652,-4
22103,1923,-167,2010,-151,1915,-167
22105,1155,-81,1211,-70,1158,-79
22107,37,-3,40,-3,37,-4
22109,1060,-79,1110,-70,1058,-79
22111,284,-22,303,-19,288,-23
22113,453,-35,486,-29,459,-34
22115,665,-50,700,-44,667,-49
22117,436,-43,454,-40,439,-43
22119,417,-34,438,-30,422,-33
22121,75,-11,75,-11,75,-11
22123,214,-15,223,-13,221,-14
22125,67,-9,66,-9,65,-9
22127,264,-18,282,-15,268,-18
23001,1479,-26,1564,-11,1494,-24
23003,644,-12,676,-9,639,-11
23005,6120,-67,6457,-22,6206,-58
23007,157,-8,163,-7,161,-8
23009,436,-7,461,-3,442,-6
23011,1566,-30,1655,-12,1589,-24
23013,278,-15,291,-12,282,-14
23015,265,-11,286,-9,268,-12
23017,371,-17,378,-16,379,-17
23019,1796,-4,1909,11,1823,1
23021,150,-1,157,-1,152,-1
23023,327,-14,344,-12,331,-13
23025,623,-8,648,-2,618,-7
23027,309,-5,326,-2,308,-4
23029,284,2,289,1,289,3
23031,2040,-101,2155,-83,2048,-101
24001,668,-40,716,-33,673,-41
24003,1183,-105,1236,-96,1193,-108
24005,1181,-99,1260,-85,1191,-97
24009,197,-24,202,-23,200,-23
24011,175,-13,184,-12,175,-13
24013,976,2,982,-1,978,4
24015,379,-29,398,-26,374,-29
24017,373,-38,398,-35,377,-38
24019,108,-14,110,-14,110,-14
24021,836,-56,901,-46,845,-54
24023,162,-9,173,-8,169,-8
24025,561,-44,589,-39,566,-44
24027,1112,-51,1179,-41,1111,-51
24029,67,-9,69,-8,64,-9
24031,1348,-164,1391,-154,1347,-165
24033,859,-103,893,-99,858,-102
24035,149,-14,149,-13,148,-14
24037,402,-50,408,-50,402,-50
24039,108,-12,106,-12,103,-13
24041,175,-12,177,-12,171,-12
24043,775,-56,821,-48,776,-56
24045,317,-40,320,-40,317,-40
24047,146,-18,151,-17,146,-18
24510,628,-77,660,-74,635,-77
25001,1053,-90,1103,-82,1058,-90
25003,1347,-95,1438,-80,1355,-93
25005,2592,-308,2671,-294,2598,-306
25007,0,0,0,0,0,0
25009,2582,-288,2663,-274,2589,-288
25011,765,-51,810,-45,769,-50
25013,2662,-296,2759,-281,2666,-297
25015,1055,-94,1108,-85,1051,-95
25017,5547,-611,5747,-574,5559,-613
25019,0,0,0,0,0,0
25021,2251,-253,2327,-239,2247,-254
25023,1673,-195,1727,-185,1673,-195
25025,3361,-345,3518,-315,3370,-345
25027,4235,-439,4422,-408,4241,-437
26001,85,-2,85,-2,81,-2
26003,58,-6,58,-6,57,-6
26005,1264,-95,1324,-85,1276,-95
26007,394,-7,415,-3,402,-7
26009,358,-10,373,-7,359,-9
26011,144,-12,144,-12,140,-12
26013,107,-6,113,-5,111,-6
26015,761,-50,783,-48,755,-52
26017,871,-108,877,-107,869,-108
26019,121,-15,121,-15,118,-15
26021,1724,-118,1796,-103,1723,-118
26023,894,-51,943,-44,904,-50
26025,1167,-136,1184,-134,1166,-137
26027,405,-31,420,-29,404,-31
26029,231,-13,236,-12,233,-13
26031,198,-10,208,-9,200,-10
26033,350,-42,356,-42,351,-42
26035,553,-22,580,-18,556,-21
26037,2217,-108,2376,-87,2238,-106
26039,200,-7,204,-6,201,-7
26041,305,-36,310,-35,304,-36
26043,318,-33,328,-31,317,-32
26045,959,-105,988,-100,958,-105
26047,293,-22,302,-22,295,-24
26049,2757,-282,2848,-269,2758,-281
26051,218,-15,223,-14,208,-16
26053,135,-11,137,-11,136,-12
26055,595,-58,609,-55,599,-56
26057,1125,-41,1198,-32,1138,-42
26059,868,-30,895,-26,864,-29
26061,198,-27,196,-27,196,-27
26063,491,-29,503,-26,492,-29
26065,2032,-247,2069,-240,2036,-245
26067,938,-66,976,-59,933,-66
26069,237,-7,244,-7,240,-7
26071,264,-14,278,-13,263,-14
26073,744,-56,780,-50,749,-54
26075,1163,-140,1176,-138,1166,-140
26077,1880,-191,1951,-180,1888,-192
26079,348,-17,366,-14,351,-16
26081,4877,-502,5048,-472,4882,-502
26083,5,-1,5,-1,5,-1
26085,174,-4,182,-4,175,-5
26087,558,-64,569,-62,560,-63
26089,130,-13,131,-13,130,-13
26091,985,-82,1016,-76,970,-83
26093,939,-137,939,-137,938,-137
26095,50,-5,52,-5,53,-5
26097,76,-9,77,-9,77,-9
26099,8177,-609,8639,-534,8193,-610
26101,408,-16,437,-13,411,-15
26103,561,-73,560,-72,562,-73
26105,662,-33,696,-29,659,-34
26107,682,-36,712,-32,690,-37
26109,276,-18,294,-15,282,-18
26111,699,-67,717,-65,697,-67
26113,213,-9,220,-8,217,-9
26115,780,-95,805,-91,782,-95
26117,1307,-54,1376,-45,1321,-55
26119,94,-4,96,-4,95,-4
26121,1135,-113,1181,-106,1139,-112
26123,1072,-40,1121,-32,1070,-39
26125,10283,-922,10761,-844,10319,-912
26127,575,-18,594,-14,573,-18
26129,290,-12,299,-12,284,-14
26131,10,-1,10,-1,10,-1
26133,260,-12,268,-13,258,-13
26135,43,-5,44,-5,46,-4
26137,300,-15,313,-13,300,-14
26139,2928,-239,3062,-223,2949,-242
26141,121,-5,124,-4,121,-4
26143,185,-13,189,-11,192,-11
26145,1960,-194,1995,-186,1947,-191
26147,904,-104,933,-100,903,-103
26149,705,-42,730,-40,710,-41
26151,293,-25,304,-23,296,-24
26153,112,-6,119,-5,111,-5
26155,690,-72,716,-68,696,-70
26157,497,-50,517,-48,494,-49
26159,631,-55,649,-53,631,-54
26161,2049,-247,2094,-240,2052,-247
26163,13967,-1176,14694,-1047,13990,-1169
26165,914,-28,945,-23,931,-25
27001,309,-1,319,-1,315,-1
27003,6045,-440,6355,-394,6079,-442
27005,1133,-26,1180,-22,1139,-26
27007,1146,-36,1189,-30,1150,-38
27009,1308,-73,1399,-60,1314,-73
27011,171,-5,177,-4,170,-4
27013,1662,-92,1759,-78,1678,-90
27015,559,-30,589,-26,558,-29
27017,1971,-20,2057,-9,1980,-18
27019,1789,-134,1879,-119,1806,-134
27021,705,-21,716,-17,706,-19
27023,417,-10,441,-7,417,-10
27025,1321,-52,1410,-40,1322,-53
27027,1821,-112,1931,-96,1839,-107
27029,191,-8,198,-6,192,-8
27031,9,-1,11,-1,11,-1
27033,190,-14,199,-12,190,-13
27035,1726,-58,1780,-51,1729,-56
27037,6563,-543,6815,-499,6556,-541
27039,374,-33,388,-31,377,-32
27041,984,-32,1019,-31,1001,-31
27043,349,-18,365,-16,352,-18
27045,377,-19,402,-17,384,-18
27047,635,-49,668,-42,643,-47
27049,956,-65,1006,-59,958,-65
27051,194,-5,207,-3,196,-4
27053,15707,-1331,16384,-1211,15689,-1318
27055,218,-13,232,-11,220,-12
27057,374,-20,385,-18,369,-20
27059,881,-36,911,-31,890,-36
27061,1005,-30,1032,-25,1021,-28
27063,134,-6,139,-6,136,-6
27065,341,-8,352,-7,343,-6
27067,986,-50,1034,-42,998,-48
27069,54,-1,61,0,56,-1
27071,442,-7,451,-5,440,-6
27073,105,-6,111,-5,106,-6
27075,238,-8,248,-6,242,-8
27077,22,-2,25,-1,23,-2
27079,445,-21,452,-18,442,-20
27081,60,-5,60,-5,59,-5
27083,435,-26,449,-24,436,-26
27085,1142,-46,1215,-37,1147,-45
27087,199,-5,215,-3,201,-5
27089,179,-4,188,-2,185,-4
27091,518,-24,551,-19,521,-24
27093,539,-17,565,-11,549,-15
27095,621,-18,638,-15,619,-19
27097,1003,-29,1039,-24,1018,-26
27099,457,-56,465,-55,455,-56
27101,86,-6,89,-6,89,-6
27103,821,-42,864,-32,820,-40
27105,438,-23,451,-21,437,-23
27107,283,-5,289,-4,280,-5
27109,2375,-239,2453,-226,2383,-238
27111,2040,-27,2109,-20,2067,-27
27113,384,-11,402,-8,392,-10
27115,618,-24,665,-14,615,-22
27117,86,-5,89,-5,87,-5
27119,1137,-28,1187,-19,1147,-26
27121,397,-11,413,-9,392,-12
27123,6509,-566,6796,-514,6519,-561
27125,43,-3,45,-3,44,-3
27127,306,-15,324,-12,306,-15
27129,381,-10,392,-7,379,-8
27131,1324,-87,1380,-79,1321,-88
27133,107,-9,109,-8,107,-9
27135,292,-22,296,-20,290,-22
27137,5006,-251,5239,-210,5035,-243
27139,2228,-166,2327,-147,2212,-166
27141,1555,-127,1620,-117,1558,-127
27143,328,-11,344,-8,333,-9
27145,3559,-246,3740,-210,3584,-241
27147,688,-51,706,-48,682,-52
27149,256,-13,277,-11,261,-12
27151,313,-3,328,-2,315,-2
27153,559,-15,596,-10,568,-15
27155,31,-3,34,-2,28,-3
27157,474,-24,505,-20,484,-23
27159,313,-17,325,-16,315,-17
27161,650,-19,680,-14,651,-19
27163,4632,-347,4858,-307,4627,-345
27165,237,-15,242,-13,236,-15
27167,118,-4,120,-3,118,-4
27169,912,-60,950,-52,911,-60
27171,2273,-126,2387,-107,2272,-125
27173,217,-6,229,-3,221,-5
28001,1362,9,1416,13,1363,10
28003,623,-49,650,-45,620,-50
28005,239,-13,257,-11,243,-13
28007,1051,9,1092,16,1057,13
28009,142,-6,156,-5,146,-6
28011,632,-23,672,-16,643,-21
28013,229,-20,243,-17,225,-20
28015,95,-6,100,-5,99,-6
28017,386,-26,408,-22,379,-26
28019,199,-9,206,-7,194,-9
28021,59,-6,59,-6,58,-6
28023,347,-9,349,-8,344,-9
28025,232,-12,252,-9,235,-13
28027,698,0,698,0,693,0
28029,699,-9,734,-2,689,-8
28031,139,-16,143,-15,134,-16
28033,3520,-153,3754,-112,3522,-146
28035,1369,-91,1458,-78,1369,-91
28037,117,-6,125,-5,121,-5
28039,312,-20,321,-18,314,-19
28041,267,-13,280,-10,261,-13
28043,318,-16,346,-13,321,-16
28045,1530,-41,1631,-26,1537,-43
28047,6427,-128,6850,-70,6475,-130
28049,2092,-119,2247,-90,2092,-115
28051,217,-15,230,-13,212,-15
28053,152,-5,163,-3,155,-4
28055,2,-1,2,-1,1,-1
28057,490,-40,515,-36,494,-39
28059,1761,-115,1875,-98,1766,-117
28061,458,-9,482,-8,460,-9
28063,61,-4,65,-3,57,-4
28065,78,-7,84,-6,78,-6
28067,1089,-92,1146,-83,1096,-92
28069,80,-9,79,-9,78,-9
28071,1005,-70,1066,-61,1008,-71
28073,878,-69,925,-61,882,-68
28075,1377,-54,1429,-45,1389,-56
28077,259,-14,270,-12,258,-14
28079,494,-17,515,-12,495,-16
28081,1082,-90,1148,-79,1086,-89
28083,446,5,431,3,452,7
28085,1109,-20,1183,-11,1115,-18
28087,1487,-64,1593,-51,1487,-66
28089,1675,-59,1801,-40,1688,-61
28091,407,-34,432,-31,408,-34
28093,1186,-16,1290,-3,1206,-14
28095,758,-37,822,-28,769,-35
28097,93,-7,105,-6,98,-7
28099,523,-45,553,-41,526,-44
28101,880,-23,944,-14,887,-24
28103,240,-6,249,-4,238,-5
28105,2563,43,2573,43,2580,46
28107,767,-19,806,-14,767,-20
28109,761,-81,791,-77,760,-81
28111,180,-11,189,-10,185,-11
28113,2923,77,2920,71,2949,84
28115,986,-33,1059,-20,988,-32
28117,442,-36,474,-31,441,-35
28119,54,-4,56,-3,54,-4
28121,3538,-132,3762,-98,3548,-129
28123,319,-14,340,-10,320,-14
28125,60,-3,62,-2,58,-3
28127,740,-9,795,-2,762,-8
28129,350,-11,377,-8,355,-11
28131,407,-26,437,-22,410,-26
28133,368,6,360,4,372,7
28135,323,-7,331,-5,324,-7
28137,1019,-13,1090,-3,1021,-14
28139,700,-19,758,-10,710,-18
28141,495,-24,515,-21,499,-23
28143,91,-6,96,-5,91,-6
28145,684,-30,726,-24,690,-30
28147,324,-15,348,-13,328,-16
28149,670,-14,710,-9,677,-14
28151,1164,39,1105,20,1187,42
28153,794,-7,844,-1,806,-5
28155,247,-9,261,-7,250,-9
28157,21,-3,21,-3,21,-3
28159,415,-24,433,-21,411,-25
28161,241,-18,254,-15,239,-17
28163,285,-24,301,-21,284,-24
29001,212,-17,215,-16,207,-17
29003,181,-18,187,-16,182,-18
29005,230,-5,245,-4,227,-6
29007,188,-22,186,-22,188,-22
29009,389,-19,398,-17,394,-17
29011,158,-12,163,-11,154,-12
29013,150,-13,153,-13,147,-14
29015,280,-20,287,-18,278,-19
29017,78,-8,79,-8,79,-8
29019,1116,-149,1134,-148,1119,-149
29021,527,-74,530,-74,528,-74
29023,441,-30,443,-29,440,-29
29025,114,-3,119,-2,110,-3
29027,306,-41,306,-41,306,-41
29029,355,-38,359,-39,355,-38
29031,622,-72,624,-72,629,-71
29033,110,-8,116,-7,109,-8
29035,70,-7,72,-7,71,-7
29037,833,-82,863,-76,835,-82
29039,210,-11,222,-9,208,-11
29041,148,-5,154,-4,148,-5
29043,1241,-102,1299,-93,1243,-102
29045,75,-4,77,-4,74,-4
29047,2868,77,2681,26,2927,79
29049,219,-13,233,-11,219,-13
29051,396,-58,397,-58,394,-58
29053,166,-14,171,-13,171,-14
29055,195,-17,201,-16,195,-17
29057,92,-6,96,-5,89,-6
29059,197,-17,204,-15,194,-17
29061,73,-4,79,-3,78,-3
29063,84,-5,94,-3,88,-5
29065,174,-12,182,-11,174,-12
29067,180,-11,190,-10,178,-11
29069,481,-5,477,-8,492,-6
29071,758,-58,798,-51,765,-57
29073,99,-11,102,-10,100,-10
29075,79,-5,83,-5,77,-5
29077,3626,-337,3769,-311,3625,-335
29079,146,-6,152,-6,142,-7
29081,69,-3,77,-2,71,-3
29083,284,-27,290,-25,283,-26
29085,88,-7,91,-7,86,-7
29087,44,-3,42,-3,44,-3
29089,81,-9,81,-9,79,-9
29091,306,-40,305,-40,304,-40
29093,168,-9,172,-8,165,-10
29095,5442,-195,5573,-183,5506,-185
29097,1056,-111,1086,-104,1057,-111
29099,1800,-146,1900,-129,1806,-146
29101,420,-47,430,-46,417,-47
29103,42,-3,41,-3,41,-3
29105,331,-31,338,-30,329,-32
29107,348,-26,363,-24,349,-26
29109,397,-31,415,-28,403,-30
29111,149,-12,157,-10,149,-12
29113,328,-29,349,-26,335,-29
29115,132,-4,144,-3,137,-4
29117,166,-14,174,-13,168,-14
29119,153,-19,153,-19,153,-19
29121,197,-13,205,-12,199,-13
29123,149,-16,153,-16,150,-17
29125,50,-6,50,-6,48,-6
29127,314,-28,328,-26,318,-27
29129,21,-2,26,-2,21,-2
29131,176,-23,179,-22,176,-23
29133,194,-8,208,-6,198,-7
29135,95,-13,94,-13,95,-13
29137,68,-7,65,-7,70,-7
29139,131,-7,135,-6,133,-7
29141,116,-12,117,-13,117,-13
29143,254,-24,259,-24,255,-25
29145,445,-30,452,-29,444,-30
29147,303,-5,284,-9,296,-9
29149,81,-7,86,-6,81,-7
29151,80,-12,80,-12,80,-12
29153,92,-6,95,-5,89,-6
29155,192,0,191,-1,201,2
29157,211,-18,219,-17,208,-18
29159,494,-58,509,-56,501,-58
29161,454,-23,472,-21,454,-24
29163,169,-19,171,-18,170,-19
29165,752,8,706,-3,768,11
29167,418,-35,438,-32,416,-34
29169,438,-26,422,-31,440,-21
29171,24,-3,27,-2,24,-3
29173,101,-8,104,-7,101,-8
29175,186,-24,187,-24,186,-24
29177,199,-20,206,-19,198,-20
29179,47,-5,45,-5,47,-5
29181,120,-8,124,-7,123,-7
29183,1706,-176,1772,-167,1722,-174
29185,146,-12,151,-11,146,-12
29186,234,-13,257,-10,243,-13
29187,1363,-88,1408,-82,1365,-89
29189,7343,-409,7739,-342,7385,-404
29195,248,-27,249,-26,248,-27
29197,36,-2,37,-2,37,-2
29199,18,-2,22,-2,21,-2
29201,962,-2,936,-10,974,1
29203,206,-6,220,-6,210,-6
29205,40,-5,41,-5,42,-5
29207,192,-20,191,-20,190,-20
29209,411,-11,407,-12,414,-9
29211,97,-7,104,-6,101,-7
29213,460,-49,471,-46,455,-49
29215,188,-18,193,-18,189,-18
29217,215,-23,222,-21,213,-23
29219,205,-20,211,-18,204,-20
29221,249,-26,255,-25,249,-26
29223,98,-9,98,-9,96,-9
29225,618,-44,646,-37,615,-43
29227,6,-1,7,-1,7,-1
29229,148,-18,150,-17,150,-17
29510,1939,14,1675,-57,1994,15
30001,149,-7,154,-6,145,-8
30003,471,-16,492,-13,476,-15
30005,112,-6,123,-5,112,-6
30007,63,-2,61,-2,60,-2
30009,74,-5,74,-5,75,-5
30011,0,0,0,0,0,0
30013,3572,-131,3809,-96,3580,-128
30015,15,-1,21,0,16,-1
30017,240,-6,251,-4,243,-5
30019,0,0,0,0,0,0
30021,126,-7,129,-6,124,-6
30023,174,-8,182,-7,175,-7
30025,11,-2,12,-2,11,-2
30027,183,-5,194,-3,182,-4
30029,2805,-48,2932,-27,2830,-41
30031,938,-115,962,-112,947,-115
30033,0,0,0,0,0,0
30035,652,-21,695,-14,654,-21
30037,0,0,0,0,0,0
30039,2,-1,2,-1,2,-1
30041,490,-13,495,-12,493,-12
30043,254,-1,256,-2,255,-2
30045,0,0,0,0,0,0
30047,506,-29,511,-29,515,-28
30049,2632,-90,2773,-70,2643,-87
30051,5,-1,5,-1,5,-1
30053,491,-9,519,-6,489,-7
30055,0,0,0,0,0,0
30057,89,-3,97,-3,89,-3
30059,14,-2,14,-2,15,-2
30061,81,-6,84,-5,79,-6
30063,3482,-172,3696,-142,3507,-172
30065,0,0,1,0,0,0
30067,211,-23,212,-23,213,-23
30069,0,0,0,0,0,0
30071,12,-1,18,0,12,-1
30073,54,-3,60,-2,55,-3
30075,0,0,0,0,0,0
30077,106,-6,106,-6,106,-6
30079,0,0,0,0,0,0
30081,542,0,509,-5,542,3
30083,239,-5,251,-3,237,-7
30085,516,-5,531,-3,518,-6
30087,26,0,32,0,23,0
30089,58,-7,61,-6,59,-7
30091,23,0,24,0,24,0
30093,366,-47,366,-47,365,-46
30095,87,-1,93,1,90,0
30097,17,-2,17,-2,16,-2
30099,27,-3,31,-2,27,-3
30101,33,-3,34,-2,35,-2
30103,0,0,0,0,0,0
30105,87,-2,91,-1,87,-2
30107,20,-1,21,0,17,-1
30109,0,0,0,0,0,0
30111,3302,-189,3413,-176,3307,-191
31001,280,-26,288,-25,278,-26
31003,66,-3,69,-3,66,-3
31005,0,0,0,0,0,0
31007,0,0,0,0,0,0
31009,0,0,0,0,0,0
31011,37,-3,37,-3,37,-3
31013,67,-10,67,-10,68,-10
31015,8,-1,8,-1,8,-1
31017,0,0,0,0,0,0
31019,652,-17,647,-19,648,-16
31021,68,-5,74,-5,69,-5
31023,94,-5,99,-5,95,-6
31025,194,-20,201,-19,195,-20
31027,121,-4,127,-3,123,-4
31029,16,-1,14,-1,14,0
31031,1,0,0,0,1,0
31033,98,-5,101,-4,95,-6
31035,110,-4,113,-4,103,-5
31037,90,-4,93,-4,90,-3
31039,78,-5,85,-4,81,-5
31041,92,-4,93,-4,93,-4
31043,102,-13,105,-13,104,-13
31045,24,-2,25,-1,24,-2
31047,156,-10,160,-9,157,-10
31049,3,-1,3,-1,3,-1
31051,60,-5,61,-4,55,-5
31053,366,-32,380,-30,365,-32
31055,5464,-400,5710,-354,5462,-400
31057,0,0,0,0,0,0
31059,56,-4,62,-3,55,-4
31061,9,0,5,0,8,0
31063,19,0,21,0,19,0
31065,81,-4,83,-4,82,-4
31067,199,-7,211,-5,202,-6
31069,16,-1,20,0,15,-1
31071,5,-1,4,-1,4,-1
31073,6,-1,6,-1,6,-1
31075,0,0,0,0,0,0
31077,10,-1,10,-1,9,-1
31079,387,-55,384,-55,384,-55
31081,148,-8,152,-7,148,-8
31083,5,0,6,0,6,0
31085,0,0,0,0,0,0
31087,21,0,21,0,21,0
31089,111,-6,116,-5,110,-6
31091,0,0,0,0,0,0
31093,31,-5,30,-5,31,-5
31095,39,-3,38,-3,38,-3
31097,17,-1,21,0,17,-1
31099,57,-4,65,-3,58,-4
31101,69,-6,72,-6,72,-5
31103,0,0,0,0,0,0
31105,7,-1,6,-1,6,-1
31107,84,-5,92,-4,84,-5
31109,2875,-287,2962,-271,2890,-283
31111,504,-25,516,-22,498,-26
31113,0,0,0,0,0,0
31115,0,0,0,0,0,0
31117,0,0,0,0,0,0
31119,301,-33,305,-33,308,-33
31121,67,-7,70,-6,67,-7
31123,99,-1,102,0,98,-1
31125,23,-2,27,-1,24,-2
31127,101,-6,108,-5,102,-5
31129,54,-3,56,-2,55,-3
31131,147,-12,154,-10,150,-12
31133,21,0,21,0,21,0
31135,7,-1,7,-1,7,-1
31137,166,-10,177,-7,168,-10
31139,72,-4,75,-4,73,-4
31141,243,-25,248,-24,245,-25
31143,46,-4,50,-4,44,-4
31145,162,-3,176,-1,165,-3
31147,153,-7,162,-6,153,-7
31149,0,0,0,0,0,0
31151,120,-11,122,-10,122,-10
31153,1737,-170,1809,-155,1745,-169
31155,155,-12,163,-11,157,-11
31157,510,-39,536,-36,513,-38
31159,102,-8,109,-7,104,-7
31161,18,-1,21,0,18,-1
31163,23,-2,24,-1,23,-1
31165,0,0,0,0,0,0
31167,26,-2,29,-1,26,-2
31169,40,-3,40,-3,38,-4
31171,0,0,0,0,0,0
31173,67,-10,67,-10,67,-10
31175,34,-2,35,-2,33,-2
31177,182,-16,186,-14,175,-16
31179,38,-3,38,-3,39,-3
31181,15,-2,15,-2,15,-2
31183,0,0,0,0,0,0
31185,191,-20,199,-18,195,-19
32001,584,-38,593,-36,588,-38
32003,10113,-1510,10117,-1510,10113,-1510
32005,549,-50,554,-49,548,-51
32007,342,-52,342,-52,342,-52
32009,0,0,0,0,0,0
32011,6,-2,6,-2,6,-2
32013,146,-21,146,-21,147,-21
32015,53,-4,56,-4,52,-4
32017,0,0,0,0,0,0
32019,622,-80,623,-80,623,-80
32021,0,0,0,0,0,0
32023,564,-13,576,-13,569,-13
32027,39,-3,42,-3,40,-3
32029,12,-2,12,-2,13,-2
32031,3410,-482,3415,-480,3414,-481
32033,62,-9,62,-9,63,-9
32510,954,-99,957,-100,965,-99
33001,717,-47,743,-43,720,-46
33003,526,-15,549,-13,536,-14
33005,1288,-54,1362,-42,1294,-51
33007,544,-18,552,-17,544,-17
33009,1616,-83,1712,-67,1634,-80
33011,3016,-245,3170,-222,3016,-243
33013,1254,-106,1320,-95,1244,-105
33015,2421,-179,2552,-152,2407,-178
33017,1438,-85,1510,-75,1441,-86
33019,745,-27,778,-22,755,-24
34001,909,-110,932,-105,915,-110
34003,1985,-212,2088,-194,1994,-210
34005,1902,-159,2010,-140,1897,-160
34007,1346,-151,1391,-145,1347,-152
34009,326,-31,339,-29,326,-30
34011,710,-89,723,-86,709,-89
34013,1028,-118,1071,-109,1025,-118
34015,1258,-105,1336,-90,1253,-104
34017,881,-129,895,-127,883,-129
34019,360,-31,386,-28,361,-31
34021,1074,-95,1129,-83,1074,-95
34023,2507,-242,2622,-223,2490,-246
34025,1721,-171,1803,-160,1721,-171
34027,783,-104,800,-102,778,-104
34029,2117,-206,2210,-189,2106,-208
34031,1148,-123,1200,-112,1156,-121
34033,203,-24,206,-23,200,-24
34035,589,-58,624,-51,587,-58
34037,366,-35,381,-32,365,-35
34039,1314,-99,1406,-79,1317,-97
34041,293,-26,309,-23,294,-26
35001,6084,-605,6320,-563,6099,-605
35003,9,-2,9,-2,9,-2
35005,1034,-89,1071,-80,1019,-90
35006,520,-37,542,-35,521,-37
35007,158,-6,167,-4,156,-6
35009,618,-56,638,-53,618,-56
35011,0,0,0,0,0,0
35013,3446,-327,3599,-301,3448,-325
35015,706,-78,735,-73,707,-78
35017,542,-26,582,-18,543,-24
35019,44,-3,43,-3,41,-4
35021,0,0,0,0,0,0
35023,50,-3,54,-2,50,-3
35025,411,-40,426,-38,415,-39
35027,317,-20,326,-18,316,-19
35028,160,-23,161,-23,161,-23
35029,560,-28,578,-26,561,-26
35031,1254,-127,1308,-119,1252,-127
35033,26,-2,29,-1,26,-2
35035,1003,-63,1052,-55,1000,-63
35037,72,-4,77,-3,71,-4
35039,585,-56,606,-52,584,-56
35041,517,-19,557,-13,522,-18
35043,1589,-171,1649,-161,1587,-170
35045,2344,-190,2489,-168,2342,-189
35047,391,-32,399,-30,394,-32
35049,1272,-131,1305,-122,1273,-128
35051,160,-7,164,-6,158,-7
35053,277,-22,289,-21,284,-22
35055,336,-41,339,-41,341,-40
35057,118,-9,126,-8,124,-9
35059,48,-3,52,-3,46,-3
35061,806,-102,812,-101,803,-102
36001,1125,-93,1198,-82,1134,-94
36003,326,-18,342,-14,324,-18
36005,1832,-281,1834,-280,1830,-281
36007,1265,-70,1359,-56,1282,-68
36009,509,-41,533,-37,511,-42
36011,429,-33,448,-28,430,-32
36013,828,-48,883,-40,827,-49
36015,483,-43,509,-38,484,-43
36017,321,-25,347,-21,320,-24
36019,1054,-64,1112,-54,1054,-63
36021,265,-23,281,-21,267,-22
36023,371,-25,391,-21,369,-25
36025,303,-16,321,-13,301,-16
36027,846,-80,892,-71,845,-79
36029,3734,-330,3924,-295,3744,-325
36031,245,-16,259,-13,249,-15
36033,476,-22,508,-17,485,-22
36035,439,-34,466,-29,443,-33
36037,243,-26,247,-23,237,-25
36039,165,-14,169,-12,161,-14
36041,0,0,0,0,0,0
36043,401,-32,422,-27,403,-31
36045,918,-53,969,-45,921,-53
36047,5193,-677,5326,-657,5207,-676
36049,201,-10,208,-10,206,-10
36051,324,-25,336,-22,317,-25
36053,556,-34,583,-28,549,-34
36055,2886,-197,3063,-164,2895,-194
36057,294,-28,309,-26,295,-28
36059,2848,-280,3011,-251,2856,-277
36061,3732,-421,3888,-395,3727,-420
36063,749,-74,783,-69,752,-73
36065,1298,-102,1370,-93,1305,-103
36067,2854,-235,3024,-207,2846,-238
36069,628,-42,666,-38,631,-43
36071,2092,-202,2207,-185,2109,-201
36073,161,-17,164,-16,161,-17
36075,958,-65,1010,-57,951,-66
36077,398,-23,414,-19,400,-23
36079,169,-23,174,-22,165,-23
36081,3320,-496,3341,-491,3317,-496
36083,991,-61,1055,-47,994,-61
36085,970,-125,994,-120,974,-124
36087,477,-68,482,-67,475,-68
36089,1071,-48,1138,-40,1082,-49
36091,1166,-98,1248,-85,1177,-96
36093,698,-57,736,-51,709,-57
36095,183,-13,193,-12,181,-13
36097,96,-8,95,-8,91,-9
36099,270,-13,285,-11,275,-14
36101,848,-48,887,-41,847,-46
36103,3281,-323,3465,-293,3289,-322
36105,213,-25,217,-25,213,-25
36107,366,-25,385,-20,365,-25
36109,777,-50,832,-40,779,-50
36111,767,-50,809,-43,769,-51
36113,467,-28,501,-22,466,-27
36115,395,-27,427,-23,406,-27
36117,493,-43,508,-40,495,-42
36119,1809,-163,1925,-140,1808,-161
36121,149,-15,150,-14,146,-15
36123,113,-7,114,-7,111,-7
37001,1683,-160,1755,-147,1679,-161
37003,599,-55,624,-51,600,-55
37005,219,-9,231,-8,222,-10
37007,479,-35,505,-31,481,-34
37009,474,-31,506,-25,485,-29
37011,167,-11,176,-10,170,-11
37013,466,-50,483,-48,466,-50
37015,314,8,287,0,316,8
37017,404,-42,418,-40,404,-42
37019,1688,-148,1763,-133,1696,-147
37021,3247,-212,3460,-176,3255,-211
37023,2311,-102,2459,-78,2307,-102
37025,2517,-240,2628,-221,2519,-237
37027,1176,-98,1237,-88,1166,-97
37029,76,-6,79,-5,76,-6
37031,757,-51,794,-47,772,-50
37033,222,-22,231,-19,223,-21
37035,2587,-231,2718,-210,2598,-229
37037,839,-57,880,-49,848,-56
37039,473,-33,493,-30,477,-33
37041,163,-20,167,-19,166,-19
37043,242,-12,259,-10,242,-13
37045,1620,-142,1702,-129,1626,-141
37047,552,-67,555,-66,555,-67
37049,1863,-127,1968,-107,1864,-127
37051,6515,-470,6941,-401,6526,-469
37053,195,-20,202,-19,197,-20
37055,412,-26,434,-23,412,-26
37057,2008,-182,2099,-167,2011,-185
37059,558,-48,592,-43,566,-47
37061,871,-53,898,-48,868,-53
37063,2995,-277,3103,-254,3011,-277
37065,276,-30,285,-29,278,-30
37067,4146,-374,4356,-339,4145,-373
37069,925,-92,967,-85,923,-93
37071,2880,-247,3028,-223,2867,-248
37073,72,-7,72,-7,74,-7
37075,226,-14,245,-12,229,-15
37077,488,-61,495,-59,489,-62
37079,256,-31,264,-30,260,-30
37081,4454,-422,4647,-392,4441,-424
37083,428,-41,451,-37,428,-40
37085,1513,-153,1574,-143,1513,-153
37087,971,-67,1026,-58,979,-68
37089,1729,-78,1804,-69,1741,-78
37091,104,-12,105,-12,105,-12
37093,543,-65,554,-62,539,-66
37095,70,-6,72,-5,71,-6
37097,2190,-170,2330,-148,2204,-171
37099,889,-21,899,-19,896,-19
37101,2442,-246,2546,-231,2440,-247
37103,138,-12,151,-10,142,-12
37105,551,-67,566,-65,553,-67
37107,880,-84,919,-79,883,-85
37109,1375,-102,1451,-88,1376,-100
37111,985,-56,1049,-45,993,-55
37113,278,-26,287,-25,277,-26
37115,262,-20,281,-18,264,-20
37117,244,-27,254,-25,244,-27
37119,10525,-1093,10921,-1022,10542,-1096
37121,125,-8,127,-7,126,-8
37123,302,-33,303,-31,301,-32
37125,943,-103,971,-97,943,-102
37127,881,-95,924,-88,885,-95
37129,3167,-223,3330,-197,3205,-215
37131,133,-15,135,-15,132,-15
37133,3512,-306,3675,-279,3499,-303
37135,1196,-134,1200,-133,1195,-133
37137,109,-12,111,-11,105,-12
37139,493,-27,524,-20,493,-26
37141,628,-75,626,-75,626,-75
37143,92,-10,93,-9,94,-10
37145,355,-41,354,-41,357,-41
37147,1723,-213,1760,-207,1721,-213
37149,253,-15,264,-14,252,-15
37151,1754,-166,1845,-152,1761,-166
37153,325,-44,326,-44,326,-44
37155,1597,-153,1670,-141,1598,-154
37157,1508,-95,1608,-81,1519,-94
37159,1770,-161,1851,-147,1774,-160
37161,1205,-88,1293,-76,1210,-88
37163,561,-71,560,-71,561,-71
37165,325,-33,333,-32,321,-33
37167,884,-92,916,-87,883,-93
37169,481,-50,501,-46,482,-50
37171,990,-80,1042,-71,989,-79
37173,253,-12,266,-10,259,-11
37175,206,-17,206,-17,204,-17
37177,34,-5,37,-4,39,-5
37179,2632,-261,2742,-240,2622,-261
37181,541,-48,575,-45,544,-48
37183,11537,-1207,12043,-1122,11579,-1203
37185,192,-19,198,-18,194,-19
37187,110,-13,110,-13,106,-13
37189,1484,-71,1575,-53,1487,-71
37191,1258,-117,1313,-104,1255,-115
37193,1347,-83,1437,-69,1347,-83
37195,842,-66,900,-55,852,-66
37197,635,-41,683,-33,640,-41
37199,87,-10,89,-10,88,-10
38001,0,0,0,0,0,0
38003,183,-11,196,-9,183,-11
38005,148,-7,151,-6,147,-7
38007,0,0,0,0,0,0
38009,137,-8,139,-7,135,-8
38011,32,-3,34,-2,31,-3
38013,0,0,0,0,0,0
38015,1549,-139,1623,-127,1560,-139
38017,2391,-229,2518,-211,2403,-229
38019,10,-2,11,-2,11,-2
38021,123,-5,129,-4,119,-5
38023,8,-2,8,-2,8,-2
38025,33,-2,37,-1,34,-2
38027,15,-1,17,-1,14,-1
38029,15,0,20,1,15,0
38031,31,-2,31,-2,31,-2
38033,0,0,0,0,1,0
38035,1050,-98,1105,-89,1055,-96
38037,0,0,0,0,0,0
38039,13,-1,16,-1,15,-1
38041,11,-2,12,-2,11,-2
38043,3,-1,3,-1,4,-1
38045,11,-2,11,-2,11,-2
38047,1,0,2,0,1,0
38049,4,-1,11,-1,5,-1
38051,20,-2,22,-1,21,-1
38053,139,-6,144,-6,143,-5
38055,143,-9,149,-8,142,-9
38057,127,-9,132,-9,129,-9
38059,498,-35,525,-31,499,-36
38061,216,-12,226,-11,217,-12
38063,11,-1,11,-1,10,-1
38065,0,0,0,0,0,0
38067,103,-7,107,-6,106,-7
38069,45,-3,48,-3,49,-3
38071,374,-8,387,-6,375,-7
38073,116,-8,122,-6,117,-7
38075,0,0,0,0,0,0
38077,180,-16,181,-15,183,-15
38079,251,-24,264,-21,254,-23
38081,40,-2,40,-2,39,-2
38083,0,0,0,0,0,0
38085,76,-5,77,-5,77,-5
38087,0,0,0,0,0,0
38089,668,-54,690,-49,663,-54
38091,0,0,0,0,0,0
38093,618,-31,648,-27,616,-31
38095,23,-3,25,-2,23,-3
38097,51,-8,50,-8,50,-8
38099,183,-14,191,-14,187,-14
38101,801,-87,826,-85,809,-87
38103,20,-2,25,-1,21,-2
38105,438,-36,452,-35,448,-35
39001,245,-29,243,-29,243,-30
39003,453,-68,455,-68,455,-68
39005,234,-25,242,-23,237,-25
39007,342,-24,352,-22,334,-26
39009,326,-40,331,-40,329,-39
39011,213,-29,216,-29,216,-28
39013,486,-54,502,-53,490,-54
39015,342,-44,344,-43,343,-44
39017,1630,-222,1640,-220,1625,-222
39019,101,-10,106,-10,101,-10
39021,254,-30,259,-30,256,-30
39023,722,-100,722,-99,723,-100
39025,1164,-155,1174,-154,1165,-156
39027,312,-37,317,-36,314,-36
39029,437,-36,453,-34,440,-36
39031,152,-22,151,-22,152,-22
39033,325,-27,339,-24,325,-27
39035,1881,-143,2011,-124,1876,-143
39037,389,-41,399,-39,392,-41
39039,202,-26,202,-26,200,-26
39041,980,-109,995,-106,972,-110
39043,180,-21,187,-20,181,-21
39045,803,-81,819,-81,805,-80
39047,236,-30,238,-29,238,-30
39049,3877,-495,3915,-485,3879,-495
39051,175,-22,173,-22,173,-22
39053,379,-31,391,-29,388,-30
39055,102,-10,104,-10,106,-10
39057,961,-102,991,-97,971,-101
39059,207,-28,208,-28,205,-28
39061,2740,-337,2783,-326,2738,-335
39063,240,-33,239,-33,240,-33
39065,182,-17,185,-16,182,-17
39067,107,-10,109,-9,112,-9
39069,117,-16,117,-16,116,-16
39071,306,-38,315,-37,311,-37
39073,265,-22,279,-20,265,-21
39075,62,-8,62,-8,62,-8
39077,128,-17,131,-17,128,-17
39079,473,-33,504,-26,479,-31
39081,282,-38,283,-38,283,-38
39083,324,-32,331,-30,324,-33
39085,292,-24,307,-21,297,-23
39087,1070,-89,1136,-79,1075,-89
39089,734,-88,745,-85,739,-88
39091,200,-25,203,-25,198,-25
39093,423,-47,438,-46,423,-48
39095,1202,-155,1239,-149,1214,-154
39097,120,-16,119,-16,120,-16
39099,435,-53,442,-52,436,-52
39101,323,-46,322,-46,321,-46
39103,344,-38,352,-36,347,-38
39105,200,-16,202,-15,201,-16
39107,161,-20,161,-19,158,-20
39109,401,-60,400,-60,399,-60
39111,108,-12,108,-12,104,-12
39113,2748,-324,2814,-309,2766,-322
39115,160,-8,168,-7,158,-8
39117,133,-15,133,-14,134,-15
39119,450,-61,449,-60,448,-61
39121,86,-9,86,-9,88,-9
39123,130,-14,138,-13,134,-14
39125,159,-16,165,-15,161,-15
39127,176,-24,176,-24,176,-24
39129,269,-38,272,-38,270,-38
39131,310,-27,319,-26,314,-26
39133,373,-40,385,-39,373,-41
39135,375,-35,394,-33,372,-35
39137,128,-11,132,-10,129,-10
39139,579,-59,594,-54,578,-57
39141,472,-65,474,-64,470,-64
39143,175,-21,176,-21,175,-21
39145,698,-94,696,-94,698,-94
39147,175,-25,176,-25,175,-25
39149,178,-25,177,-25,178,-25
39151,580,-81,580,-81,578,-81
39153,651,-78,673,-74,646,-78
39155,331,-44,338,-43,333,-44
39157,224,-30,222,-30,222,-30
39159,495,-46,514,-42,498,-47
39161,194,-19,199,-19,192,-20
39163,157,-11,165,-10,159,-11
39165,1101,-150,1108,-148,1104,-150
39167,494,-46,509,-43,498,-45
39169,275,-32,285,-31,278,-32
39171,160,-21,160,-21,162,-21
39173,461,-68,459,-68,457,-68
39175,94,-12,98,-12,95,-12
40001,926,-60,972,-52,919,-61
40003,137,-5,142,-4,135,-5
40005,327,-17,342,-14,327,-17
40007,22,-2,28,-1,21,-2
40009,691,-34,729,-26,700,-33
40011,363,-15,380,-12,358,-14
40013,1189,-84,1263,-71,1198,-83
40015,640,-54,687,-48,653,-54
40017,2843,-237,2997,-210,2846,-237
40019,1420,-89,1508,-77,1428,-89
40021,1910,-123,2025,-105,1914,-122
40023,549,-22,574,-19,551,-21
40025,16,-1,21,0,16,-1
40027,6867,-513,7334,-442,6911,-508
40029,271,-7,293,-4,278,-6
40031,2950,-205,3122,-177,2967,-204
40033,123,-5,132,-3,124,-5
40035,654,-29,701,-22,659,-29
40037,2844,-126,3043,-97,2861,-127
40039,887,-43,941,-34,890,-42
40041,1342,-71,1438,-57,1351,-69
40043,59,-2,62,-2,60,-3
40045,30,-3,33,-2,32,-3
40047,2035,-68,2165,-43,2049,-65
40049,965,-41,1032,-31,967,-38
40051,1323,-94,1394,-83,1325,-96
40053,63,-4,69,-3,64,-4
40055,169,-8,185,-5,171,-8
40057,52,-2,53,-1,52,-1
40059,10,-2,10,-2,10,-2
40061,533,-18,562,-14,534,-17
40063,483,-13,511,-11,491,-12
40065,940,-45,997,-36,946,-45
40067,98,-5,108,-4,98,-5
40069,349,-20,370,-17,347,-20
40071,1343,-69,1442,-55,1354,-69
40073,495,-16,519,-13,504,-13
40075,390,-13,411,-9,396,-13
40077,511,-14,534,-11,505,-14
40079,1707,-80,1797,-65,1725,-78
40081,1167,-46,1242,-34,1165,-47
40083,1105,-60,1192,-49,1112,-62
40085,295,-18,316,-15,298,-18
40087,1005,-73,1070,-65,1013,-74
40089,854,-33,888,-30,861,-31
40091,787,-37,844,-27,800,-35
40093,278,-20,295,-17,281,-20
40095,441,-26,467,-23,442,-26
40097,2146,-70,2275,-50,2151,-68
40099,545,-34,577,-28,546,-33
40101,2884,-135,3085,-104,2889,-132
40103,523,-20,551,-16,529,-20
40105,394,-15,422,-11,396,-15
40107,462,-24,489,-22,460,-26
40109,16599,-1086,17557,-932,16619,-1090
40111,1840,-65,1979,-44,1853,-64
40113,1211,-51,1299,-37,1214,-50
40115,1011,-55,1078,-44,1012,-54
40117,419,-25,435,-21,413,-25
40119,2103,-135,2232,-118,2114,-135
40121,1659,-82,1772,-66,1672,-81
40123,1970,-110,2094,-89,1975,-107
40125,2121,-156,2249,-137,2120,-157
40127,312,-21,328,-18,308,-21
40129,20,-2,22,-2,19,-2
40131,2892,-166,3088,-135,2893,-165
40133,804,-42,859,-32,810,-41
40135,1369,-72,1451,-59,1379,-70
40137,1153,-33,1207,-25,1158,-33
40139,499,-22,523,-19,500,-22
40141,163,-7,174,-5,162,-7
40143,21847,-1146,23255,-937,21988,-1130
40145,2404,-145,2565,-121,2405,-146
40147,2046,-77,2189,-53,2063,-73
40149,314,-16,336,-13,309,-17
40151,266,-10,285,-8,272,-10
40153,621,-11,654,-5,617,-12
41001,314,-7,314,-6,306,-7
41003,1282,-93,1353,-80,1283,-93
41005,5369,-168,5542,-154,5407,-164
41007,817,5,795,-1,820,5
41009,544,-47,564,-43,547,-46
41011,959,-51,1012,-42,959,-48
41013,582,-42,607,-37,582,-42
41015,534,7,529,5,549,6
41017,2683,-229,2810,-205,2675,-227
41019,1784,-70,1851,-56,1802,-69
41021,0,0,0,0,0,0
41023,54,-7,55,-6,56,-6
41025,203,-1,215,2,204,-1
41027,411,-11,425,-8,415,-10
41029,2819,-206,2953,-184,2812,-206
41031,434,-40,457,-36,439,-39
41033,1254,-77,1310,-65,1252,-74
41035,1616,-71,1680,-63,1624,-68
41037,103,-4,111,-2,106,-4
41039,5838,-355,6179,-304,5910,-348
41041,1249,-19,1299,-15,1256,-18
41043,2644,-168,2795,-146,2644,-168
41045,418,-46,420,-45,413,-45
41047,5868,-434,6174,-382,5877,-434
41049,121,-16,120,-16,119,-16
41051,7709,-378,8127,-312,7774,-375
41053,1784,-74,1847,-69,1802,-73
41055,11,-2,11,-2,11,-2
41057,554,-10,588,-8,563,-11
41059,870,-85,916,-76,876,-84
41061,501,-26,526,-23,503,-25
41063,64,-4,67,-3,65,-4
41065,523,-35,535,-33,520,-35
41067,7533,-358,7837,-302,7581,-348
41069,10,-2,10,-2,10,-2
41071,1921,-127,2051,-110,1929,-127
42001,722,-58,756,-53,722,-59
42003,6587,-651,6849,-606,6610,-648
42005,307,-29,324,-26,308,-29
42007,1218,-121,1278,-111,1222,-121
42009,307,-28,315,-25,307,-28
42011,1458,-148,1531,-137,1464,-148
42013,1053,-96,1096,-87,1048,-94
42015,573,-48,609,-43,575,-47
42017,2181,-164,2315,-138,2179,-164
42019,1279,-99,1342,-89,1274,-99
42021,1108,-103,1176,-92,1114,-102
42023,44,-2,49,-2,44,-2
42025,264,-24,272,-22,263,-25
42027,937,-80,973,-75,937,-80
42029,1686,-144,1784,-129,1681,-146
42031,338,-11,333,-14,335,-11
42033,707,-60,745,-53,714,-58
42035,316,-25,334,-22,314,-24
42037,646,-41,688,-34,652,-42
42039,778,-37,803,-33,774,-38
42041,1479,-140,1545,-129,1480,-139
42043,1362,-116,1432,-103,1356,-118
42045,1670,-134,1775,-115,1674,-134
42047,279,-20,294,-18,277,-21
42049,1312,-106,1394,-93,1316,-106
42051,1353,-98,1394,-89,1341,-97
42053,123,-5,130,-4,130,-5
42055,1132,-104,1194,-93,1134,-102
42057,146,-10,155,-9,149,-10
42059,218,-25,221,-25,220,-25
42061,497,-41,518,-38,498,-43
42063,750,-58,796,-51,758,-56
42065,333,-28,343,-26,331,-28
42067,296,-11,312,-9,299,-12
42069,1448,-117,1529,-105,1449,-116
42071,2587,-196,2740,-172,2579,-198
42073,424,-41,442,-38,423,-41
42075,622,-64,652,-60,623,-63
42077,1045,-95,1107,-83,1053,-94
42079,1711,-138,1803,-119,1713,-136
42081,998,-74,1053,-67,1001,-73
42083,204,-23,200,-22,201,-23
42085,686,-49,718,-43,694,-45
42087,704,-44,738,-38,712,-44
42089,634,-48,679,-41,634,-48
42091,2774,-246,2921,-218,2759,-246
42093,139,-14,140,-13,134,-14
42095,955,-89,1002,-78,947,-90
42097,777,-68,813,-61,777,-68
42099,310,-24,323,-22,308,-25
42101,3640,-320,3892,-278,3657,-317
42103,236,-18,247,-16,238,-18
42105,151,-5,159,-5,154,-6
42107,822,-82,857,-76,827,-82
42109,361,-23,387,-19,361,-24
42111,550,-55,570,-50,556,-55
42113,43,-3,44,-2,42,-3
42115,192,-18,198,-17,191,-18
42117,215,-19,230,-17,218,-18
42119,328,-31,342,-28,335,-30
42121,257,-29,259,-29,258,-29
42123,376,-12,396,-10,383,-12
42125,1592,-129,1669,-117,1594,-128
42127,263,-19,277,-16,260,-18
42129,2612,-214,2752,-191,2635,-212
42131,120,-12,119,-11,115,-12
42133,2567,-251,2680,-232,2563,-250
44001,956,-89,1006,-81,964,-89
44003,3901,-340,4096,-307,3908,-341
44005,1884,-138,1996,-119,1892,-138
44007,14512,-1327,15239,-1214,14530,-1324
44009,3075,-232,3246,-203,3076,-236
45001,318,-31,328,-29,313,-31
45003,2250,-175,2336,-160,2251,-175
45005,116,-7,124,-6,118,-8
45007,2549,-228,2665,-208,2545,-226
45009,189,-15,199,-14,191,-15
45011,322,-24,335,-23,325,-23
45013,3799,-145,4009,-110,3819,-133
45015,2010,-216,2079,-203,2008,-217
45017,158,-8,165,-8,159,-9
45019,5900,-457,6222,-406,5897,-456
45021,379,-43,382,-43,380,-43
45023,415,-37,431,-34,412,-37
45025,1199,-54,1268,-45,1215,-52
45027,625,-51,654,-45,630,-51
45029,734,-29,757,-25,733,-29
45031,1168,-84,1236,-73,1165,-83
45033,405,-37,422,-33,411,-37
45035,1886,-198,1975,-185,1893,-199
45037,335,-27,357,-24,337,-27
45039,504,-32,526,-28,502,-31
45041,2118,-176,2235,-159,2098,-176
45043,1572,-69,1679,-52,1580,-66
45045,8635,-665,9131,-584,8642,-666
45047,1457,-134,1522,-122,1453,-135
45049,257,-23,265,-22,259,-24
45051,6171,-444,6520,-381,6197,-434
45053,536,-6,536,-8,546,-4
45055,963,-95,1005,-89,966,-95
45057,1460,-113,1527,-99,1466,-112
45059,882,-72,914,-66,869,-71
45061,210,-21,213,-20,211,-21
45063,4928,-463,5125,-430,4923,-464
45065,162,-5,169,-5,163,-5
45067,288,-37,292,-37,287,-37
45069,444,-38,451,-37,437,-38
45071,438,-53,443,-53,437,-54
45073,1295,-126,1354,-119,1308,-125
45075,751,-76,775,-73,758,-76
45077,2277,-253,2343,-241,2265,-254
45079,4559,-425,4799,-386,4565,-426
45081,158,-10,159,-10,161,-9
45083,3005,-333,3105,-316,2995,-332
45085,1146,-108,1194,-100,1150,-109
45087,252,-33,256,-33,253,-33
45089,585,-36,626,-29,590,-35
45091,3798,-331,4009,-299,3807,-333
46003,5,-1,5,-1,5,-1
46005,207,-8,211,-8,203,-10
46007,12,-2,15,-2,14,-2
46009,23,-4,27,-4,25,-4
46011,146,-22,146,-22,146,-22
46013,401,-34,420,-32,399,-34
46015,25,-4,28,-4,25,-4
46017,0,0,0,0,0,0
46019,248,-7,251,-7,247,-6
46021,0,0,0,0,0,0
46023,154,-10,156,-10,154,-10
46025,11,-2,11,-2,11,-2
46027,124,-15,125,-14,123,-15
46029,431,-30,446,-27,431,-30
46031,51,-3,57,-2,51,-3
46033,92,-7,97,-6,94,-7
46035,133,-16,137,-15,135,-16
46037,40,-4,44,-3,41,-4
46039,22,-2,20,-2,20,-2
46041,35,-2,36,-2,35,-2
46043,7,-1,8,-1,7,-1
46045,19,-3,19,-3,19,-3
46047,157,-9,168,-7,157,-9
46049,0,0,0,0,0,0
46051,45,-4,53,-4,48,-4
46053,34,-2,33,-2,32,-2
46055,0,0,0,0,0,0
46057,49,-4,49,-4,49,-4
46059,20,0,21,0,18,-1
46061,4,-1,4,-1,4,-1
46063,0,0,0,0,0,0
46065,120,-9,123,-8,122,-10
46067,66,-4,67,-4,66,-5
46069,0,0,0,0,0,0
46071,6,-1,7,-1,5,-1
46073,6,-1,6,-1,6,-1
46075,0,0,0,0,0,0
46077,47,-4,47,-4,46,-4
46079,44,-6,43,-6,44,-6
46081,386,-14,386,-15,384,-15
46083,158,-21,159,-21,157,-21
46085,10,-1,11,-1,9,-1
46087,13,-2,13,-2,14,-2
46089,0,0,0,0,0,0
46091,32,-3,36,-2,32,-3
46093,309,-24,317,-22,309,-23
46095,11,-2,11,-2,10,-2
46097,0,0,0,0,0,0
46099,584,-84,587,-83,585,-84
46101,88,-4,93,-3,88,-4
46102,308,-5,325,-3,318,-3
46103,787,-106,790,-105,784,-106
46105,0,0,0,0,0,0
46107,7,-1,7,-1,7,-1
46109,174,-1,175,-2,171,-2
46111,8,-1,8,-1,7,-1
46115,25,-2,28,-1,24,-2
46117,0,0,0,0,0,0
46119,0,0,0,0,0,0
46121,154,-13,159,-12,152,-14
46123,40,-3,41,-3,39,-4
46125,31,-5,30,-5,31,-5
46127,83,-10,84,-10,85,-10
46129,64,-3,63,-3,60,-4
46135,143,-18,147,-17,145,-18
46137,0,0,0,0,0,0
47001,2549,-121,2712,-95,2546,-119
47003,1914,-85,2044,-62,1918,-82
47005,426,-17,449,-14,427,-16
47007,410,-10,426,-8,415,-9
47009,4858,-256,5131,-210,4848,-257
47011,3625,-180,3870,-145,3636,-181
47013,1518,-69,1612,-53,1535,-67
47015,444,-18,473,-12,445,-18
47017,1041,-46,1110,-36,1053,-46
47019,2249,-40,2358,-24,2252,-40
47021,942,-48,1001,-37,948,-45
47023,598,-23,632,-17,603,-21
47025,1183,-39,1255,-32,1196,-39
47027,236,-7,247,-5,239,-7
47029,932,-43,998,-32,942,-39
47031,1752,-99,1860,-77,1749,-97
47033,580,-19,606,-15,594,-17
47035,2462,-35,2593,-20,2469,-34
47037,12319,-708,13129,-569,12378,-703
47039,355,-18,376,-15,354,-18
47041,684,-28,727,-22,690,-28
47043,1473,-64,1570,-49,1470,-65
47045,1145,-75,1215,-63,1152,-74
47047,574,-35,614,-29,571,-36
47049,717,-21,747,-16,715,-22
47051,1595,-83,1705,-65,1597,-80
47053,1916,-101,2011,-82,1924,-96
47055,1107,-58,1172,-48,1106,-57
47057,740,-29,785,-23,748,-29
47059,3067,-134,3272,-101,3092,-129
47061,397,-13,419,-9,400,-12
47063,1769,-95,1868,-77,1776,-95
47065,7901,-411,8363,-336,7928,-407
47067,187,-8,194,-6,187,-8
47069,546,-21,578,-16,549,-20
47071,913,-48,973,-38,918,-48
47073,2004,-76,2119,-60,2005,-74
47075,516,-29,545,-24,522,-27
47077,1478,-48,1552,-37,1483,-50
47079,820,-36,867,-30,823,-36
47081,723,-26,757,-20,727,-26
47083,283,-8,299,-5,277,-7
47085,601,-10,635,-7,604,-11
47087,476,-16,505,-10,485,-14
47089,1735,-74,1845,-58,1745,-73
47091,409,-5,432,-1,410,-5
47093,13722,-670,14674,-521,13778,-663
47095,155,-13,165,-12,154,-13
47097,710,-43,747,-35,707,-43
47099,1772,-95,1896,-80,1769,-94
47101,397,-13,416,-11,391,-14
47103,1272,-61,1362,-47,1284,-58
47105,1745,-88,1848,-74,1750,-88
47107,2348,-117,2494,-92,2353,-115
47109,694,-33,737,-26,695,-33
47111,849,-36,893,-28,843,-36
47113,1790,-160,1801,-158,1791,-160
47115,1033,-42,1106,-32,1048,-41
47117,1196,-54,1275,-41,1203,-54
47119,2872,-151,3055,-122,2891,-150
47121,426,-20,451,-16,430,-19
47123,1732,-78,1840,-62,1727,-76
47125,4815,-191,5123,-138,4831,-188
47127,240,-12,255,-10,242,-12
47129,1004,-30,1072,-20,1005,-30
47131,895,-66,954,-56,905,-65
47133,685,-31,729,-25,681,-32
47135,307,-10,322,-7,306,-10
47137,205,-13,219,-11,209,-12
47139,510,-26,540,-22,510,-26
47141,2974,-99,3143,-69,2990,-95
47143,1264,-41,1317,-31,1258,-42
47145,1886,-88,2009,-69,1896,-88
47147,1844,-96,1965,-77,1848,-95
47149,8944,-458,9534,-364,8964,-450
47151,1135,-49,1209,-38,1139,-47
47153,299,-10,314,-7,298,-9
47155,2593,-136,2745,-113,2592,-137
47157,12787,-786,13592,-645,12788,-778
47159,554,-23,584,-16,551,-21
47161,362,-13,378,-10,361,-13
47163,5911,-192,6228,-140,5941,-188
47165,4336,-221,4640,-176,4375,-217
47167,1208,-60,1285,-48,1209,-58
47169,315,-13,333,-9,315,-13
47171,373,-24,377,-23,370,-24
47173,604,-30,642,-24,600,-30
47175,311,-4,324,-1,313,-4
47177,1781,-79,1904,-64,1793,-79
47179,5016,-153,5320,-110,5059,-148
47181,681,-24,720,-18,680,-24
47183,1041,-49,1111,-39,1052,-48
47185,1049,-35,1116,-23,1043,-35
47187,5480,-274,5826,-219,5499,-272
47189,3543,-181,3746,-147,3539,-181
48001,1448,126,1152,56,1534,141
48003,127,-8,128,-8,128,-7
48005,1661,73,1520,35,1713,76
48007,472,-17,501,-13,474,-17
48009,106,-7,109,-7,107,-8
48011,0,0,0,0,0,0
48013,569,-60,577,-60,567,-59
48015,326,-18,347,-14,328,-18
48017,28,-1,30,-1,29,-1
48019,402,0,404,0,407,0
48021,939,-48,974,-43,945,-48
48023,10,-2,10,-2,10,-2
48025,324,-20,344,-17,325,-19
48027,4545,-143,4346,-199,4615,-113
48029,38671,-2722,40973,-2314,38774,-2692
48031,143,-11,148,-10,145,-11
48033,0,0,0,0,0,0
48035,129,-15,129,-15,130,-15
48037,1585,-47,1707,-27,1602,-43
48039,2834,-186,3023,-159,2827,-188
48041,2375,-208,2499,-188,2367,-206
48043,14,-1,17,0,14,-1
48045,2,-1,2,-1,2,-1
48047,66,-5,66,-4,65,-5
48049,308,-36,313,-36,312,-36
48051,170,-13,174,-14,173,-14
48053,882,-9,882,-11,885,-9
48055,549,-50,576,-45,546,-49
48057,239,-16,253,-14,240,-15
48059,106,-8,112,-8,109,-8
48061,5731,-352,6051,-303,5743,-354
48063,84,-4,87,-4,88,-4
48065,27,-2,28,-1,28,-1
48067,598,-22,644,-15,608,-21
48069,68,-6,72,-5,71,-6
48071,499,-27,533,-23,505,-27
48073,666,8,629,0,680,11
48075,118,0,120,1,117,1
48077,56,-5,55,-5,55,-6
48079,13,-2,14,-2,13,-2
48081,6,-1,6,-1,6,-1
48083,14,-2,14,-2,14,-2
48085,9316,-665,9810,-585,9334,-655
48087,1,-1,1,-1,1,-1
48089,608,18,585,13,610,20
48091,1867,-124,1968,-112,1863,-122
48093,50,-7,48,-7,50,-7
48095,4,-1,5,-1,5,-1
48097,406,-4,393,-7,410,-2
48099,1307,-44,1384,-35,1309,-44
48101,0,0,0,0,0,0
48103,112,-5,121,-4,114,-5
48105,14,-2,14,-2,15,-2
48107,41,-4,42,-4,41,-4
48109,2,-1,2,-1,2,-1
48111,82,-2,88,-1,84,-3
48113,18138,-1308,19162,-1112,18143,-1292
48115,40,-7,41,-7,41,-7
48117,71,-5,73,-5,70,-6
48119,68,-6,74,-5,67,-6
48121,7405,-660,7710,-612,7402,-657
48123,135,-15,137,-15,135,-15
48125,0,0,0,0,0,0
48127,354,-23,381,-19,349,-23
48129,16,-2,15,-2,15,-2
48131,388,-18,419,-13,391,-17
48133,40,-4,38,-5,40,-4
48135,1119,-103,1172,-95,1127,-104
48137,8,0,15,1,10,0
48139,1386,-136,1455,-125,1392,-134
48141,11685,-884,12336,-771,11732,-872
48143,423,-4,426,-5,426,-2
48145,74,-9,76,-9,76,-9
48147,517,4,510,2,520,4
48149,206,-9,218,-7,206,-9
48151,22,-2,23,-2,22,-2
48153,37,-3,39,-3,40,-4
48155,0,0,0,0,0,0
48157,6371,-399,6821,-331,6392,-395
48159,151,-7,152,-6,151,-7
48161,146,-10,154,-9,144,-11
48163,615,-2,614,-3,621,0
48165,65,-7,65,-8,66,-7
48167,2751,-184,2933,-152,2746,-180
48169,28,-3,33,-2,28,-3
48171,595,4,595,3,600,6
48173,0,0,0,0,0,0
48175,99,-5,103,-3,96,-5
48177,233,-6,242,-4,233,-6
48179,178,-9,182,-8,177,-9
48181,7038,162,7161,171,7104,179
48183,5985,553,4402,196,6198,602
48185,314,-29,329,-25,317,-28
48187,2343,-124,2461,-104,2354,-123
48189,155,-18,154,-18,154,-18
48191,4,-1,3,-1,4,-1
48193,49,-5,51,-5,49,-5
48195,17,-1,21,0,20,0
48197,4,-1,4,-1,4,-1
48199,1721,96,1477,47,1770,110
48201,30710,-1710,32176,-1479,30742,-1725
48203,1368,17,1364,13,1389,19
48205,36,-1,42,0,36,-1
48207,19,-3,19,-3,19,-3
48209,2601,-228,2713,-206,2585,-227
48211,0,0,0,0,0,0
48213,1711,-128,1810,-113,1713,-127
48215,13171,-642,13965,-510,13216,-642
48217,322,-32,326,-31,323,-32
48219,146,-18,148,-18,147,-18
48221,1025,-41,1095,-34,1034,-42
48223,461,0,448,-5,467,2
48225,348,1,369,3,347,0
48227,375,-7,365,-11,371,-8
48229,45,-4,46,-4,44,-4
48231,1426,19,1396,6,1473,25
48233,266,-17,286,-14,269,-16
48235,6,-1,6,-1,6,-1
48237,37,-5,37,-5,38,-5
48239,106,0,112,0,107,0
48241,1081,49,1001,25,1090,46
48243,0,0,0,0,0,0
48245,2621,-110,2767,-85,2648,-108
48247,341,-19,365,-14,337,-19
48249,561,-46,597,-40,565,-45
48251,1566,-109,1661,-95,1557,-110
48253,162,-5,162,-5,165,-5
48255,375,-18,400,-15,376,-18
48257,1170,-103,1216,-95,1164,-103
48259,480,-31,508,-27,488,-31
48261,0,0,0,0,0,0
48263,0,0,0,0,0,0
48265,1354,39,1268,19,1387,43
48267,17,-2,17,-2,17,-2
48269,0,0,0,0,0,0
48271,11,-2,11,-2,11,-2
48273,772,-15,807,-10,778,-15
48275,6,-1,6,-1,6,-1
48277,368,-14,376,-11,375,-14
48279,52,-7,52,-7,51,-7
48281,560,-26,585,-20,556,-26
48283,97,-8,103,-7,102,-8
48285,205,4,188,0,208,4
48287,499,5,512,6,501,6
48289,134,-11,137,-11,134,-10
48291,826,-34,851,-32,825,-35
48293,340,-1,345,-2,347,0
48295,3,-1,5,-1,3,-1
48297,113,-7,121,-6,108,-7
48299,209,-14,224,-11,211,-14
48301,11,-2,11,-2,11,-2
48303,2164,-282,2200,-279,2176,-281
48305,41,-7,41,-7,42,-7
48307,36,-4,38,-3,36,-4
48309,1748,-150,1867,-128,1770,-147
48311,0,0,0,0,0,0
48313,136,-5,148,-4,142,-6
48315,93,-4,96,-3,93,-5
48317,22,-3,27,-3,24,-3
48319,29,-2,31,-2,29,-3
48321,249,-16,260,-13,248,-15
48323,801,-106,810,-105,801,-106
48325,273,-33,275,-32,273,-33
48327,5,-1,5,-1,5,-1
48329,8826,878,6254,319,9094,937
48331,200,-10,198,-12,203,-10
48333,51,-7,54,-6,52,-6
48335,52,-4,51,-4,54,-4
48337,292,-8,299,-11,307,-9
48339,6190,-376,6547,-315,6224,-368
48341,256,-17,267,-14,258,-17
48343,203,-2,210,0,203,-2
48345,0,0,0,0,0,0
48347,810,-16,828,-12,824,-16
48349,556,-29,570,-27,554,-28
48351,157,-5,171,-2,161,-3
48353,114,-3,105,-5,113,-3
48355,3868,-580,3869,-580,3869,-580
48357,12,-1,12,-1,13,-1
48359,0,0,0,0,0,0
48361,1687,61,1565,31,1723,72
48363,367,-26,382,-24,367,-26
48365,112,-13,111,-13,114,-13
48367,1331,-97,1395,-87,1326,-96
48369,41,-5,43,-4,41,-5
48371,456,-6,478,-2,457,-4
48373,1033,29,980,15,1045,31
48375,1263,-178,1265,-178,1265,-178
48377,7,-1,7,-1,7,-1
48379,56,-6,56,-6,57,-6
48381,635,-49,644,-46,641,-48
48383,8,-2,8,-2,8,-2
48385,17,-2,19,-2,17,-2
48387,130,-3,132,-3,133,-2
48389,192,-11,202,-10,192,-11
48391,127,-7,138,-6,129,-7
48393,0,0,0,0,0,0
48395,124,-11,134,-10,129,-10
48397,685,-70,718,-66,695,-70
48399,70,-6,70,-5,71,-6
48401,256,-22,256,-22,254,-22
48403,58,-2,60,-2,58,-2
48405,14,-3,14,-3,14,-3
48407,376,-17,398,-13,378,-17
48409,4002,192,3611,117,4052,216
48411,47,-3,54,-3,49,-3
48413,6,-1,6,-1,6,-1
48415,96,-12,97,-12,98,-12
48417,2,-1,2,-1,2,-1
48419,114,-11,113,-11,119,-11
48421,0,0,0,0,0,0
48423,4343,-140,4593,-109,4374,-135
48425,131,-1,128,-2,134,0
48427,4308,85,4231,55,4349,88
48429,64,-3,64,-2,66,-2
48431,0,0,0,0,0,0
48433,13,-2,14,-2,14,-2
48435,8,-1,8,-1,8,-1
48437,19,-2,23,-1,20,-2
48439,28288,-1763,30303,-1422,28304,-1743
48441,793,-77,813,-77,802,-75
48443,0,0,0,0,0,0
48445,282,-6,301,-3,290,-4
48447,3,-1,3,-1,3,-1
48449,495,-5,523,-3,509,-6
48451,1860,-281,1861,-280,1860,-281
48453,8190,-834,8489,-781,8187,-828
48455,80,-4,83,-3,82,-3
48457,151,-5,153,-3,148,-4
48459,501,-3,509,-2,505,-1
48461,5,-1,6,-1,5,-1
48463,315,-44,321,-43,313,-44
48465,841,-61,844,-66,856,-62
48467,295,-37,295,-37,298,-37
48469,1631,13,1557,-9,1643,11
48471,460,-51,468,-49,462,-52
48473,300,-17,318,-17,310,-18
48475,145,-10,150,-9,143,-10
48477,319,-26,323,-25,315,-27
48479,6747,-543,7082,-486,6744,-543
48481,432,-25,462,-22,438,-25
48483,3,-1,3,-1,3,-1
48485,924,-128,925,-128,923,-128
48487,58,-7,59,-6,58,-7
48489,276,-25,286,-23,278,-26
48491,6622,-570,6935,-514,6612,-569
48493,630,-37,663,-32,637,-36
48495,95,-6,99,-6,94,-7
48497,468,-54,481,-52,473,-54
48499,481,-20,489,-17,473,-18
48501,28,-4,28,-4,28,-4
48503,254,-4,259,-4,254,-4
48505,463,-4,489,2,465,-4
48507,196,-16,205,-15,196,-17
49001,0,0,0,0,0,0
49003,0,0,0,0,0,0
49005,0,0,0,0,0,0
49007,0,0,0,0,0,0
49009,0,0,0,0,0,0
49011,3170,-376,3265,-359,3181,-374
49013,0,0,0,0,0,0
49015,0,0,0,0,0,0
49017,0,0,0,0,0,0
49019,0,0,0,0,0,0
49021,0,0,0,0,0,0
49023,0,0,0,0,0,0
49025,0,0,0,0,0,0
49027,0,0,0,0,0,0
49029,0,0,0,0,0,0
49031,0,0,0,0,0,0
49033,0,0,0,0,0,0
49035,7539,-854,7777,-803,7579,-846
49037,243,-14,251,-14,247,-13
49039,0,0,0,0,0,0
49041,0,0,0,0,0,0
49043,219,-27,223,-26,219,-27
49045,699,-90,709,-88,701,-88
49047,0,0,0,0,0,0
49049,4930,-667,4963,-662,4938,-667
49051,250,-32,252,-32,249,-32
49053,0,0,0,0,0,0
49055,0,0,0,0,0,0
49057,0,0,0,0,0,0
50001,149,-17,152,-17,151,-17
50003,298,-32,313,-29,302,-32
50005,125,-17,124,-17,123,-17
50007,660,-89,663,-88,663,-89
50009,40,-3,40,-3,38,-3
50011,293,-36,294,-36,294,-36
50013,50,-5,52,-5,51,-5
50015,77,-12,79,-12,78,-12
50017,106,-14,106,-14,104,-14
50019,152,-20,154,-20,151,-20
50021,285,-36,289,-36,287,-36
50023,241,-34,242,-34,241,-34
50025,127,-16,129,-16,129,-16
50027,203,-24,210,-23,205,-24
51001,319,-23,344,-18,323,-23
51003,959,-66,1007,-57,958,-64
51005,205,-16,216,-15,207,-16
51007,155,-9,164,-8,157,-9
51009,388,-21,422,-16,387,-21
51011,196,-11,207,-8,196,-10
51013,1163,-87,1231,-73,1152,-84
51015,1123,-75,1202,-63,1130,-76
51017,43,-2,46,-2,42,-2
51019,859,-48,909,-40,858,-49
51021,143,-11,153,-10,142,-11
51023,283,-23,301,-21,286,-23
51025,332,-17,348,-15,331,-17
51027,387,-17,413,-14,385,-15
51029,238,-13,257,-10,243,-12
51031,545,-29,573,-23,541,-30
51033,181,-19,183,-18,179,-19
51035,411,-25,426,-23,405,-25
51036,43,-4,45,-4,45,-4
51037,122,-11,130,-10,122,-11
51041,2541,-226,2678,-202,2546,-224
51043,106,-8,113,-7,107,-8
51045,77,-4,82,-3,77,-4
51047,379,-33,397,-29,382,-32
51049,76,-4,80,-4,76,-5
51051,262,-14,281,-11,265,-13
51053,271,-18,287,-15,272,-18
51057,87,-6,88,-5,84,-7
51059,4298,-346,4549,-303,4294,-349
51061,488,-32,519,-26,489,-30
51063,181,-6,190,-5,183,-6
51065,405,-22,430,-16,407,-21
51067,637,-33,670,-27,637,-33
51069,855,-42,897,-37,863,-41
51071,376,-22,400,-19,380,-22
51073,210,-26,216,-25,210,-26
51075,148,-16,154,-15,150,-16
51077,593,-21,632,-15,596,-21
51079,170,-16,182,-14,174,-15
51081,77,-8,81,-8,78,-8
51083,317,-27,332,-24,318,-25
51085,770,-70,805,-63,769,-70
51087,2727,-212,2883,-183,2729,-208
51089,564,-48,595,-43,561,-48
51091,29,-1,31,-1,30,-1
51093,247,-20,262,-18,246,-20
51095,526,-52,546,-48,527,-52
51097,37,-4,40,-3,39,-3
51099,210,-15,221,-13,211,-15
51101,135,-13,145,-11,139,-13
51103,61,-4,66,-3,59,-4
51105,846,-34,899,-26,849,-35
51107,1836,-128,1965,-108,1842,-126
51109,429,-29,451,-26,431,-29
51111,307,-20,326,-17,309,-20
51113,108,-8,114,-7,111,-8
51115,27,-4,26,-4,26,-4
51117,614,-45,645,-41,620,-45
51119,86,-7,89,-7,86,-8
51121,1768,-60,1874,-41,1781,-61
51125,149,-10,158,-9,145,-10
51127,246,-22,257,-21,249,-22
51131,94,-10,98,-9,97,-10
51133,87,-6,91,-5,87,-6
51135,159,-14,159,-14,161,-14
51137,339,-27,356,-24,342,-27
51139,254,-15,266,-13,250,-14
51141,218,-11,232,-8,222,-10
51143,706,-49,755,-41,704,-48
51145,182,-14,193,-11,182,-14
51147,555,-4,561,-4,555,-5
51149,234,-24,244,-22,236,-24
51153,1676,-163,1763,-146,1684,-162
51155,527,-30,560,-25,530,-29
51157,21,-2,26,-2,23,-2
51159,215,-6,234,-3,218,-6
51161,659,-60,696,-54,665,-59
51163,239,-8,249,-5,235,-7
51165,863,-26,885,-20,859,-25
51167,598,-32,639,-26,602,-31
51169,449,-27,476,-23,449,-27
51171,158,-18,156,-18,157,-18
51173,905,-44,969,-36,905,-44
51175,224,-1,229,-1,239,0
51177,1076,-72,1139,-63,1075,-73
51179,995,-73,1057,-63,994,-73
51181,55,-4,59,-4,56,-4
51183,74,-4,74,-3,77,-3
51185,927,-48,986,-39,934,-47
51187,332,-12,344,-11,336,-12
51191,1005,-67,1060,-60,1004,-67
51193,108,-12,110,-11,109,-12
51195,1157,-50,1240,-36,1166,-49
51197,626,-32,655,-28,626,-34
51199,322,-28,342,-25,327,-28
51510,849,-61,904,-52,850,-61
51520,339,-27,352,-25,344,-27
51530,71,-6,72,-6,74,-6
51540,591,-44,627,-39,589,-44
51550,1367,-112,1431,-101,1375,-111
51570,176,-17,185,-15,176,-17
51580,79,-1,86,0,81,0
51590,440,-38,470,-34,447,-38
51595,43,-1,44,0,44,0
51600,62,0,56,-2,61,0
51610,78,-6,85,-4,78,-5
51620,67,-6,69,-6,64,-6
51630,282,-13,296,-10,279,-12
51640,92,-9,96,-8,93,-9
51650,577,-61,600,-57,579,-61
51660,709,-49,757,-41,710,-49
51670,183,-19,192,-17,185,-19
51678,180,-17,188,-16,180,-17
51680,921,-70,975,-60,921,-69
51683,119,-13,128,-12,121,-13
51685,66,-10,66,-10,66,-10
51690,107,-6,109,-5,108,-6
51700,781,-83,819,-77,786,-84
51710,918,-96,960,-90,921,-97
51720,86,-7,92,-6,83,-7
51730,143,-20,145,-20,141,-20
51735,66,-7,70,-7,67,-7
51740,224,-30,223,-30,226,-31
51750,353,-22,381,-18,353,-22
51760,1716,-172,1781,-160,1722,-170
51770,862,-69,920,-58,872,-69
51775,366,-29,384,-24,369,-28
51790,233,-17,249,-14,232,-17
51800,420,-51,430,-49,422,-51
51810,2334,-231,2436,-216,2327,-231
51820,183,-12,194,-10,184,-12
51830,102,-2,107,-1,102,-3
51840,249,-14,257,-12,249,-13
53001,307,-35,312,-35,307,-35
53003,422,-21,439,-18,426,-22
53005,5443,-451,5677,-410,5445,-452
53007,2200,-148,2336,-127,2194,-148
53009,1522,-67,1620,-52,1522,-68
53011,7466,-491,7912,-418,7462,-495
53013,46,-3,44,-3,43,-3
53015,1443,-112,1516,-100,1450,-111
53017,1462,-93,1548,-80,1455,-93
53019,78,-8,82,-8,77,-8
53021,2707,-261,2803,-245,2719,-262
53023,20,0,21,0,20,0
53025,2043,-185,2142,-168,2052,-183
53027,1417,-98,1498,-85,1414,-97
53029,1280,-77,1309,-70,1275,-77
53031,445,-11,464,-9,450,-12
53033,25667,-2252,27001,-2041,25739,-2256
53035,2682,-339,2718,-333,2677,-338
53037,576,-57,579,-57,578,-56
53039,712,-16,739,-14,716,-16
53041,1496,-94,1581,-80,1495,-94
53043,269,-4,272,-5,269,-3
53045,1820,-73,1957,-54,1826,-69
53047,1269,-54,1323,-46,1280,-52
53049,482,-17,507,-14,485,-17
53051,231,-20,232,-19,232,-20
53053,10764,-1044,11197,-973,10759,-1041
53055,282,-3,281,-4,288,-2
53057,1830,-106,1908,-89,1830,-105
53059,275,-7,292,-4,280,-7
53061,13836,-1277,14445,-1179,13866,-1272
53063,10125,-951,10498,-888,10139,-943
53065,1100,-55,1153,-47,1109,-54
53067,3224,-281,3365,-258,3223,-278
53069,125,-6,136,-5,127,-6
53071,2003,-154,2114,-137,2010,-153
53073,4221,-265,4452,-230,4225,-266
53075,966,-132,966,-132,966,-132
53077,6324,-628,6553,-588,6331,-626
54001,328,-20,344,-17,328,-20
54003,801,-71,837,-64,798,-70
54005,414,-37,432,-33,418,-37
54007,139,-10,144,-9,136,-11
54009,151,-12,158,-11,153,-12
54011,1732,-129,1833,-113,1743,-129
54013,192,-7,202,-7,193,-8
54015,106,-8,111,-7,104,-8
54017,155,-10,161,-9,155,-10
54019,1470,-88,1567,-73,1469,-87
54021,144,-4,152,-3,145,-4
54023,198,-17,205,-15,194,-17
54025,912,-49,968,-38,909,-48
54027,327,-19,348,-16,324,-20
54029,218,-18,231,-16,222,-17
54031,171,-14,181,-13,170,-14
54033,1458,-69,1549,-53,1463,-68
54035,417,-31,434,-28,418,-31
54037,347,-31,367,-27,351,-30
54039,3320,-260,3491,-234,3307,-257
54041,433,-23,469,-18,435,-22
54043,472,-31,496,-25,469,-29
54045,733,-54,772,-49,728,-55
54047,595,-30,638,-23,592,-30
54049,746,-54,785,-46,741,-52
54051,378,-29,399,-26,384,-29
54053,667,-37,712,-29,664,-36
54055,1505,-76,1606,-59,1519,-75
54057,425,-24,454,-20,435,-23
54059,572,-39,606,-35,574,-39
54061,1630,-79,1680,-75,1635,-80
54063,395,-25,415,-20,400,-24
54065,119,-10,125,-9,122,-10
54067,607,-37,638,-32,609,-37
54069,383,-38,398,-35,382,-38
54071,172,-9,188,-7,178,-8
54073,75,-5,77,-5,75,-5
54075,147,-8,153,-7,146,-8
54077,524,-27,554,-23,526,-27
54079,1052,-77,1107,-66,1053,-77
54081,1565,-117,1656,-100,1562,-118
54083,828,-48,891,-37,832,-47
54085,204,-8,218,-6,203,-8
54087,183,-13,187,-12,183,-12
54089,269,-16,287,-13,270,-16
54091,309,-19,330,-15,315,-19
54093,123,-8,132,-6,123,-8
54095,98,-10,100,-9,95,-10
54097,472,-19,504,-14,471,-18
54099,614,-45,643,-41,616,-45
54101,188,-7,202,-6,190,-7
54103,288,-17,302,-15,286,-17
54105,67,-7,67,-7,68,-7
54107,965,-73,1021,-65,967,-74
54109,511,-43,533,-39,516,-42
55001,272,-16,291,-13,280,-15
55003,222,-9,227,-8,224,-8
55005,397,-38,407,-35,403,-37
55007,161,-12,165,-12,158,-12
55009,1523,-222,1525,-222,1523,-222
55011,124,-10,131,-9,123,-10
55013,193,-11,202,-9,196,-11
55015,246,-32,250,-32,246,-33
55017,389,-51,391,-51,387,-51
55019,247,-12,259,-11,248,-12
55021,520,-53,529,-51,516,-53
55023,172,-17,180,-17,174,-17
55025,3371,-521,3370,-521,3370,-521
55027,621,-63,644,-60,620,-63
55029,130,-18,131,-18,131,-18
55031,362,-43,369,-43,361,-44
55033,498,-42,521,-39,490,-43
55035,964,-97,1007,-89,984,-95
55037,47,-3,54,-2,48,-3
55039,630,-80,647,-78,637,-79
55041,109,-10,110,-10,111,-10
55043,493,-39,506,-36,498,-38
55045,267,-29,277,-27,269,-28
55047,234,-15,250,-14,240,-15
55049,316,-22,329,-21,315,-22
55051,44,-5,42,-5,41,-5
55053,121,-13,122,-13,121,-13
55055,718,-59,752,-52,711,-59
55057,142,-16,140,-16,141,-16
55059,685,-105,685,-105,685,-105
55061,92,-11,91,-11,92,-11
55063,927,-111,956,-107,930,-112
55065,81,-9,81,-9,80,-9
55067,163,-16,171,-16,159,-16
55069,254,-19,271,-16,259,-19
55071,525,-50,538,-47,524,-51
55073,1088,-104,1147,-96,1087,-104
55075,482,-19,493,-19,485,-18
55077,133,-10,141,-9,133,-10
55078,50,-8,51,-8,51,-8
55079,2795,-438,2795,-438,2796,-438
55081,295,-40,298,-39,295,-40
55083,164,-24,164,-24,165,-24
55085,174,-24,173,-23,172,-24
55087,911,-110,929,-107,909,-110
55089,349,-45,353,-44,347,-45
55091,86,-6,86,-6,87,-6
55093,390,-25,412,-23,391,-25
55095,466,-40,479,-37,463,-39
55097,511,-44,534,-40,514,-44
55099,129,-8,137,-7,132,-8
55101,705,-65,740,-58,703,-65
55103,250,-13,255,-11,252,-12
55105,1239,-113,1283,-104,1237,-112
55107,146,-8,151,-7,143,-8
55109,803,-63,846,-56,811,-61
55111,397,-48,401,-48,397,-47
55113,111,-10,116,-9,115,-10
55115,188,-26,191,-26,193,-25
55117,647,-85,648,-85,647,-85
55119,86,-10,84,-10,86,-10
55121,161,-23,164,-23,164,-23
55123,419,-16,427,-14,420,-15
55125,270,-11,280,-8,266,-9
55127,580,-49,601,-44,577,-48
55129,164,-11,172,-10,168,-10
55131,513,-74,513,-74,511,-74
55133,2158,-335,2158,-335,2158,-335
55135,409,-26,414,-25,405,-27
55137,207,-25,205,-24,207,-25
55139,1522,-154,1591,-144,1529,-154
55141,686,-70,721,-64,689,-70
56001,807,-14,794,-20,833,-11
56003,280,-2,286,-1,285,-1
56005,761,-38,762,-39,772,-35
56007,628,-19,644,-17,628,-19
56009,136,-15,134,-15,135,-15
56011,52,-4,52,-4,49,-4
56013,989,-90,1001,-93,990,-92
56015,354,-19,366,-15,357,-18
56017,68,-1,67,0,62,-1
56019,59,-6,59,-6,58,-6
56021,1548,-129,1618,-118,1560,-129
56023,135,-7,139,-8,138,-8
56025,975,-99,1002,-95,971,-98
56027,0,0,0,0,0,0
56029,468,-3,467,-5,478,-1
56031,103,-4,102,-3,106,-2
56033,500,-30,505,-31,509,-30
56035,214,-6,225,-3,217,-5
56037,1000,-44,1024,-41,1009,-43
56039,176,-22,181,-22,177,-22
56041,409,-26,422,-23,416,-24
56043,206,-7,224,-5,207,-7
56045,152,-5,158,-5,154,-5
