fips,Scenario_1_sum,Scenario_1_diff,Scenario_2_sum,Scenario_2_diff,Scenario_3_sum,Scenario_3_diff
01001,498,-10,517,-7,490,-11
01003,1769,-33,1835,-23,1762,-34
01005,274,-2,287,-2,274,-2
01007,139,-2,149,0,139,-1
01009,484,3,489,2,474,2
01011,55,-2,57,-2,53,-2
01013,166,-3,175,-3,159,-3
01015,1043,9,1041,7,1030,4
01017,414,-6,430,-2,412,-7
01019,151,-3,156,-3,150,-4
01021,427,5,419,3,414,3
01023,11,1,10,0,11,1
01025,252,-3,265,-3,254,-5
01027,121,-2,131,-2,122,-2
01029,134,1,137,1,135,1
01031,545,-5,567,-3,544,-6
01033,557,-10,579,-8,553,-11
01035,78,-4,85,-3,78,-4
01037,90,0,87,-1,89,-1
01039,324,-3,332,-3,322,-4
01041,77,-1,83,0,75,-2
01043,932,-4,975,-3,916,-9
01045,580,-11,609,-8,560,-13
01047,436,-10,464,-7,428,-12
01049,754,3,752,5,740,4
01051,1033,-14,1067,-14,1019,-16
01053,205,-8,203,-7,205,-9
01055,740,0,752,1,733,-2
01057,88,-2,87,-2,83,-2
01059,158,-2,165,-1,155,-2
01061,291,4,292,3,286,3
01063,10,-1,9,-1,9,-1
01065,71,-3,73,-3,70,-3
01067,321,11,324,9,317,10
01069,839,-11,873,-6,825,-11
01071,488,1,507,2,485,0
01073,6748,-71,7003,-42,6694,-91
01075,99,-1,105,-1,100,-2
01077,1015,0,1042,4,989,-1
01079,349,4,351,3,345,2
01081,2133,32,2107,22,2077,21
01083,764,-14,795,-11,756,-14
01085,23,-1,21,-1,20,-2
01087,157,-6,167,-3,158,-5
01089,3641,-17,3745,-3,3594,-24
01091,79,-2,77,-2,74,-3
01093,328,4,328,3,325,2
01095,1056,15,1072,11,1037,12
01097,3361,-44,3473,-23,3329,-46
01099,413,7,418,8,404,6
01101,2326,-46,2440,-31,2304,-51
01103,1598,-12,1644,-5,1567,-19
01105,70,-1,72,-1,67,-2
01107,72,-2,79,-1,75,-2
01109,218,-3,229,-2,219,-3
01111,172,-1,176,-2,166,-1
01113,521,-2,521,-1,507,-3
01115,1330,20,1313,15,1299,17
01117,1972,-8,1981,-8,1940,-7
01119,110,1,108,0,102,0
01121,56,0,57,-1,56,-1
01123,21,0,21,0,20,0
01125,2217,16,2273,19,2197,14
01127,654,-6,670,-5,636,-8
01129,64,-2,66,-1,59,-2
01131,42,-3,42,-3,41,-3
01133,301,2,305,3,295,1
02013,0,0,0,0,0,0
02016,0,0,0,0,0,0
02020,2219,-46,2330,-29,2187,-54
02050,300,0,318,1,297,-1
02060,0,0,0,0,0,0
02068,93,-6,95,-6,90,-6
02070,15,-1,21,0,13,-1
02090,484,-16,504,-12,481,-15
02100,0,0,0,0,0,0
02105,0,0,0,0,0,0
02110,332,-9,350,-6,330,-9
02122,613,-16,646,-10,609,-15
02130,37,-2,34,-2,35,-2
02150,115,-3,119,-2,114,-3
02158,26,-1,26,-1,25,-1
02164,5,-1,5,-1,4,-1
02170,678,-15,708,-12,677,-16
02180,39,-1,42,0,38,-1
02185,178,-4,187,-2,174,-4
02188,75,-4,80,-3,75,-4
02195,0,0,0,0,0,0
02198,26,0,27,1,29,0
02220,89,-3,97,-2,87,-4
02230,0,0,0,0,0,0
02240,36,-1,41,0,35,-1
02261,0,0,0,0,0,0
02275,0,0,0,0,0,0
02282,6,-1,7,-1,7,-1
02290,0,0,0,0,0,0
04001,476,-49,469,-50,467,-50
04003,908,-14,974,-7,899,-16
04005,941,-21,974,-18,931,-23
04007,625,-3,653,0,611,-3
04009,579,13,569,10,571,13
04011,115,1,115,1,116,3
04012,52,-2,58,-2,54,-3
04013,27822,-97,28586,-41,27421,-161
04015,1620,-21,1689,-12,1591,-22
04017,1005,-40,1074,-30,998,-43
04019,9077,122,9164,115,8926,94
04021,2306,-76,2478,-51,2302,-80
04023,778,11,798,11,766,9
04025,1625,-18,1700,-7,1601,-19
04027,3616,55,3631,48,3534,46
05001,212,-1,224,0,208,-2
05003,160,2,158,2,153,1
05005,269,0,273,0,265,-1
05007,1299,-5,1309,-3,1270,-7
05009,348,7,340,4,330,5
05011,106,1,109,0,106,1
05013,12,1,16,1,9,0
05015,304,8,287,3,292,6
05017,60,1,56,-1,58,0
05019,143,0,146,0,141,-1
05021,103,-2,109,-1,107,-2
05023,470,4,470,4,461,2
05025,43,0,41,-1,43,0
05027,253,4,256,3,252,2
05029,102,1,97,0,95,0
05031,1880,34,1813,18,1825,25
05033,555,7,556,5,541,6
05035,320,-3,327,-3,314,-3
05037,214,8,201,4,207,6
05039,2,-1,2,-1,3,-1
05041,122,0,123,1,116,0
05043,142,3,135,1,138,2
05045,1187,-5,1219,-3,1170,-7
05047,217,8,207,4,210,6
05049,66,1,58,0,61,0
05051,620,6,623,5,611,5
05053,144,3,142,2,145,2
05055,673,15,650,8,649,12
05057,228,1,223,1,222,1
05059,370,8,368,6,358,5
05061,246,2,244,0,243,0
05063,530,5,534,4,519,4
05065,102,0,106,0,103,0
05067,149,-1,147,-1,144,-1
05069,670,-7,694,-2,667,-5
05071,274,-1,276,-1,275,-1
05073,6,-1,7,-1,6,-1
05075,250,5,239,4,236,4
05077,51,2,48,0,48,1
05079,80,1,78,0,76,-1
05081,118,2,122,2,120,2
05083,158,2,161,1,157,2
05085,665,-9,695,-4,657,-8
05087,125,1,122,0,118,0
05089,50,-1,48,-1,50,-1
05091,319,-5,327,-3,322,-5
05093,349,-3,358,-2,350,-4
05095,44,-1,45,0,41,-1
05097,41,0,42,0,42,0
05099,32,-2,32,-2,31,-3
05101,42,0,43,0,42,0
05103,288,1,290,1,282,1
05105,64,-1,61,-2,63,-1
05107,70,-2,74,-1,70,-2
05109,46,1,44,0,47,1
05111,21,0,22,0,21,0
05113,51,-1,54,-1,52,-1
05115,661,4,652,0,636,0
05117,74,1,70,1,71,2
05119,3415,-56,3545,-42,3385,-61
05121,145,-3,160,0,146,-3
05123,138,-3,141,-2,134,-3
05125,1055,3,1069,3,1049,-2
05127,140,-3,141,-3,138,-4
05129,35,-1,41,0,37,-1
05131,1187,-8,1221,-8,1169,-11
05133,166,1,172,1,168,0
05135,201,1,203,-1,202,0
05137,74,-2,75,-2,73,-2
05139,598,5,617,7,600,5
05141,222,7,214,5,218,8
05143,1819,-1,1856,-3,1795,-4
05145,788,-1,786,-2,774,-2
05147,79,1,80,1,76,1
05149,159,4,160,3,154,3
06001,9239,-273,9812,-195,9138,-291
06003,0,0,0,0,0,0
06005,140,-8,147,-6,137,-8
06007,935,0,968,4,919,-3
06009,266,2,263,1,258,2
06011,95,2,87,0,89,2
06013,6373,-182,6741,-126,6306,-189
06015,98,-14,99,-14,98,-14
06017,738,-1,756,-1,739,-3
06019,7971,-185,8393,-114,7926,-183
06021,87,-1,84,-2,87,-1
06023,1823,31,1851,36,1759,28
06025,2064,-53,2189,-37,2066,-57
06027,46,-1,47,-1,44,-2
06029,4806,-166,5005,-123,4701,-175
06031,1278,-38,1322,-28,1260,-38
06033,476,6,484,7,468,6
06035,96,-4,99,-3,95,-4
06037,85282,-2934,90111,-2103,84444,-3005
06039,1329,-20,1390,-8,1300,-23
06041,1132,-22,1196,-11,1118,-25
06043,61,-2,68,-2,63,-2
06045,401,-12,419,-9,397,-12
06047,1717,-30,1791,-20,1700,-35
06049,35,-3,38,-2,35,-3
06051,21,0,21,0,21,0
06053,2246,-43,2377,-25,2215,-49
06055,666,-15,690,-9,663,-15
06057,263,-2,265,-1,259,-2
06059,21258,-489,22305,-322,20970,-531
06061,1890,22,1899,14,1836,12
06063,43,-3,45,-3,44,-3
06065,15920,-480,16733,-352,15739,-491
06067,7027,-146,7326,-104,6907,-157
06069,507,-9,527,-6,496,-10
06071,15554,-421,16281,-323,15337,-466
06073,30082,-731,31579,-488,29772,-752
06075,5165,-110,5479,-67,5091,-122
06077,3932,-99,4093,-75,3881,-107
06079,1111,-11,1144,-9,1103,-15
06081,3663,-131,3863,-93,3597,-134
06083,2285,-83,2434,-61,2273,-86
06085,13469,-273,14216,-167,13284,-300
06087,2062,-37,2151,-20,2033,-40
06089,793,-7,818,-4,786,-6
06091,0,0,0,0,0,0
06093,377,21,339,13,361,18
06095,2503,-36,2613,-18,2454,-41
06097,2564,-34,2686,-19,2514,-41
06099,2565,-80,2686,-64,2532,-85
06101,492,-10,503,-7,480,-10
06103,211,-5,211,-6,206,-6
06105,16,-2,14,-2,15,-2
06107,1511,-76,1565,-71,1498,-81
06109,454,-12,475,-8,444,-13
06111,6424,-68,6709,-31,6318,-75
06113,435,-28,462,-23,433,-28
06115,47,-3,46,-3,45,-3
08001,2098,-55,2202,-42,2077,-59
08003,49,-3,53,-3,49,-3
08005,2582,-64,2692,-51,2536,-70
08007,65,0,64,0,62,0
08009,0,0,0,0,0,0
08011,0,0,0,0,0,0
08013,1348,-40,1404,-34,1334,-43
08014,295,-7,309,-5,296,-7
08015,44,-4,41,-4,41,-4
08017,0,0,0,0,0,0
08019,21,0,21,0,21,0
08021,13,-1,20,0,15,-1
08023,0,0,0,0,0,0
08025,17,1,18,1,16,1
08027,0,0,0,0,0,0
08029,76,-1,79,-1,74,-2
08031,3016,-67,3163,-39,2976,-64
08033,0,0,0,0,0,0
08035,1056,-43,1103,-34,1044,-42
08037,287,3,294,2,286,-1
08039,89,1,91,1,90,0
08041,3590,-60,3736,-38,3542,-65
08043,320,-3,334,-3,316,-4
08045,274,-6,282,-5,265,-7
08047,18,1,18,1,18,1
08049,19,0,19,0,19,-1
08051,10,-1,12,0,9,-1
08053,0,0,0,0,0,0
08055,30,-1,27,-1,29,-1
08057,0,0,0,0,0,0
08059,1954,-59,2033,-44,1939,-59
08061,0,0,0,0,0,0
08063,24,0,30,0,25,0
08065,14,-1,14,-1,14,-1
08067,228,-5,227,-4,224,-6
08069,1562,-48,1633,-38,1549,-51
08071,47,-2,47,-1,47,-1
08073,0,0,0,0,1,0
08075,56,-4,59,-4,57,-3
08077,724,-15,740,-12,708,-19
08079,0,0,0,0,0,0
08081,23,0,25,0,25,0
08083,143,-1,143,-1,141,-1
08085,394,12,380,8,388,11
08087,205,3,214,3,203,4
08089,66,-1,69,-2,62,-2
08091,0,0,0,0,0,0
08093,40,-1,37,-2,41,-1
08095,0,0,0,0,0,0
08097,132,-1,131,-1,124,-2
08099,52,-1,51,-1,47,-1
08101,1212,-27,1265,-20,1202,-27
08103,11,-1,12,-1,12,-1
08105,54,-2,52,-2,52,-2
08107,149,8,119,0,140,4
08109,0,0,0,0,0,0
08111,0,0,0,0,0,0
08113,5,-1,5,-1,5,-1
08115,0,0,0,0,0,0
08117,58,-5,56,-5,57,-5
08119,44,-2,41,-3,39,-3
08121,0,0,0,0,0,0
08123,1349,-37,1386,-28,1332,-38
08125,0,0,0,0,0,0
09001,4458,6,4585,29,4369,-3
09003,3660,-28,3769,-16,3615,-32
09005,576,1,581,-2,564,-2
09007,697,-2,722,3,691,-2
09009,5366,26,5523,47,5267,15
09011,1623,5,1667,11,1584,-1
09013,358,-2,368,-1,355,-2
09015,473,4,479,3,465,3
10001,1386,-7,1418,-7,1368,-6
10003,4005,-42,4155,-14,3967,-43
10005,1636,-2,1682,4,1626,-5
11001,3400,-65,3558,-40,3352,-68
12001,2985,-17,3100,0,2949,-26
12003,219,0,223,1,214,-1
12005,1455,-10,1519,1,1432,-12
12007,316,-1,317,0,309,-2
12009,4659,-56,4855,-28,4571,-63
12011,16185,-296,17080,-167,16038,-321
12013,151,3,158,4,155,3
12015,1631,-9,1683,-2,1607,-9
12017,1367,-6,1397,-2,1338,-8
12019,2013,-17,2084,-9,1982,-18
12021,2031,-8,2073,-2,2001,-10
12023,834,1,861,3,823,-2
12027,310,-1,320,0,310,-1
12029,183,0,177,-1,178,-1
12031,8403,-67,8767,-19,8310,-81
12033,2917,11,2967,17,2863,4
12035,730,-6,753,-2,725,-5
12037,49,-1,51,0,45,-1
12039,576,-14,605,-9,571,-15
12041,204,-2,213,-1,199,-3
12043,51,1,49,1,51,1
12045,127,-2,139,0,129,-2
12047,109,0,109,1,107,0
12049,298,-3,308,0,295,-2
12051,417,1,421,-1,412,1
12053,1644,-9,1699,-1,1618,-13
12055,954,-4,999,1,954,-5
12057,12815,-151,13379,-81,12659,-172
12059,79,-3,84,-2,82,-2
12061,1238,-7,1278,-5,1218,-9
12063,500,-2,525,0,492,-3
12065,184,-5,190,-2,181,-4
12067,22,0,22,0,22,0
12069,3135,1,3193,6,3070,-11
12071,6093,-56,6307,-24,6005,-69
12073,3705,-83,3931,-44,3685,-83
12075,496,-1,499,0,483,-3
12077,62,1,59,0,61,0
12079,249,-2,261,1,250,-3
12081,3362,-41,3497,-22,3304,-48
12083,3329,-9,3393,5,3264,-8
12085,1097,-2,1135,4,1083,-7
12086,31062,-884,33156,-554,30823,-918
12087,544,-7,565,-3,534,-9
12089,619,-12,644,-8,614,-12
12091,1702,10,1712,5,1661,2
12093,426,6,416,6,421,6
12095,11104,-111,11534,-52,10891,-142
12097,3491,-37,3635,-20,3466,-43
12099,11546,-116,12089,-28,11394,-129
12101,4591,-44,4757,-20,4514,-56
12103,7520,-101,7835,-54,7403,-112
12105,7031,-118,7400,-64,6965,-134
12107,463,-13,494,-7,455,-13
12109,2049,-9,2097,-4,2025,-15
12111,2694,-19,2762,-11,2643,-27
12113,1505,-32,1585,-22,1488,-35
12115,3452,-47,3607,-16,3390,-46
12117,3443,-37,3563,-17,3401,-42
12119,714,-25,777,-15,718,-25
12121,441,2,455,3,432,0
12123,190,0,192,1,189,2
12125,124,-1,127,-1,116,-2
12127,4410,-35,4535,-10,4328,-36
12129,313,3,321,3,308,1
12131,537,2,544,1,522,0
12133,101,-3,108,-3,100,-3
13001,124,3,118,3,121,3
13003,43,0,43,0,42,0
13005,60,0,62,0,61,0
13007,0,0,0,0,0,0
13009,705,25,678,17,704,24
13011,95,2,88,1,92,1
13013,723,5,734,2,714,2
13015,1523,44,1476,25,1484,35
13017,164,4,158,3,158,3
13019,78,-2,83,-2,77,-3
13021,1846,42,1800,29,1804,36
13023,33,0,33,0,34,0
13025,51,-3,57,-2,53,-3
13027,145,1,147,0,144,0
13029,313,3,313,1,303,1
13031,547,9,534,5,542,9
13033,279,7,270,6,268,6
13035,173,2,171,2,171,2
13037,37,1,39,1,35,0
13039,470,3,471,4,462,4
13043,72,1,72,0,76,1
13045,1029,15,1004,7,1002,12
13047,412,10,411,9,404,9
13049,86,1,90,2,85,2
13051,2612,22,2651,21,2572,11
13053,52,1,56,1,55,1
13055,289,5,296,4,290,3
13057,2193,17,2214,14,2153,10
13059,950,11,951,9,936,7
13061,0,0,0,0,0,0
13063,2152,6,2200,5,2110,-3
13065,52,1,47,0,45,0
13067,5493,-18,5635,-14,5387,-33
13069,459,19,443,13,454,19
13071,346,-14,369,-10,344,-14
13073,922,2,933,2,911,1
13075,237,6,234,5,231,5
13077,1285,1,1295,1,1253,-1
13079,62,1,66,1,62,1
13081,369,9,369,6,364,9
13083,30,-1,30,-1,31,-1
13085,162,-1,174,0,165,-1
13087,221,-2,221,-2,216,-3
13089,5709,-20,5896,-5,5626,-31
13091,50,-1,55,-1,52,-1
13093,170,7,162,5,162,6
13095,1199,10,1222,12,1174,4
13097,1234,-7,1246,0,1215,-6
13099,73,-1,74,-1,70,-1
13101,8,-1,8,-1,8,-1
13103,523,8,512,5,520,8
13105,113,5,106,3,111,5
13107,103,-3,107,-2,100,-2
13109,69,-1,69,-1,71,-1
13111,236,6,235,5,237,7
13113,798,-1,827,-1,783,-6
13115,1135,22,1097,15,1080,19
13117,1890,9,1889,9,1857,8
13119,289,16,256,10,272,14
13121,7647,-5,7847,26,7522,-13
13123,231,2,233,1,228,2
13125,0,0,0,0,0,0
13127,938,18,931,7,917,11
13129,45,0,45,0,46,0
13131,266,-1,280,2,269,0
13133,71,-2,73,-1,65,-2
13135,6841,-32,7003,-6,6720,-39
13137,291,3,303,4,292,3
13139,1591,3,1628,2,1562,0
13141,61,1,63,0,65,0
13143,170,2,177,2,168,1
13145,124,-3,129,-3,127,-3
13147,218,10,200,6,216,10
13149,82,1,81,1,76,0
13151,2081,-1,2114,3,2041,-7
13153,1762,-13,1822,-5,1747,-15
13155,45,0,47,0,42,0
13157,666,11,663,6,646,6
13159,89,0,88,0,91,0
13161,38,1,39,1,38,1
13163,64,0,64,0,59,-1
13165,45,2,41,0,44,1
13167,27,-2,27,-2,27,-2
13169,0,0,0,0,0,0
13171,135,2,134,1,127,1
13173,62,0,65,0,66,0
13175,331,-4,336,-4,326,-4
13177,322,3,326,3,313,2
13179,810,22,787,18,783,19
13181,21,0,21,0,21,0
13183,102,-2,109,-1,103,-2
13185,1280,-2,1301,-2,1271,-2
13187,250,-1,259,1,246,-2
13189,157,-2,161,-1,152,-2
13191,146,5,137,3,141,6
13193,98,-1,100,0,94,-1
13195,205,3,208,2,202,2
13197,65,0,67,0,67,0
13199,170,-1,179,-1,164,-2
13201,59,-1,59,0,58,-1
13205,278,0,286,1,278,-1
13207,164,-3,166,-2,159,-3
13209,44,2,44,1,44,2
13211,78,0,78,0,76,0
13213,554,22,527,11,554,18
13215,1304,8,1308,3,1271,2
13217,843,1,856,1,831,-5
13219,159,0,158,1,152,0
13221,0,0,0,0,0,0
13223,1382,5,1412,4,1376,4
13225,326,-2,334,-1,321,-2
13227,310,3,311,3,309,5
13229,65,-2,70,-1,63,-2
13231,123,-1,119,-2,114,-2
13233,534,9,517,8,515,6
13235,140,7,126,3,133,6
13237,111,2,111,0,110,2
13239,0,0,0,0,0,0
13241,122,5,112,2,117,4
13243,21,0,21,0,21,0
13245,1682,2,1703,-1,1643,1
13247,715,-3,724,-2,690,-5
13249,21,0,22,0,21,0
13251,87,0,81,0,82,0
13253,40,0,42,-1,40,-1
13255,585,4,590,3,570,3
13257,88,-3,90,-2,85,-3
13259,15,-1,16,-1,15,-1
13261,659,12,652,10,646,10
13263,20,0,20,0,20,0
13265,0,0,0,0,0,0
13267,98,-4,102,-2,95,-3
13269,65,0,66,0,68,0
13271,0,0,0,0,0,0
13273,61,-1,64,0,60,-1
13275,551,2,570,4,550,2
13277,498,4,492,2,480,2
13279,119,-2,125,0,116,-1
13281,94,0,103,1,96,-1
13283,1,0,1,0,1,0
13285,754,0,774,3,743,0
13287,66,-4,71,-3,65,-4
13289,57,-1,62,0,56,-1
13291,283,1,280,2,281,1
13293,350,-2,355,-1,352,-4
13295,643,6,646,4,638,6
13297,735,3,755,3,728,2
13299,367,6,355,5,362,6
13301,21,0,21,0,22,0
13303,194,8,179,4,186,7
13305,146,-1,155,0,143,-1
13307,9,1,9,1,5,1
13309,0,0,0,0,0,0
13311,168,-1,174,0,166,-1
13313,1638,62,1539,36,1581,55
13315,61,-1,65,0,61,0
13317,44,2,41,1,41,1
13319,30,-1,30,-1,27,-1
13321,232,4,233,3,226,3
15001,1349,-18,1422,-11,1318,-26
15003,6653,-166,7057,-100,6592,-175
15005,0,0,0,0,0,0
15007,376,-10,402,-7,375,-11
15009,1023,-27,1091,-16,1022,-29
16001,3130,-14,3202,-9,3070,-23
16003,0,0,0,0,0,0
16005,393,-6,409,-5,397,-5
16007,0,0,0,0,0,0
16009,7,-2,7,-2,7,-2
16011,209,0,220,0,211,-1
16013,98,-2,100,-2,94,-2
16015,0,0,0,0,0,0
16017,114,-2,112,-3,112,-2
16019,746,1,754,0,740,-1
16021,8,-1,5,-1,8,-1
16023,0,0,0,0,0,0
16025,0,0,0,0,0,0
16027,1804,17,1768,7,1755,12
16029,74,3,70,2,73,3
16031,109,-2,114,-1,108,-2
16033,0,0,0,0,0,0
16035,22,0,21,0,21,0
16037,0,0,0,0,0,0
16039,191,-1,194,-2,189,-2
16041,45,2,36,0,42,3
16043,44,0,41,0,43,0
16045,34,-2,35,-2,38,-2
16047,29,-3,31,-2,28,-2
16049,37,-2,38,-2,37,-2
16051,102,4,92,1,97,2
16053,148,-2,153,-1,145,-2
16055,277,-19,285,-17,274,-20
16057,94,-1,94,-2,87,-2
16059,26,-1,26,-1,26,-1
16061,35,1,35,1,35,1
16063,0,0,0,0,0,0
16065,91,-3,96,-3,92,-3
16067,76,-1,77,0,72,-1
16069,209,4,207,3,205,3
16071,0,0,0,0,0,0
16073,0,0,0,0,0,0
16075,206,0,211,-1,203,-1
16077,37,2,37,1,38,3
16079,6,-1,6,-1,6,-1
16081,5,1,4,1,4,1
16083,696,1,695,0,682,-1
16085,0,0,0,0,0,0
16087,0,0,0,0,0,0
17001,421,-12,429,-10,416,-13
17003,21,0,22,1,21,0
17005,88,-3,92,-3,84,-3
17007,424,2,431,4,414,1
17009,13,1,13,1,10,1
17011,233,0,245,0,234,0
17013,20,0,18,0,19,0
17015,83,0,85,0,82,0
17017,142,1,148,2,140,-1
17019,2051,-28,2148,-15,2030,-30
17021,413,-4,436,-2,405,-3
17023,98,0,93,-1,93,-1
17025,144,-4,154,-3,144,-5
17027,190,-1,196,0,193,-1
17029,339,-5,342,-4,330,-5
17031,38603,-94,40013,65,38001,-171
17033,200,-3,209,-3,195,-4
17035,65,0,69,0,64,0
17037,768,-6,792,-5,750,-10
17039,55,-1,59,-1,57,-1
17041,213,1,214,1,210,0
17043,7886,-43,8202,8,7739,-63
17045,156,-1,164,0,155,-1
17047,67,0,68,1,64,0
17049,262,-2,272,-1,266,-3
17051,136,-4,138,-3,134,-5
17053,82,-1,85,0,82,0
17055,414,-7,446,-4,408,-9
17057,176,-5,187,-5,175,-6
17059,20,-1,21,0,20,0
17061,81,-1,85,0,84,-1
17063,307,-5,315,-3,304,-5
17065,63,-1,63,-2,65,-1
17067,0,0,0,0,0,0
17069,26,-1,28,0,26,-1
17071,21,0,20,0,21,0
17073,414,4,414,2,415,3
17075,188,-1,187,0,183,0
17077,457,-7,473,-4,442,-8
17079,30,-1,28,-1,28,-1
17081,382,-2,404,-1,380,-2
17083,173,-2,180,-1,174,-1
17085,109,1,113,1,104,0
17087,163,0,162,0,158,-1
17089,5480,9,5681,32,5385,-6
17091,838,-10,859,-6,826,-10
17093,934,-5,980,0,934,-6
17095,392,-2,401,0,378,-3
17097,6238,-9,6455,25,6151,-18
17099,659,-8,680,-6,644,-9
17101,100,-2,98,-2,94,-2
17103,246,1,252,3,246,0
17105,183,-3,186,-2,182,-2
17107,151,-8,159,-6,150,-8
17109,218,-2,223,-2,218,-3
17111,2536,-2,2605,9,2491,-11
17113,1348,0,1383,5,1320,-4
17115,964,-21,1003,-14,957,-21
17117,362,-3,374,-1,358,-5
17119,1913,-7,1986,-2,1876,-11
17121,319,-4,341,-2,313,-6
17123,72,-2,80,-2,76,-2
17125,45,-1,45,-1,42,-2
17127,51,-1,58,-1,54,-1
17129,88,-1,89,-1,88,-1
17131,109,0,108,0,108,0
17133,130,-1,132,-1,124,-2
17135,305,-1,313,1,302,0
17137,409,4,418,6,405,2
17139,69,-2,74,-1,69,-1
17141,359,1,369,2,353,1
17143,929,-8,954,-6,907,-13
17145,178,-2,193,-1,180,-3
17147,89,-1,84,-1,87,-1
17149,89,-2,98,-1,88,-2
17151,22,0,21,0,22,0
17153,49,-1,49,-1,51,-1
17155,7,-1,6,-1,6,-1
17157,284,0,287,1,280,1
17159,123,-5,129,-4,124,-6
17161,1071,-4,1103,0,1053,-8
17163,1946,-16,2037,-1,1914,-20
17165,362,-5,381,-3,362,-4
17167,1878,-20,1952,-6,1850,-21
17169,66,0,68,1,69,0
17171,16,-1,16,0,14,0
17173,139,-5,148,-3,141,-4
17175,19,1,18,1,17,0
17177,257,-7,266,-5,251,-7
17179,580,-6,603,-2,569,-9
17181,220,-2,230,0,211,-4
17183,795,-15,833,-11,779,-18
17185,82,-2,88,-2,86,-2
17187,106,-1,111,0,103,-1
17189,151,3,155,3,144,1
17191,181,-1,193,0,184,-1
17193,67,-3,69,-3,66,-3
17195,380,-4,390,-4,375,-5
17197,5066,-51,5267,-19,4966,-59
17199,736,-8,760,-8,720,-11
17201,2809,16,2886,31,2744,9
17203,159,0,163,0,154,-1
18001,77,-2,84,-1,78,-2
18003,2156,-9,2216,-3,2140,-15
18005,877,7,891,6,864,5
18007,114,5,103,3,112,6
18009,73,1,77,2,79,1
18011,209,-1,207,-3,199,-2
18013,42,0,42,0,41,-1
18015,218,9,198,4,209,8
18017,511,4,529,3,507,2
18019,1128,4,1157,7,1103,0
18021,124,-1,129,0,121,-1
18023,362,13,356,9,364,13
18025,179,6,168,4,171,4
18027,300,4,302,3,296,3
18029,421,5,430,5,414,4
18031,194,0,203,1,190,-1
18033,381,7,363,3,365,8
18035,746,5,774,6,729,3
18037,598,23,575,14,580,18
18039,1169,24,1173,20,1156,20
18041,266,-1,276,1,261,-2
18043,694,9,681,4,668,3
18045,138,1,146,2,138,1
18047,68,-3,72,-2,65,-3
18049,213,6,216,4,214,6
18051,293,-3,297,-2,291,-3
18053,683,5,694,6,676,4
18055,237,-1,242,0,232,0
18057,1463,-5,1496,-5,1445,-10
18059,421,-5,427,-5,412,-6
18061,57,-1,58,-1,56,-1
18063,1302,22,1284,16,1264,21
18065,467,2,479,4,457,0
18067,1183,28,1178,22,1159,20
18069,383,-2,396,-1,379,-2
18071,451,2,470,2,453,1
18073,803,40,746,24,775,35
18075,199,1,209,2,193,0
18077,199,7,195,5,191,5
18079,265,7,260,4,254,7
18081,1422,28,1419,23,1403,26
18083,308,-5,316,-4,295,-6
18085,397,6,406,7,390,4
18087,161,10,140,6,158,10
18089,3775,45,3828,37,3714,30
18091,837,12,849,12,828,9
18093,330,-4,337,-2,319,-5
18095,1005,14,1024,15,984,10
18097,6623,30,6692,29,6450,7
18099,190,4,187,3,184,4
18101,62,-3,63,-3,60,-4
18103,340,7,332,7,330,7
18105,815,7,831,6,806,6
18107,266,6,256,3,264,6
18109,447,1,459,2,441,-1
18111,16,-2,18,-2,16,-2
18113,305,0,302,-1,299,-1
18115,61,1,58,1,58,1
18117,88,0,90,-1,85,-1
18119,106,-2,111,-2,104,-2
18121,116,3,116,3,115,3
18123,391,9,392,8,382,7
18125,79,-2,84,-2,77,-3
18127,1526,26,1547,28,1487,22
18129,109,-4,106,-4,105,-4
18131,44,-2,49,-1,45,-2
18133,303,4,311,5,299,3
18135,113,-2,121,0,114,-2
18137,254,1,264,2,253,2
18139,61,-3,64,-2,58,-3
18141,1639,16,1681,24,1612,17
18143,197,-3,202,-2,185,-4
18145,415,-3,423,-2,413,-2
18147,112,1,114,1,113,1
18149,94,-2,103,-1,95,-1
18151,279,-1,291,1,276,-1
18153,233,1,235,2,228,0
18155,45,2,43,2,42,2
18157,1164,-12,1237,0,1153,-12
18159,73,1,74,1,72,1
18161,1,0,1,0,1,0
18163,1963,-18,2023,-9,1944,-19
18165,114,-1,118,0,112,-1
18167,958,-2,978,0,937,-5
18169,117,-3,116,-3,114,-3
18171,75,4,64,2,70,4
18173,518,-8,537,-6,511,-10
18175,111,-1,116,-1,112,-1
18177,846,2,873,6,840,2
18179,237,4,236,3,234,5
18181,335,16,298,7,331,13
18183,169,0,172,0,176,2
19001,0,0,0,0,0,0
19003,0,0,0,0,0,0
19005,20,2,20,1,19,1
19007,89,4,82,3,89,4
19009,1,0,4,0,2,0
19011,114,2,110,0,112,1
19013,1086,21,1080,17,1063,18
19015,82,2,81,2,84,2
19017,109,2,108,2,109,2
19019,200,5,206,6,199,5
19021,28,1,26,0,28,1
19023,57,0,57,0,57,0
19025,53,1,51,1,55,2
19027,70,0,70,-1,67,-1
19029,89,5,78,3,82,4
19031,96,1,96,0,92,0
19033,331,10,321,7,320,8
19035,124,3,119,2,115,2
19037,64,1,63,0,58,0
19039,73,2,75,3,74,2
19041,121,4,116,2,116,3
19043,44,0,44,0,44,0
19045,433,5,433,4,431,4
19047,31,-2,30,-3,31,-2
19049,464,5,458,1,456,4
19051,0,0,0,0,0,0
19053,28,0,23,0,26,0
19055,85,2,78,1,77,2
19057,319,6,311,3,317,6
19059,72,1,68,1,73,2
19061,529,2,537,1,521,0
19063,21,0,21,0,22,0
19065,93,1,96,1,91,0
19067,50,0,45,0,47,1
19069,70,1,72,1,72,0
19071,25,1,27,1,22,0
19073,23,0,26,0,26,1
19075,54,1,57,1,54,1
19077,24,1,22,0,25,0
19079,52,3,49,2,53,3
19081,49,0,46,0,47,1
19083,180,2,175,2,171,3
19085,49,1,52,1,52,1
19087,124,4,121,2,119,1
19089,32,0,30,-1,29,0
19091,52,1,50,1,51,1
19093,0,0,0,0,0,0
19095,83,2,79,2,85,2
19097,109,0,112,-1,110,0
19099,216,3,212,2,213,3
19101,77,1,73,1,71,1
19103,1040,0,1074,3,1021,-3
19105,187,3,186,4,180,3
19107,55,2,54,1,50,1
19109,37,-2,38,-2,39,-2
19111,147,0,141,1,146,2
19113,1687,11,1692,3,1637,0
19115,57,0,55,-1,55,0
19117,40,2,44,2,41,1
19119,21,0,21,0,21,0
19121,105,4,95,1,97,3
19123,160,4,156,2,155,2
19125,86,-1,90,0,86,0
19127,220,1,228,2,219,1
19129,129,2,129,1,126,2
19131,3,0,2,0,1,0
19133,48,2,46,2,47,2
19135,0,0,0,0,0,0
19137,73,2,71,2,69,1
19139,164,4,166,3,162,3
19141,44,1,44,0,46,1
19143,0,0,0,0,0,0
19145,86,3,79,1,83,2
19147,35,1,34,1,35,1
19149,140,4,136,2,137,3
19151,37,1,35,1,36,1
19153,2803,22,2808,15,2745,9
19155,759,23,726,16,732,21
19157,92,0,93,0,89,-1
19159,0,0,0,0,0,0
19161,142,7,131,4,133,5
19163,1170,12,1159,13,1140,7
19165,0,0,0,0,0,0
19167,130,7,122,4,131,7
19169,417,7,415,4,405,6
19171,115,2,117,2,112,2
19173,1,0,0,0,0,0
19175,69,2,64,2,67,2
19177,22,0,21,0,21,0
19179,173,2,176,3,168,2
19181,208,0,207,-1,204,1
19183,93,-2,99,-1,95,-1
19185,27,1,24,0,24,0
19187,221,2,227,2,217,1
19189,75,2,76,1,75,1
19191,114,4,107,3,106,4
19193,1132,40,1078,24,1121,40
19195,21,0,21,0,21,0
19197,48,1,46,0,46,1
20001,191,-1,200,1,192,-1
20003,51,1,52,0,47,0
20005,79,0,79,0,78,-1
20007,14,0,20,0,19,0
20009,269,7,263,7,261,8
20011,155,-3,160,-2,152,-2
20013,41,-2,44,-1,36,-2
20015,498,7,489,7,487,7
20017,0,0,0,0,0,0
20019,0,0,0,0,0,0
20021,252,4,249,3,242,3
20023,0,0,0,0,0,0
20025,0,0,0,0,0,0
20027,50,1,51,1,51,1
20029,52,-1,57,-1,52,-1
20031,28,-1,28,-1,25,-1
20033,0,0,0,0,0,0
20035,600,7,606,7,594,9
20037,392,-3,409,-1,382,-5
20039,0,0,0,0,0,0
20041,74,-3,78,-1,72,-3
20043,43,-1,44,-1,45,-1
20045,1052,12,1038,6,1023,9
20047,0,0,1,0,0,0
20049,0,0,0,0,0,0
20051,187,5,184,4,178,4
20053,33,0,36,1,33,0
20055,666,11,652,10,647,10
20057,291,2,292,1,286,1
20059,178,2,178,2,169,2
20061,478,8,493,9,467,7
20063,0,0,0,0,0,0
20065,0,0,0,0,0,0
20067,130,1,136,2,127,1
20069,0,0,0,0,0,0
20071,0,0,0,0,0,0
20073,19,0,19,0,17,0
20075,0,0,0,0,0,0
20077,23,0,26,1,21,0
20079,371,0,383,1,372,0
20081,0,0,0,0,0,0
20083,0,0,0,0,0,0
20085,159,2,164,0,161,2
20087,73,-3,73,-3,73,-3
20089,0,0,0,0,0,0
20091,3823,-30,3920,-18,3735,-37
20093,1,0,4,1,1,0
20095,23,-1,23,-1,23,-1
20097,0,0,0,0,0,0
20099,76,-3,80,-2,77,-3
20101,0,0,0,0,0,0
20103,611,-1,620,0,592,-3
20105,0,0,0,0,0,0
20107,76,-1,76,-1,75,-1
20109,0,0,0,0,0,0
20111,138,0,138,0,133,-1
20113,189,-2,202,-1,192,-3
20115,74,1,78,1,74,1
20117,47,1,49,0,44,0
20119,0,0,0,0,0,0
20121,204,0,206,0,201,-1
20123,68,3,71,2,69,2
20125,158,-3,164,-2,162,-3
20127,3,-1,3,-1,2,-1
20129,0,0,0,0,0,0
20131,141,3,143,3,137,2
20133,72,-2,71,-1,73,-1
20135,0,0,0,0,0,0
20137,8,1,9,1,8,1
20139,126,2,130,2,123,2
20141,0,0,0,0,0,0
20143,21,0,20,0,20,0
20145,27,-1,28,-1,25,-1
20147,21,0,22,0,21,0
20149,176,1,179,0,175,0
20151,21,0,21,0,21,0
20153,0,0,0,0,0,0
20155,571,-3,584,-3,559,-6
20157,0,0,0,0,0,0
20159,45,-1,42,-1,44,-2
20161,551,11,549,7,546,8
20163,0,0,0,0,0,0
20165,0,0,0,0,0,0
20167,7,1,10,1,6,0
20169,560,4,567,5,544,2
20171,10,-1,7,-1,6,-1
20173,4652,7,4707,14,4558,-4
20175,324,9,311,7,307,8
20177,2003,-10,2069,0,1981,-18
20179,0,0,0,0,0,0
20181,27,1,32,1,24,1
20183,1,0,2,1,0,0
20185,17,1,18,0,17,1
20187,0,0,0,0,0,0
20189,24,-1,25,-1,25,-1
20191,56,-3,60,-2,55,-3
20193,85,0,83,0,83,0
20195,0,0,0,0,0,0
20197,0,0,0,0,0,0
20199,0,0,0,0,0,0
20201,0,0,0,0,0,0
20203,0,0,0,0,0,0
20205,80,0,81,1,81,0
20207,8,1,12,1,6,0
20209,1166,-6,1193,-6,1145,-11
21001,184,0,193,1,180,0
21003,195,-1,205,0,191,-1
21005,249,-1,261,2,251,0
21007,21,0,21,0,21,0
21009,491,3,496,1,477,2
21011,139,0,143,1,137,0
21013,408,8,415,6,405,6
21015,1364,9,1385,9,1344,7
21017,220,-2,234,0,213,-3
21019,799,-2,838,5,781,-2
21021,384,5,392,5,371,3
21023,50,-1,54,-1,52,0
21025,129,-2,140,1,130,-1
21027,226,3,226,4,218,3
21029,871,10,892,10,862,9
21031,36,1,37,1,33,1
21033,108,0,111,0,107,0
21035,432,-1,444,0,425,-2
21037,835,9,856,11,815,7
21039,20,0,21,0,20,0
21041,69,0,66,0,64,1
21043,376,-1,383,1,368,-1
21045,127,1,127,1,128,1
21047,594,11,579,6,581,8
21049,420,-3,441,-1,413,-4
21051,233,2,242,3,232,2
21053,162,4,168,4,161,3
21055,49,-1,53,0,52,-1
21057,43,0,49,0,45,0
21059,1266,0,1306,0,1243,-5
21061,23,1,23,0,22,0
21063,58,-1,61,-1,56,-1
21065,86,0,88,1,83,0
21067,3582,27,3641,35,3507,19
21069,87,0,85,-1,86,0
21071,725,1,752,4,714,1
21073,672,-2,697,0,672,-4
21075,23,0,23,0,22,0
21077,113,3,109,3,111,3
21079,139,0,145,1,138,0
21081,256,1,258,1,248,1
21083,413,4,413,4,408,5
21085,281,2,289,1,281,1
21087,111,2,116,2,113,2
21089,559,0,574,2,544,0
21091,70,-1,74,0,67,-1
21093,2499,87,2349,53,2457,87
21095,299,0,307,2,290,0
21097,266,3,268,2,260,3
21099,156,0,156,1,157,0
21101,750,5,773,7,740,3
21103,180,0,189,1,175,0
21105,0,0,0,0,0,0
21107,645,-2,670,3,635,1
21109,89,0,89,0,87,0
21111,10451,125,10626,120,10265,90
21113,471,2,484,2,464,0
21115,256,-7,270,-5,254,-7
21117,1629,19,1641,17,1585,12
21119,263,2,278,2,262,0
21121,501,3,515,3,490,1
21123,101,-2,108,0,101,-1
21125,895,11,910,12,878,6
21127,121,2,127,1,122,2
21129,53,1,52,0,54,0
21131,141,-2,144,-1,141,-2
21133,431,4,442,7,427,4
21135,102,0,106,0,103,0
21137,368,7,365,5,357,4
21139,0,0,0,0,0,0
21141,183,-2,194,0,184,-1
21143,167,-2,175,0,161,-2
21145,550,5,554,4,545,4
21147,136,2,137,1,133,2
21149,128,3,127,1,129,3
21151,963,5,988,7,957,2
21153,137,0,143,2,134,-1
21155,203,0,204,1,194,0
21157,320,9,319,6,314,6
21159,125,1,128,2,122,1
21161,72,1,75,0,69,0
21163,39,0,41,0,42,0
21165,45,0,45,0,43,0
21167,265,-2,269,-2,260,-4
21169,104,-1,105,-1,106,-2
21171,125,2,125,3,120,2
21173,171,-3,178,-1,168,-2
21175,129,-1,133,0,130,-1
21177,323,-4,337,-2,318,-5
21179,537,-1,558,2,526,-3
21181,40,0,40,0,38,-1
21183,392,6,397,6,383,4
21185,408,3,419,3,399,0
21187,164,3,168,2,160,2
21189,0,0,0,0,0,0
21191,44,1,42,0,41,0
21193,553,-2,593,3,553,-3
21195,755,-1,779,2,741,1
21197,210,1,215,2,206,0
21199,638,0,650,0,633,-1
21201,0,0,0,0,0,0
21203,139,0,140,0,138,-1
21205,302,-3,311,-2,295,-4
21207,216,1,221,2,221,2
21209,538,-3,558,1,525,-3
21211,553,1,563,3,544,2
21213,107,0,110,0,107,0
21215,178,3,179,2,177,2
21217,291,-1,307,0,286,-3
21219,73,1,75,0,70,1
21221,118,1,123,2,119,0
21223,23,0,24,0,23,0
21225,133,-3,147,-1,132,-3
21227,1357,24,1366,21,1331,18
21229,89,-2,93,-2,88,-1
21231,207,3,210,3,199,2
21233,182,1,185,1,173,0
21235,286,4,288,3,287,4
21237,102,-1,104,0,101,-1
21239,219,-1,230,0,216,-1
22001,438,-9,450,-9,430,-12
22003,120,-3,121,-3,118,-3
22005,619,-21,635,-18,615,-22
22007,105,-4,110,-4,107,-5
22009,359,-9,374,-7,354,-9
22011,300,-7,305,-5,293,-8
22013,114,-2,120,-1,112,-2
22015,1210,-36,1266,-25,1188,-37
22017,2492,-54,2624,-32,2456,-57
22019,930,-56,958,-54,920,-57
22021,153,-1,161,0,151,-2
22023,12,-2,11,-2,12,-2
22025,32,-2,33,-2,32,-3
22027,183,-1,187,0,176,-2
22029,142,-6,147,-4,138,-5
22031,203,-7,218,-4,204,-7
22033,2457,-62,2546,-52,2425,-69
22035,19,-2,21,-2,20,-2
22037,65,-2,70,-1,68,-2
22039,329,-5,332,-5,329,-5
22041,312,-1,314,1,308,-2
22043,153,-3,156,-2,148,-3
22045,677,-19,710,-15,671,-20
22047,230,-7,235,-6,224,-7
22049,174,-4,181,-2,168,-5
22051,3060,-25,3076,-27,3015,-27
22053,129,-2,133,-2,131,-3
22055,1406,-36,1438,-35,1396,-38
22057,711,-16,731,-12,688,-18
22059,84,-5,88,-4,84,-5
22061,455,-6,464,-4,447,-7
22063,694,-15,721,-12,691,-16
22065,134,-2,146,-1,131,-3
22067,403,-5,411,-5,395,-5
22069,356,-9,361,-10,355,-12
22071,2134,-42,2163,-43,2105,-49
22073,1616,-46,1701,-32,1602,-46
22075,33,-2,33,-2,33,-2
22077,0,0,0,0,0,0
22079,568,-31,583,-29,572,-32
22081,45,-2,46,-1,43,-2
22083,305,-7,321,-4,301,-8
22085,401,-4,405,-5,392,-8
22087,145,-10,150,-9,146,-9
22089,323,-7,328,-5,318,-7
22091,29,-1,28,-1,29,-1
22093,158,-4,169,-2,157,-3
22095,223,-8,227,-8,222,-9
22097,719,-16,748,-11,718,-15
22099,169,-7,174,-6,169,-7
22101,397,0,403,-1,389,-2
22103,1826,-35,1880,-28,1789,-38
22105,1023,-40,1058,-35,1011,-40
22107,43,0,43,0,42,0
22109,882,-23,917,-18,860,-27
22111,365,-4,386,-1,363,-2
22113,433,-16,454,-12,431,-16
22115,250,-5,261,-4,245,-5
22117,602,-6,620,-3,595,-7
22119,478,-12,494,-9,468,-13
22121,161,-4,171,-3,162,-4
22123,195,-1,197,-1,192,-1
22125,29,0,27,-2,28,1
22127,103,-5,106,-5,99,-6
23001,315,0,317,0,312,0
23003,186,-2,194,-1,181,-3
23005,986,-4,1016,-2,962,-6
23007,95,0,100,-1,96,-1
23009,116,-1,119,-1,113,-3
23011,353,2,357,2,348,1
23013,131,0,140,0,131,0
23015,76,0,78,-1,73,-1
23017,178,-1,176,0,172,-2
23019,541,3,558,3,532,2
23021,41,0,41,0,41,0
23023,82,-2,87,-1,87,-2
23025,147,-3,154,-3,148,-4
23027,143,2,151,2,140,1
23029,67,0,68,0,66,-1
23031,664,-10,678,-8,655,-11
24001,983,24,982,23,955,23
24003,2945,-19,3058,-4,2930,-26
24005,3369,-33,3502,-11,3322,-33
24009,366,-1,371,-1,345,-2
24011,99,1,99,1,98,0
24013,623,6,631,0,608,1
24015,482,6,483,4,464,3
24017,1000,-7,1027,0,983,-10
24019,0,0,0,0,0,0
24021,1077,-11,1107,-7,1064,-12
24023,102,-3,109,-3,109,-3
24025,973,-10,1000,-4,961,-7
24027,1378,-36,1445,-28,1354,-40
24029,104,0,105,0,104,0
24031,5815,-118,6075,-83,5755,-123
24033,5921,-59,6180,-23,5822,-73
24035,163,2,163,2,157,2
24037,554,4,558,4,543,3
24039,211,8,205,5,199,6
24041,241,11,226,8,234,11
24043,962,10,976,9,945,9
24045,847,13,830,9,819,9
24047,376,10,377,7,372,8
24510,3186,-28,3307,-15,3142,-37
25001,1253,15,1270,16,1236,14
25003,783,11,797,9,764,7
25005,3825,126,3722,93,3733,115
25007,0,0,0,0,0,0
25009,4836,100,4815,77,4754,82
25011,234,1,233,0,226,0
25013,3176,29,3204,29,3117,22
25015,669,-3,689,-1,658,-6
25017,8149,72,8237,79,8027,57
25019,0,0,0,0,0,0
25021,3195,48,3182,37,3145,38
25023,2412,41,2375,26,2364,32
25025,4453,37,4462,40,4397,38
25027,3962,83,3892,58,3892,73
26001,0,0,0,0,0,0
26003,30,0,33,-1,30,0
26005,850,22,821,15,819,18
26007,25,0,23,0,22,1
26009,67,1,64,0,65,1
26011,45,1,44,0,44,1
26013,57,1,61,1,60,1
26015,294,7,287,5,296,7
26017,535,18,509,11,518,15
26019,122,3,118,2,115,3
26021,825,10,830,8,807,7
26023,588,21,572,15,574,21
26025,909,15,916,12,899,16
26027,177,4,177,2,175,3
26029,67,1,67,0,67,1
26031,122,3,119,3,121,3
26033,124,2,115,1,116,2
26035,136,3,128,1,130,1
26037,560,7,573,5,559,3
26039,38,0,40,0,36,0
26041,248,1,245,2,241,2
26043,270,4,280,4,269,5
26045,742,12,734,7,713,6
26047,73,2,70,1,68,1
26049,2222,33,2240,25,2190,27
26051,149,2,143,1,147,2
26053,151,0,154,0,151,0
26055,453,8,457,7,444,7
26057,154,4,150,3,147,3
26059,450,12,438,8,443,12
26061,317,7,319,5,308,5
26063,72,2,68,0,75,1
26065,1458,5,1466,10,1423,4
26067,315,6,313,6,310,6
26069,52,1,49,0,50,1
26071,46,-1,46,-1,44,-1
26073,176,3,171,2,171,2
26075,1112,11,1120,10,1095,9
26077,1775,3,1814,5,1756,0
26079,61,0,62,-1,58,0
26081,3815,48,3850,40,3771,44
26083,0,0,0,0,0,0
26085,47,1,45,1,44,0
26087,355,8,346,5,338,7
26089,89,1,89,1,87,1
26091,546,9,541,6,530,8
26093,933,6,935,5,917,4
26095,0,0,0,0,0,0
26097,0,0,0,0,0,0
26099,6260,28,6365,35,6135,22
26101,110,2,110,2,105,2
26103,660,11,674,13,652,11
26105,234,1,235,2,230,0
26107,161,1,160,2,157,1
26109,154,2,149,2,147,1
26111,396,8,398,8,389,7
26113,99,4,97,3,97,2
26115,1261,30,1244,25,1226,25
26117,287,5,272,2,283,4
26119,11,1,10,0,13,1
26121,1091,18,1082,14,1062,14
26123,254,6,244,4,244,5
26125,7715,2,7893,10,7618,-16
26127,259,6,247,5,248,6
26129,34,1,30,1,32,1
26131,0,0,0,0,0,0
26133,119,4,112,3,112,3
26135,0,0,0,0,0,0
26137,123,4,117,2,119,3
26139,1578,29,1568,20,1544,20
26141,0,0,0,0,0,0
26143,131,3,127,2,128,3
26145,1230,26,1215,21,1194,22
26147,570,5,557,3,553,0
26149,352,9,344,7,348,9
26151,109,1,105,0,105,2
26153,68,2,68,2,67,2
26155,358,3,354,2,360,4
26157,184,5,174,2,177,5
26159,477,8,489,8,472,7
26161,2417,-10,2490,1,2372,-10
26163,11057,54,11292,70,10942,38
26165,159,4,156,2,155,3
27001,0,0,0,0,0,0
27003,1647,-9,1686,-6,1627,-15
27005,138,2,137,1,129,1
27007,249,5,248,4,243,5
27009,274,2,278,2,271,2
27011,11,0,11,0,14,0
27013,448,9,446,6,437,6
27015,233,9,220,6,219,6
27017,192,4,182,1,189,3
27019,418,-5,430,-2,415,-4
27021,202,2,205,2,200,2
27023,47,0,44,0,44,0
27025,416,12,395,8,410,13
27027,490,8,488,5,476,5
27029,17,0,18,0,21,1
27031,0,0,0,0,0,0
27033,70,2,73,2,68,1
27035,400,7,398,4,399,6
27037,2735,17,2765,20,2671,10
27039,74,1,73,1,72,1
27041,308,4,305,4,297,5
27043,30,-1,26,-1,29,-1
27045,100,1,106,2,104,2
27047,132,2,128,2,125,2
27049,218,1,219,0,216,0
27051,0,0,0,0,0,0
27053,7743,-4,7932,12,7613,-24
27055,81,-1,82,-1,75,-2
27057,191,5,187,4,185,5
27059,162,5,149,0,162,4
27061,178,0,183,-1,178,-1
27063,78,1,79,2,76,1
27065,42,0,44,0,42,0
27067,181,1,177,1,175,2
27069,0,0,0,0,0,0
27071,49,-2,49,-1,45,-1
27073,22,0,21,0,21,0
27075,4,0,7,0,2,0
27077,0,0,0,0,0,0
27079,113,4,107,2,111,3
27081,29,1,31,1,30,1
27083,116,4,109,2,108,2
27085,182,2,185,1,181,1
27087,17,0,19,0,14,0
27089,21,0,20,0,19,-1
27091,129,3,132,3,127,3
27093,155,2,155,2,148,1
27095,77,2,75,1,73,1
27097,307,6,310,5,302,7
27099,139,-2,140,-1,140,-2
27101,31,1,30,1,31,0
27103,124,0,129,1,125,1
27105,132,-2,147,0,134,-2
27107,0,0,0,0,0,0
27109,1070,2,1079,1,1055,-3
27111,442,12,420,9,423,10
27113,54,0,56,0,51,-1
27115,70,-2,74,-1,67,-2
27117,11,-1,13,0,12,0
27119,209,3,204,2,201,3
27121,40,0,42,0,42,0
27123,3187,-6,3242,0,3123,-8
27125,0,0,0,0,0,0
27127,29,-1,29,-1,27,-1
27129,32,-1,35,-1,33,-1
27131,393,15,378,9,386,13
27133,34,0,37,-1,37,0
27135,44,0,41,-1,42,-1
27137,1214,3,1226,1,1187,-1
27139,693,-3,702,-2,684,-4
27141,606,14,592,11,582,12
27143,71,1,73,0,71,2
27145,1283,23,1262,16,1241,18
27147,194,5,193,4,190,4
27149,59,-1,62,0,59,-1
27151,27,0,23,0,23,0
27153,355,10,357,9,345,9
27155,0,0,0,0,0,0
27157,95,1,95,1,87,0
27159,121,0,121,1,116,1
27161,64,-2,70,-1,66,-1
27163,1464,7,1498,10,1443,6
27165,44,1,46,0,44,1
27167,22,1,22,1,20,0
27169,251,-3,258,-2,251,-3
27171,659,4,676,7,659,6
27173,23,0,25,0,21,0
28001,202,-4,205,-3,200,-3
28003,499,-3,503,-3,487,-3
28005,64,-2,68,-1,65,-2
28007,184,-2,186,-2,188,-2
28009,29,-1,29,-1,28,-1
28011,278,0,276,-1,275,-2
28013,86,-1,90,-1,85,-1
28015,62,-1,60,-1,60,0
28017,261,0,271,1,259,0
28019,32,-1,29,-1,31,-1
28021,108,1,107,0,100,0
28023,76,-3,83,-2,78,-3
28025,194,-1,196,-2,195,-1
28027,80,-2,83,-2,76,-3
28029,258,-3,264,-2,257,-4
28031,157,-6,166,-5,155,-6
28033,860,-16,885,-13,852,-20
28035,891,-14,912,-9,876,-15
28037,77,0,77,-1,73,-1
28039,227,-2,232,-2,224,-3
28041,81,-2,83,-2,76,-2
28043,112,1,116,1,110,1
28045,510,-5,523,-3,500,-6
28047,2366,-3,2412,-8,2323,-6
28049,2343,-52,2463,-32,2322,-56
28051,100,-2,103,-1,98,-1
28053,42,0,42,0,37,-1
28055,0,0,0,0,0,0
28057,173,-3,183,-3,170,-5
28059,1343,-28,1401,-18,1332,-28
28061,276,0,281,2,273,0
28063,36,-1,37,0,32,-1
28065,78,-2,82,-2,78,-2
28067,1050,-14,1084,-7,1035,-13
28069,39,0,40,0,40,0
28071,520,-3,539,-1,515,-2
28073,798,-4,816,-4,783,-7
28075,742,21,706,14,713,18
28077,154,-1,155,-1,156,-2
28079,200,-2,210,0,201,-1
28081,1046,-11,1080,-5,1031,-12
28083,216,2,217,2,217,2
28085,401,0,410,0,397,-1
28087,480,-6,495,-6,471,-7
28089,1013,-16,1068,-9,1020,-14
28091,307,-2,317,-1,299,-3
28093,260,1,261,2,258,1
28095,432,-1,445,0,425,-1
28097,87,-2,93,-1,86,-1
28099,459,4,460,3,446,1
28101,80,-3,87,-2,80,-3
28103,97,-2,92,-3,100,-2
28105,391,0,403,0,383,-2
28107,187,0,180,-1,180,-1
28109,428,1,432,-1,425,-2
28111,118,-2,119,-1,118,-1
28113,743,0,764,1,735,-1
28115,375,-3,387,-2,363,-4
28117,303,-2,315,0,298,-3
28119,12,-1,12,-1,9,-1
28121,1729,-15,1765,-10,1690,-20
28123,188,-2,199,0,186,-2
28125,1,0,0,0,0,0
28127,372,-4,378,-1,367,-2
28129,116,-1,114,0,115,-1
28131,224,-3,239,-1,221,-3
28133,113,-1,116,-1,112,-2
28135,45,-2,48,-1,43,-2
28137,97,-4,99,-4,97,-4
28139,144,-4,152,-3,140,-4
28141,183,-3,189,-1,173,-4
28143,29,-1,27,-1,27,-1
28145,325,-1,324,-2,314,-3
28147,140,-2,148,-1,140,-1
28149,533,0,539,0,515,-3
28151,300,3,293,-1,296,1
28153,239,1,237,2,233,1
28155,105,0,108,0,103,0
28157,21,0,21,0,20,0
28159,223,-4,231,-2,224,-3
28161,43,-2,50,-1,45,-2
28163,202,-4,209,-3,201,-5
29001,95,-1,103,0,97,-1
29003,123,3,124,3,120,2
29005,23,0,21,0,23,0
29007,179,4,178,2,179,4
29009,184,-2,187,-1,183,-2
29011,48,-1,47,-1,46,-1
29013,53,0,53,-1,50,-1
29015,263,-2,272,0,259,-1
29017,45,1,44,1,42,1
29019,1303,22,1289,15,1271,16
29021,906,0,932,3,889,-2
29023,462,4,461,3,448,2
29025,22,0,23,0,21,0
29027,341,5,341,4,333,4
29029,175,-4,177,-4,175,-4
29031,866,7,879,6,847,4
29033,39,1,39,1,38,1
29035,76,4,73,4,76,4
29037,737,3,740,2,725,1
29039,91,1,92,0,87,0
29041,20,0,19,-1,20,-1
29043,500,0,494,-2,491,-3
29045,33,1,30,1,31,1
29047,1040,33,990,17,1019,29
29049,131,1,132,1,130,0
29051,257,-2,253,-3,252,-2
29053,111,5,106,2,109,4
29055,127,0,137,1,127,1
29057,27,0,33,1,27,0
29059,132,0,137,0,135,-1
29061,19,0,20,0,18,0
29063,33,1,31,0,27,0
29065,56,-3,56,-3,55,-3
29067,92,2,93,2,87,2
29069,390,17,358,9,384,17
29071,557,-4,571,-2,548,-5
29073,58,-1,58,-1,58,0
29075,42,0,41,0,39,-1
29077,2459,45,2429,29,2430,38
29079,21,0,21,0,20,0
29081,55,0,53,0,54,-1
29083,291,1,298,1,285,0
29085,82,-2,83,-2,81,-1
29087,8,0,6,1,5,0
29089,55,1,58,1,57,1
29091,578,22,534,11,565,19
29093,68,1,64,0,66,1
29095,3376,36,3378,21,3340,31
29097,851,10,848,5,832,5
29099,2079,51,2009,25,2036,44
29101,334,4,337,1,336,2
29103,3,-1,4,-1,4,-1
29105,302,4,294,3,295,3
29107,181,0,179,-1,176,-1
29109,133,-2,131,-1,126,-2
29111,54,-1,53,-1,53,-1
29113,395,-1,404,0,394,-1
29115,41,-1,41,-1,39,-1
29117,74,1,71,0,71,1
29119,113,2,111,0,111,1
29121,26,-1,27,-1,28,-1
29123,0,0,0,0,0,0
29125,23,-1,25,-1,25,-1
29127,268,-1,273,-1,260,-4
29129,0,0,0,0,0,0
29131,111,1,106,0,109,1
29133,278,9,273,8,269,8
29135,90,3,86,2,87,3
29137,25,1,26,1,29,1
29139,73,1,75,0,70,1
29141,100,0,101,-1,100,0
29143,40,2,37,2,38,2
29145,344,6,352,4,337,4
29147,328,10,329,8,316,8
29149,0,0,0,0,0,0
29151,50,1,50,0,49,1
29153,34,-1,32,-1,31,-1
29155,138,8,131,6,131,7
29157,185,-1,192,-1,182,-1
29159,486,10,484,8,479,8
29161,373,0,390,2,376,1
29163,51,-3,54,-2,48,-3
29165,378,8,364,6,362,7
29167,206,-4,216,-3,206,-5
29169,442,4,419,0,439,3
29171,0,0,0,0,0,0
29173,44,0,47,0,47,1
29175,82,0,81,-1,79,0
29177,0,0,0,0,0,0
29179,32,1,35,1,31,1
29181,89,1,89,0,83,1
29183,3543,64,3468,28,3457,56
29185,70,0,68,0,67,0
29186,68,-3,65,-3,61,-3
29187,816,19,791,9,799,16
29189,6813,-89,7111,-51,6718,-100
29195,97,-3,103,-2,98,-3
29197,0,0,0,0,0,0
29199,0,0,0,0,0,0
29201,1946,156,1563,79,1866,148
29203,35,-1,39,-1,35,0
29205,14,-1,15,-1,12,-1
29207,235,3,237,3,226,1
29209,270,14,243,6,267,12
29211,26,1,22,0,27,0
29213,376,-7,391,-6,371,-9
29215,141,3,138,2,136,3
29217,54,-1,60,-1,55,-1
29219,191,4,183,4,182,3
29221,0,0,0,0,1,0
29223,90,2,89,2,89,3
29225,98,-3,102,-2,98,-2
29227,0,0,0,0,0,0
29229,71,-1,75,-1,70,-2
29510,2382,-6,2434,3,2369,-4
30001,33,-1,34,0,33,-1
30003,48,-1,51,-1,48,-1
30005,48,0,51,1,47,0
30007,9,1,14,1,6,0
30009,40,0,42,0,40,0
30011,0,0,0,0,0,0
30013,686,3,699,3,682,1
30015,1,-1,2,-1,2,-1
30017,55,1,56,1,50,0
30019,0,0,0,0,0,0
30021,66,0,72,1,65,0
30023,46,-1,49,-1,46,-1
30025,0,0,0,0,0,0
30027,15,0,20,0,16,0
30029,668,3,660,1,646,0
30031,798,-6,829,-6,801,-8
30033,0,0,0,0,0,0
30035,70,0,77,0,74,0
30037,0,0,0,0,0,0
30039,0,0,0,0,0,0
30041,53,-3,57,-3,53,-3
30043,53,0,52,-1,53,0
30045,0,0,0,0,0,0
30047,194,-2,201,0,194,-1
30049,625,-6,644,-1,607,-5
30051,0,0,0,0,0,0
30053,56,-2,58,-2,56,-2
30055,0,0,0,0,0,0
30057,51,-2,55,-1,54,-1
30059,0,0,0,0,0,0
30061,10,-1,10,-1,9,-1
30063,647,-15,667,-12,631,-16
30065,0,0,0,0,0,0
30067,66,-3,68,-3,67,-3
30069,0,0,0,0,0,0
30071,0,0,0,0,0,0
30073,0,0,0,0,0,0
30075,0,0,0,0,0,0
30077,51,-1,56,-1,51,-1
30079,0,0,0,0,0,0
30081,292,8,273,4,284,7
30083,21,0,21,0,21,0
30085,41,0,42,0,42,0
30087,39,-1,41,0,36,-1
30089,31,1,28,1,33,1
30091,0,0,0,0,0,0
30093,129,-2,134,-2,126,-2
30095,0,0,0,0,0,0
30097,0,0,0,0,0,0
30099,0,0,0,0,0,0
30101,0,0,0,0,0,0
30103,0,0,0,0,0,0
30105,38,-1,44,0,36,-1
30107,0,0,0,0,0,0
30109,0,0,0,0,0,0
30111,1231,9,1238,9,1204,7
31001,175,-2,184,0,176,-1
31003,20,0,21,0,21,0
31005,0,0,0,0,0,0
31007,0,0,0,0,0,0
31009,0,0,0,0,0,0
31011,14,0,13,0,11,-1
31013,64,0,61,0,61,1
31015,0,0,0,0,0,0
31017,0,0,0,0,0,0
31019,303,1,299,0,304,1
31021,21,0,21,0,21,0
31023,32,-1,32,0,25,-1
31025,149,0,148,1,145,0
31027,41,0,42,0,42,0
31029,2,0,2,0,2,0
31031,0,0,0,0,0,0
31033,7,-1,9,-1,8,-1
31035,18,0,20,0,15,-1
31037,63,0,62,0,60,0
31039,40,0,40,0,38,0
31041,44,0,50,0,44,0
31043,58,-2,62,-2,56,-2
31045,34,-1,38,-1,36,-1
31047,99,-2,102,-1,96,-3
31049,0,0,0,0,0,0
31051,18,-1,16,0,15,0
31053,219,2,226,1,219,1
31055,3271,-8,3364,4,3224,-18
31057,0,0,0,0,0,0
31059,2,0,3,0,4,0
31061,0,0,0,0,0,0
31063,0,0,0,0,0,0
31065,6,0,4,0,7,0
31067,92,-1,94,-1,90,-2
31069,0,0,0,0,0,0
31071,0,0,0,0,0,0
31073,0,0,0,0,0,0
31075,0,0,0,0,0,0
31077,0,0,0,0,0,0
31079,374,1,380,0,366,1
31081,40,-1,37,-2,42,-1
31083,0,0,0,0,0,0
31085,0,0,0,0,0,0
31087,0,0,0,0,0,0
31089,40,-1,40,0,35,-1
31091,0,0,0,0,0,0
31093,14,-1,19,0,14,-1
31095,22,0,21,0,21,0
31097,1,0,0,0,0,0
31099,20,0,18,-1,21,0
31101,23,0,25,0,24,0
31103,0,0,0,0,0,0
31105,0,0,0,0,0,0
31107,33,-1,36,-1,35,0
31109,1775,-3,1829,0,1735,-10
31111,217,3,223,2,216,1
31113,0,0,0,0,0,0
31115,0,0,0,0,0,0
31117,0,0,0,0,0,0
31119,216,1,217,1,215,0
31121,30,1,28,1,29,0
31123,0,0,0,0,0,0
31125,0,0,0,0,0,0
31127,21,0,21,0,20,-1
31129,0,0,0,0,0,0
31131,36,-2,40,-2,36,-2
31133,0,0,0,0,0,0
31135,0,0,0,0,0,0
31137,14,-1,17,-1,16,-1
31139,23,0,23,0,22,0
31141,183,0,187,-1,186,0
31143,8,-1,10,-1,6,-1
31145,42,-2,43,-1,41,-1
31147,22,0,22,0,21,0
31149,0,0,0,0,0,0
31151,86,0,84,0,84,0
31153,1090,2,1112,1,1081,-1
31155,115,1,114,0,118,1
31157,217,0,225,1,213,0
31159,54,-1,60,0,54,-1
31161,0,0,0,0,0,0
31163,0,0,0,0,0,0
31165,0,0,0,0,0,0
31167,6,-1,6,-1,8,-1
31169,0,0,0,0,0,0
31171,0,0,0,0,0,0
31173,40,2,39,1,36,1
31175,3,0,6,0,3,0
31177,64,-2,68,-1,64,-2
31179,44,0,43,0,42,0
31181,0,0,0,0,0,0
31183,0,0,0,0,0,0
31185,31,-1,34,-1,30,-1
32001,350,8,337,4,340,5
32003,15023,-68,15459,-23,14804,-102
32005,308,5,305,4,307,6
32007,634,43,547,19,603,37
32009,0,0,0,0,0,0
32011,0,0,0,0,0,0
32013,45,0,45,1,42,0
32015,0,0,0,0,0,0
32017,0,0,0,0,0,0
32019,17,-1,17,-1,19,-1
32021,0,0,0,0,0,0
32023,295,1,304,1,294,1
32027,0,0,0,0,0,0
32029,0,0,0,0,0,0
32031,3037,-33,3103,-25,2965,-39
32033,0,0,0,0,0,0
32510,240,-8,244,-7,237,-8
33001,520,13,529,11,516,12
33003,293,3,302,4,291,3
33005,245,0,247,0,238,-1
33007,102,2,99,1,101,2
33009,347,3,347,2,335,2
33011,2042,47,2004,36,1997,44
33013,795,21,782,14,769,16
33015,1673,43,1665,32,1631,33
33017,619,14,604,10,605,13
33019,203,6,200,5,193,5
34001,2142,-31,2247,-18,2121,-36
34003,7377,-144,7760,-77,7251,-162
34005,3293,-20,3442,-4,3246,-31
34007,4064,-29,4252,-5,4043,-35
34009,511,-14,525,-10,499,-15
34011,1076,-18,1117,-13,1052,-18
34013,7025,-115,7379,-59,6912,-131
34015,2006,-4,2061,-1,1989,-11
34017,6056,-130,6374,-83,6005,-130
34019,840,-5,870,-1,836,-6
34021,2626,-41,2755,-23,2597,-44
34023,6210,-109,6584,-61,6179,-123
34025,4219,-72,4391,-44,4143,-73
34027,2792,-69,2932,-51,2769,-68
34029,3966,-53,4113,-26,3911,-58
34031,4890,-36,5105,-6,4832,-45
34033,366,-3,376,-1,358,-3
34035,1857,-42,1969,-28,1856,-40
34037,957,-4,983,2,941,-5
34039,4678,-54,4928,-19,4606,-64
34041,595,-83,594,-83,595,-83
35001,4728,-84,4916,-45,4669,-91
35003,0,0,0,0,0,0
35005,760,11,754,7,743,7
35006,245,-5,260,-3,243,-5
35007,28,-1,31,-1,30,-1
35009,426,-2,441,0,413,-2
35011,0,0,0,0,0,0
35013,2185,-32,2293,-14,2147,-34
35015,570,-1,592,2,560,-1
35017,217,-7,232,-4,219,-8
35019,0,0,0,0,0,0
35021,0,0,0,0,0,0
35023,0,0,0,0,0,0
35025,712,-2,722,-2,714,-3
35027,145,-6,150,-5,143,-6
35028,87,-4,93,-3,87,-4
35029,185,-5,200,-3,183,-5
35031,882,-15,944,-6,878,-15
35033,0,0,0,0,0,0
35035,546,-2,552,-1,544,-2
35037,15,-2,18,-2,15,-2
35039,322,-7,338,-5,319,-7
35041,357,8,369,9,349,7
35043,1150,-25,1203,-18,1142,-28
35045,1145,-29,1233,-17,1140,-29
35047,136,-2,140,-2,136,-3
35049,1215,-18,1268,-11,1207,-19
35051,6,-1,13,0,5,-1
35053,82,-2,88,-1,79,-3
35055,103,-2,103,-2,99,-2
35057,1,0,0,0,1,0
35059,0,0,0,0,0,0
35061,551,-19,593,-13,545,-19
36001,1532,6,1563,8,1509,0
36003,95,2,95,1,98,2
36005,8365,-365,8809,-295,8336,-376
36007,972,17,985,16,956,15
36009,244,4,243,2,238,3
36011,295,7,288,5,280,5
36013,466,5,458,3,454,5
36015,286,1,288,2,288,1
36017,101,-1,105,0,98,-1
36019,247,-4,250,-3,241,-5
36021,264,3,271,3,260,2
36023,181,2,177,0,181,2
36025,175,1,180,1,171,0
36027,1589,-11,1643,-5,1551,-18
36029,3537,2,3604,8,3463,-2
36031,84,-3,88,-3,86,-4
36033,155,-1,156,-1,151,-1
36035,201,1,204,2,194,1
36037,155,3,152,3,148,2
36039,147,1,151,1,142,1
36041,0,0,0,0,0,0
36043,310,6,320,6,308,4
36045,493,7,507,6,492,7
36047,12712,-592,13330,-494,12618,-607
36049,38,2,40,1,37,1
36051,220,3,217,2,215,3
36053,173,-1,173,-1,167,-1
36055,2176,2,2217,-3,2133,-9
36057,209,1,214,-1,205,-1
36059,9401,-244,9875,-168,9282,-252
36061,10587,-322,11164,-239,10514,-342
36063,778,5,783,6,767,7
36065,824,7,840,7,814,3
36067,2085,15,2123,19,2061,10
36069,412,2,411,4,403,3
36071,3873,16,3930,15,3828,3
36073,71,0,75,-1,75,0
36075,512,6,516,7,511,6
36077,250,2,243,1,238,2
36079,547,-1,568,4,542,-1
36081,13828,-609,14533,-498,13623,-620
36083,820,3,835,2,803,0
36085,3359,-130,3548,-94,3350,-134
36087,1962,-32,2052,-16,1935,-32
36089,445,7,450,8,434,5
36091,956,-6,967,-5,928,-6
36093,595,-9,595,-9,585,-9
36095,100,1,102,2,103,1
36097,37,1,35,1,35,1
36099,107,1,110,0,107,1
36101,375,6,368,3,367,4
36103,10512,-148,11012,-84,10342,-179
36105,422,-4,447,0,418,-6
36107,265,5,264,5,264,4
36109,521,-3,547,3,509,-4
36111,705,-3,720,-1,700,-4
36113,375,3,369,2,366,1
36115,189,0,198,1,190,0
36117,276,1,278,1,270,-1
36119,5649,-94,5910,-52,5537,-110
36121,279,12,274,10,277,12
36123,26,0,26,1,30,1
37001,1403,-2,1421,-2,1377,-7
37003,352,0,354,-1,341,-1
37005,53,1,56,1,52,0
37007,363,8,356,6,356,8
37009,95,-2,99,-2,95,-2
37011,228,3,229,2,222,2
37013,738,3,767,5,727,0
37015,345,20,299,10,325,17
37017,429,1,445,4,429,1
37019,1207,-17,1249,-10,1183,-15
37021,1735,0,1791,5,1720,-5
37023,777,-2,793,-1,759,-5
37025,1966,-23,2051,-8,1926,-27
37027,992,4,1020,8,973,4
37029,22,0,22,0,22,0
37031,597,-4,617,0,591,-5
37033,190,4,182,4,183,4
37035,1657,-10,1695,-5,1613,-15
37037,641,8,625,6,612,6
37039,257,2,261,2,250,1
37041,162,-2,171,0,160,-2
37043,98,-1,98,-1,97,-1
37045,1185,0,1217,1,1163,-4
37047,747,-2,804,6,732,-2
37049,1404,16,1425,17,1383,13
37051,3544,-47,3669,-28,3511,-57
37053,115,-1,117,0,115,-1
37055,269,-1,268,-1,261,-2
37057,1579,8,1645,15,1564,6
37059,352,-1,368,2,352,-1
37061,1385,35,1383,28,1344,31
37063,3518,6,3551,2,3481,1
37065,784,-1,807,4,768,-2
37067,3552,3,3677,20,3493,-4
37069,569,-8,589,-4,560,-9
37071,2025,-22,2095,-7,1979,-25
37073,70,2,59,0,64,1
37075,34,-3,34,-2,34,-2
37077,578,-4,592,-4,573,-5
37079,192,0,203,2,189,0
37081,4033,6,4155,21,3979,2
37083,879,6,904,9,863,5
37085,1262,-6,1282,-3,1239,-8
37087,338,-2,344,0,323,-2
37089,1064,13,1075,10,1047,5
37091,246,4,259,6,242,4
37093,559,-5,579,-1,550,-4
37095,0,0,0,0,0,0
37097,1721,9,1769,13,1686,2
37099,474,12,458,8,466,13
37101,1778,-13,1829,-6,1744,-22
37103,21,0,22,0,21,0
37105,573,2,599,5,559,-1
37107,818,-1,867,4,818,-2
37109,723,0,744,2,711,-2
37111,330,-9,343,-8,323,-10
37113,307,-3,320,-2,302,-4
37115,121,1,125,1,116,1
37117,190,-3,198,-1,184,-3
37119,10661,-84,11202,-5,10539,-93
37121,86,-1,88,0,82,-1
37123,247,3,255,2,238,2
37125,1179,17,1168,13,1147,13
37127,909,-5,946,-2,899,-5
37129,2369,32,2379,25,2318,27
37131,20,1,19,1,20,1
37133,2403,34,2430,31,2355,21
37135,771,-37,813,-30,757,-36
37137,72,0,78,1,70,-1
37139,218,2,219,1,208,1
37141,21,0,21,0,21,0
37143,97,1,98,1,99,1
37145,21,0,21,0,21,0
37147,2432,0,2575,12,2430,-2
37149,114,-1,115,-1,111,-1
37151,905,-2,929,2,894,-5
37153,496,-16,533,-11,494,-16
37155,1156,-22,1202,-14,1148,-21
37157,725,8,731,9,711,9
37159,1526,0,1580,4,1502,-1
37161,552,-2,583,1,545,-4
37163,775,-13,853,-5,790,-13
37165,582,26,552,14,578,22
37167,634,4,651,5,612,1
37169,410,1,426,3,408,0
37171,803,-5,839,-1,794,-6
37173,171,0,179,2,170,-1
37175,19,0,13,-1,16,0
37177,0,0,0,0,0,0
37179,2202,0,2289,14,2173,1
37181,414,-10,436,-8,409,-11
37183,14354,345,13968,232,14058,303
37185,162,-2,168,-2,164,-2
37187,38,-2,43,-1,39,-2
37189,189,1,186,1,184,1
37191,2057,1,2169,17,2045,4
37193,656,6,679,6,656,3
37195,864,-5,916,-2,853,-7
37197,391,-2,406,0,385,-3
37199,135,-1,139,-1,132,-1
38001,0,0,0,0,0,0
38003,49,1,49,1,46,1
38005,43,-1,47,-1,44,-1
38007,0,0,0,0,0,0
38009,18,0,20,0,16,0
38011,0,0,0,0,0,0
38013,0,0,0,0,0,0
38015,699,-2,707,-2,683,-5
38017,1246,0,1276,4,1225,-3
38019,0,0,0,0,0,0
38021,44,0,43,0,44,0
38023,0,0,0,0,0,0
38025,0,0,0,0,0,0
38027,0,0,0,0,0,0
38029,0,0,0,0,0,0
38031,0,0,0,0,0,0
38033,0,0,0,0,0,0
38035,474,0,492,2,469,1
38037,0,0,0,0,0,0
38039,0,0,0,0,0,0
38041,0,0,0,0,0,0
38043,0,0,0,0,0,0
38045,0,0,0,0,0,0
38047,0,0,0,0,0,0
38049,0,0,0,0,0,0
38051,0,0,0,0,0,0
38053,8,-1,6,-1,8,-1
38055,0,0,0,0,0,0
38057,50,0,52,0,51,1
38059,180,-3,182,-2,178,-2
38061,28,-1,30,-1,29,-1
38063,0,0,0,0,0,0
38065,0,0,0,0,0,0
38067,2,-1,2,-1,2,-1
38069,2,1,4,1,0,0
38071,110,0,113,1,113,1
38073,0,0,4,1,0,0
38075,0,0,0,0,0,0
38077,131,3,125,2,125,2
38079,165,-6,172,-4,167,-6
38081,0,0,0,0,0,0
38083,0,0,0,0,0,0
38085,18,0,19,0,18,0
38087,0,0,0,0,0,0
38089,179,-2,185,0,175,-3
38091,0,0,0,0,0,0
38093,208,0,203,0,200,-1
38095,0,0,0,0,0,0
38097,0,0,0,0,0,0
38099,20,-2,25,-1,19,-2
38101,261,-2,256,-3,256,-2
38103,0,0,1,0,0,0
38105,202,2,202,0,199,1
39001,391,4,392,4,381,2
39003,1013,19,1003,15,996,16
39005,503,14,494,11,495,13
39007,749,20,731,16,729,20
39009,757,9,757,9,747,9
39011,648,17,638,11,636,17
39013,576,11,572,8,560,12
39015,472,10,471,6,456,7
39017,2958,18,3007,23,2919,9
39019,205,4,196,2,207,4
39021,422,7,416,5,406,7
39023,1601,43,1559,28,1573,35
39025,1752,0,1780,7,1719,-3
39027,414,5,420,5,408,4
39029,795,19,794,16,772,16
39031,514,22,495,15,500,17
39033,554,11,551,8,533,7
39035,10131,109,10309,120,9997,89
39037,730,15,740,14,727,17
39039,982,104,721,41,929,92
39041,1296,7,1306,6,1255,3
39043,624,4,636,5,614,3
39045,1547,46,1454,27,1491,42
39047,229,3,237,3,227,2
39049,9588,101,9538,65,9333,62
39051,440,26,386,14,431,25
39053,628,12,638,11,624,11
39055,558,13,557,12,557,14
39057,1618,8,1652,5,1602,4
39059,376,2,384,2,375,1
39061,6836,15,6920,21,6694,5
39063,638,17,621,11,624,14
39065,284,10,274,7,279,9
39067,66,-1,65,-1,64,-1
39069,393,23,356,14,379,22
39071,394,4,391,2,390,3
39073,341,5,344,6,337,5
39075,141,6,130,4,139,7
39077,598,11,602,10,586,10
39079,366,-1,380,0,367,-2
39081,675,13,675,11,652,9
39083,550,9,559,8,540,8
39085,1806,31,1802,24,1762,27
39087,878,-4,911,3,866,-6
39089,1670,29,1653,23,1644,25
39091,466,8,472,8,462,7
39093,3299,39,3303,38,3237,32
39095,2443,33,2425,25,2394,25
39097,21,0,21,0,21,0
39099,2015,49,2024,40,1991,42
39101,671,6,693,8,669,6
39103,1064,4,1081,4,1052,2
39105,267,2,268,1,256,2
39107,407,21,381,14,393,18
39109,1148,7,1155,7,1121,6
39111,149,2,145,1,141,2
39113,5566,9,5687,20,5442,-4
39115,80,-1,78,-1,77,-1
39117,374,10,365,7,364,9
39119,1403,40,1375,26,1371,38
39121,124,3,124,2,125,3
39123,328,8,333,6,321,8
39125,113,4,109,2,108,3
39127,28,-1,28,-1,29,0
39129,6,0,7,-1,5,-1
39131,429,5,434,5,423,5
39133,1537,39,1505,34,1481,31
39135,258,-2,263,-1,246,-2
39137,183,7,170,3,178,7
39139,1641,32,1654,32,1606,27
39141,990,14,997,8,979,13
39143,560,9,572,9,553,8
39145,1098,-2,1125,0,1090,-7
39147,601,20,565,13,591,22
39149,432,11,414,5,421,6
39151,2558,53,2538,42,2513,47
39153,3573,45,3609,48,3487,37
39155,1667,33,1659,30,1627,27
39157,986,22,967,17,966,20
39159,628,11,623,6,616,8
39161,229,2,230,3,227,3
39163,112,2,109,2,106,1
39165,1830,2,1874,2,1803,-2
39167,561,9,563,8,547,7
39169,576,7,583,6,569,4
39171,21,2,18,1,20,2
39173,842,14,832,10,822,9
39175,0,0,0,0,0,0
40001,302,0,317,0,298,-1
40003,0,0,0,0,0,0
40005,47,-4,52,-4,48,-4
40007,0,0,0,0,0,0
40009,83,-3,84,-2,79,-3
40011,82,2,86,2,84,1
40013,685,6,691,3,679,3
40015,301,0,316,1,297,1
40017,1236,5,1248,5,1213,2
40019,831,6,841,6,816,3
40021,420,4,424,5,415,3
40023,493,35,406,19,479,35
40025,0,0,0,0,0,0
40027,2804,3,2903,13,2803,3
40029,40,0,41,0,37,-1
40031,1639,25,1636,20,1619,17
40033,21,0,21,0,20,0
40035,173,0,183,1,176,0
40037,793,15,786,10,779,11
40039,326,5,331,3,322,4
40041,436,6,433,5,427,3
40043,0,0,0,0,0,0
40045,0,0,0,0,0,0
40047,551,14,526,8,540,12
40049,281,2,284,2,278,1
40051,584,14,582,11,575,11
40053,0,0,0,0,0,0
40055,0,0,0,0,0,0
40057,15,1,19,1,16,1
40059,0,0,0,0,0,0
40061,126,2,122,2,127,3
40063,156,3,151,1,152,3
40065,314,6,324,2,308,2
40067,0,0,0,0,0,0
40069,157,2,155,1,152,1
40071,531,8,539,9,522,8
40073,117,3,111,2,111,3
40075,76,1,77,1,71,1
40077,120,4,115,2,114,3
40079,677,8,685,10,674,10
40081,491,14,477,11,482,13
40083,513,8,509,6,505,6
40085,141,0,143,1,133,0
40087,342,-2,350,-1,338,-1
40089,118,-2,126,-1,120,-2
40091,158,1,160,0,161,1
40093,55,-1,55,0,50,-1
40095,184,1,187,1,180,1
40097,485,5,487,5,471,2
40099,133,2,133,1,130,0
40101,773,5,776,3,763,3
40103,176,13,145,5,169,12
40105,37,0,39,0,34,0
40107,152,1,153,2,148,1
40109,7133,33,7232,35,7013,11
40111,469,8,468,5,463,7
40113,454,6,452,5,441,5
40115,391,-1,401,0,380,-3
40117,0,0,0,0,0,0
40119,449,-11,486,-7,450,-13
40121,531,6,547,7,529,4
40123,734,-1,750,1,711,-4
40125,888,0,904,4,881,-2
40127,16,1,18,2,16,1
40129,0,0,0,0,0,0
40131,859,-1,887,1,857,-1
40133,388,3,394,2,372,2
40135,525,3,530,4,516,3
40137,394,7,382,3,384,6
40139,159,1,167,1,160,1
40141,21,0,28,0,24,0
40143,6509,36,6657,39,6419,23
40145,829,0,861,0,810,-1
40147,490,7,494,6,479,4
40149,102,2,104,2,103,2
40151,21,0,21,0,21,0
40153,122,2,125,1,122,1
41001,68,0,67,-1,69,0
41003,524,-10,544,-7,516,-10
41005,1471,-31,1520,-19,1441,-32
41007,177,-3,176,-3,180,-4
41009,93,-6,99,-5,91,-6
41011,463,-4,471,-2,458,-5
41013,101,-3,106,-2,104,-3
41015,162,1,169,1,162,0
41017,1338,-13,1387,-4,1325,-15
41019,1239,8,1260,7,1203,2
41021,0,0,0,0,0,0
41023,0,0,0,0,0,0
41025,3,-1,2,-1,2,-1
41027,141,3,140,2,137,2
41029,1112,-6,1145,-3,1095,-7
41031,147,-2,152,-1,144,-2
41033,378,-6,393,-5,376,-6
41035,379,-8,407,-5,370,-10
41037,21,0,21,0,21,0
41039,1909,-35,1944,-31,1876,-39
41041,282,1,283,0,272,0
41043,466,-9,487,-7,460,-11
41045,232,1,232,0,230,0
41047,1371,-29,1416,-24,1342,-32
41049,32,0,30,-1,32,0
41051,3366,-98,3511,-81,3344,-101
41053,478,-4,496,-1,476,-3
41055,0,0,0,0,0,0
41057,130,-1,134,-1,127,-1
41059,627,3,645,4,624,2
41061,142,3,140,2,141,3
41063,0,0,0,0,0,0
41065,147,-4,149,-3,145,-4
41067,2798,-35,2900,-19,2778,-38
41069,0,0,0,0,0,0
41071,279,-10,298,-7,279,-11
42001,337,0,337,-2,327,-1
42003,4920,-34,5102,-14,4840,-45
42005,119,2,110,0,111,1
42007,503,-2,517,1,500,-4
42009,38,0,40,0,35,0
42011,1084,9,1098,10,1064,8
42013,160,3,159,1,156,2
42015,657,-13,691,-7,648,-12
42017,2261,-15,2349,-1,2233,-14
42019,709,5,710,7,694,3
42021,309,1,312,1,302,1
42023,0,0,0,0,0,0
42025,274,3,270,1,269,3
42027,522,-1,539,0,521,-3
42029,2143,-9,2208,-1,2102,-17
42031,127,8,99,3,118,7
42033,175,2,177,1,170,2
42035,43,0,42,0,42,0
42037,291,-2,296,0,290,-1
42039,457,28,394,11,440,22
42041,564,2,569,3,555,3
42043,683,0,697,6,669,3
42045,2262,-22,2339,-10,2223,-29
42047,26,1,28,0,31,1
42049,788,4,813,4,769,1
42051,373,18,348,10,361,15
42053,0,0,0,0,0,0
42055,348,7,351,3,339,4
42057,3,0,7,0,3,0
42059,9,1,8,1,10,1
42061,90,1,89,0,90,1
42063,173,1,165,0,164,0
42065,128,0,129,0,120,-1
42067,18,1,18,1,17,1
42069,1127,-4,1164,-3,1122,-6
42071,1395,0,1428,1,1364,-6
42073,104,3,103,2,104,2
42075,341,3,341,1,333,0
42077,1450,-9,1490,-3,1422,-11
42079,1409,-4,1454,3,1384,-9
42081,336,6,331,4,322,3
42083,66,0,65,1,67,0
42085,387,17,348,8,373,15
42087,32,0,33,0,33,0
42089,644,1,652,3,626,-1
42091,3448,-31,3581,-19,3412,-42
42093,71,-1,73,-1,72,-1
42095,1546,-16,1596,-5,1510,-18
42097,272,3,267,3,264,3
42099,22,1,21,0,21,0
42101,4489,-204,4663,-166,4427,-206
42103,257,-3,271,-1,259,-4
42105,13,1,13,1,12,1
42107,209,-5,220,-3,206,-5
42109,21,0,19,0,19,0
42111,109,3,100,1,107,2
42113,20,-1,21,0,21,0
42115,273,-3,287,0,270,-3
42117,83,-2,87,-2,78,-3
42119,170,1,175,1,172,0
42121,2,1,0,0,1,1
42123,182,3,181,1,182,3
42125,1059,36,999,19,1045,35
42127,210,0,213,0,209,0
42129,1027,5,1051,5,1015,5
42131,90,-5,100,-4,93,-5
42133,1288,-5,1328,-3,1261,-10
44001,260,2,264,3,256,1
44003,929,1,941,6,908,0
44005,312,1,318,0,306,0
44007,3286,4,3377,15,3227,-1
44009,533,-3,546,-2,528,-5
45001,50,-3,52,-2,47,-3
45003,1610,5,1617,5,1573,1
45005,41,0,41,0,39,0
45007,1762,13,1778,14,1740,12
45009,210,6,197,4,199,6
45011,191,4,185,3,187,4
45013,1507,0,1552,1,1495,-3
45015,2096,6,2136,13,2061,3
45017,161,4,153,2,160,4
45019,3629,18,3676,25,3559,12
45021,699,17,680,12,680,17
45023,425,1,429,2,416,0
45025,184,-6,188,-6,182,-6
45027,193,-4,202,-3,195,-4
45029,552,3,549,2,540,1
45031,432,-2,451,1,430,-3
45033,364,6,356,4,350,3
45035,1745,-13,1814,-4,1707,-19
45037,198,-2,208,-1,201,-3
45039,271,5,273,4,263,5
45041,1142,-4,1175,0,1123,-6
45043,505,2,508,1,497,1
45045,4588,15,4683,16,4487,-1
45047,405,0,403,-2,387,-2
45049,9,1,12,1,8,1
45051,3090,-11,3213,5,3045,-12
45053,372,16,344,7,360,13
45055,724,-5,744,-4,714,-8
45057,745,6,741,5,730,5
45059,472,7,461,4,461,5
45061,103,0,109,0,103,0
45063,4042,-2,4152,12,3978,-11
45065,52,1,47,1,49,1
45067,200,-4,202,-4,195,-5
45069,0,0,0,0,0,0
45071,379,-5,398,-4,373,-7
45073,500,-1,503,-1,493,-1
45075,709,-14,761,-6,701,-15
45077,1004,3,1008,4,979,-2
45079,5978,2,6214,31,5866,-11
45081,104,5,90,2,106,6
45083,3216,20,3256,28,3137,13
45085,1018,-3,1037,1,1003,-4
45087,111,-4,109,-3,105,-4
45089,236,-4,244,-2,241,-2
45091,1983,-10,2049,-1,1948,-12
46003,0,0,0,0,0,0
46005,78,-3,83,-1,79,-3
46007,0,0,0,0,0,0
46009,2,1,3,0,0,0
46011,109,1,108,0,108,0
46013,251,3,247,1,249,2
46015,20,0,20,0,20,0
46017,0,0,0,0,0,0
46019,53,0,54,-1,51,-1
46021,0,0,0,0,0,0
46023,78,1,78,1,77,1
46025,0,0,0,0,0,0
46027,23,0,25,0,25,1
46029,357,6,354,3,347,5
46031,0,0,0,0,0,0
46033,26,-1,25,-1,25,-1
46035,109,1,109,0,105,0
46037,0,0,0,0,0,0
46039,0,0,0,0,0,0
46041,0,0,0,0,0,0
46043,0,0,0,0,0,0
46045,0,0,0,0,0,0
46047,50,-1,50,-1,49,-1
46049,0,0,0,0,0,0
46051,0,0,0,0,0,0
46053,0,0,0,0,0,0
46055,0,0,0,0,0,0
46057,21,0,21,0,21,0
46059,0,0,0,0,0,0
46061,0,0,0,0,0,0
46063,0,0,0,0,0,0
46065,40,-2,37,-2,37,-2
46067,10,1,7,1,7,1
46069,0,0,0,0,0,0
46071,0,0,0,0,0,0
46073,0,0,0,0,0,0
46075,0,0,0,0,0,0
46077,0,0,0,0,0,0
46079,26,1,28,0,24,0
46081,191,1,189,0,184,0
46083,194,3,190,2,191,2
46085,0,0,0,0,0,0
46087,0,0,0,0,0,0
46089,0,0,0,0,0,0
46091,0,0,0,0,0,0
46093,175,2,171,1,168,1
46095,0,0,0,0,0,0
46097,0,0,0,0,0,0
46099,827,-1,841,0,808,-3
46101,13,0,17,0,12,0
46102,124,2,127,1,123,1
46103,669,-8,693,-5,654,-10
46105,0,0,0,0,0,0
46107,0,0,0,0,0,0
46109,85,4,81,3,83,5
46111,0,0,0,0,0,0
46115,0,0,0,0,0,0
46117,0,0,0,0,0,0
46119,0,0,0,0,0,0
46121,69,2,67,1,64,1
46123,0,0,0,0,0,0
46125,4,0,4,1,4,0
46127,47,1,41,0,46,2
46129,0,0,0,0,0,0
46135,88,0,86,0,85,0
46137,0,0,0,0,0,0
47001,742,1,762,1,725,-1
47003,660,6,662,5,650,4
47005,139,-1,146,-1,140,-1
47007,60,-3,59,-2,59,-3
47009,1733,10,1748,11,1709,9
47011,1044,11,1047,7,1039,10
47013,497,1,509,2,492,1
47015,161,2,164,2,160,2
47017,484,4,491,5,468,2
47019,668,14,655,7,655,10
47021,340,6,336,5,322,4
47023,231,4,222,3,222,3
47025,186,2,187,2,182,2
47027,23,0,23,0,22,0
47029,460,-1,484,1,460,-1
47031,683,7,687,4,674,6
47033,107,2,107,1,108,1
47035,1014,21,1015,16,996,17
47037,4933,-6,5052,4,4841,-27
47039,94,0,97,1,91,0
47041,238,3,238,2,228,1
47043,539,-3,551,-3,539,-3
47045,400,3,401,2,388,3
47047,229,-2,237,-2,225,-3
47049,133,-2,138,-1,130,-2
47051,491,3,494,2,474,1
47053,2317,223,1713,89,2183,194
47055,428,3,444,5,414,1
47057,220,2,225,1,225,2
47059,943,9,958,7,929,4
47061,56,-3,62,-2,56,-2
47063,794,9,788,10,768,6
47065,3041,8,3107,12,2997,-1
47067,20,0,19,0,18,0
47069,278,7,273,5,269,6
47071,230,-3,239,-2,233,-3
47073,827,15,828,12,816,14
47075,250,0,254,0,245,-2
47077,297,5,300,5,297,7
47079,224,-1,229,0,224,0
47081,196,0,199,0,192,-1
47083,20,0,18,0,20,0
47085,188,0,183,0,181,-1
47087,87,2,89,2,86,2
47089,462,5,474,2,456,3
47091,76,-1,80,0,74,-1
47093,5091,31,5140,29,4985,14
47095,0,0,0,0,0,0
47097,144,-1,152,-1,142,-1
47099,551,3,569,4,539,2
47101,98,2,93,0,94,1
47103,205,2,207,2,202,2
47105,560,4,580,6,554,4
47107,542,3,556,3,536,1
47109,195,-1,197,-2,190,-2
47111,199,0,207,1,193,-1
47113,164,2,157,-1,165,2
47115,341,-4,352,-3,336,-4
47117,355,3,361,3,352,3
47119,701,-2,705,-5,690,-4
47121,51,-3,54,-2,46,-3
47123,499,5,505,4,488,3
47125,1740,5,1784,7,1705,-2
47127,47,0,47,0,48,-1
47129,136,-3,149,0,141,-2
47131,307,5,293,2,296,5
47133,210,0,217,0,205,-1
47135,41,0,44,0,43,0
47137,46,-1,46,-1,47,-1
47139,52,-3,58,-2,52,-3
47141,720,5,719,3,705,5
47143,281,0,288,0,277,-2
47145,780,2,789,5,768,3
47147,573,1,580,1,562,0
47149,2699,-11,2777,-2,2670,-17
47151,578,2,590,4,563,0
47153,198,2,198,1,190,0
47155,896,3,906,3,869,0
47157,5258,-29,5421,-16,5176,-33
47159,144,2,134,0,143,2
47161,21,0,20,0,19,0
47163,1711,10,1725,12,1670,6
47165,1634,2,1662,4,1601,-5
47167,510,-2,523,-1,504,-3
47169,42,0,42,0,42,0
47171,9,1,8,0,9,1
47173,135,-2,139,-2,135,-2
47175,40,0,36,-1,38,0
47177,408,0,403,-1,399,0
47179,1478,49,1394,27,1435,41
47181,184,1,181,1,179,1
47183,290,1,292,1,284,0
47185,211,1,211,0,215,0
47187,1612,0,1641,5,1597,-1
47189,1057,-10,1098,-4,1060,-9
48001,580,32,515,17,564,30
48003,183,1,181,-1,174,-1
48005,172,-1,163,-3,169,-3
48007,247,-1,260,0,248,-1
48009,1,0,2,0,1,0
48011,0,0,0,0,0,0
48013,266,-2,259,-3,258,-3
48015,83,-2,83,-2,78,-2
48017,0,0,0,0,0,0
48019,102,1,95,-1,94,-1
48021,722,-14,739,-9,711,-13
48023,0,0,0,0,0,0
48025,177,-3,187,-2,178,-3
48027,3274,-7,3324,-7,3196,-19
48029,15488,-255,16150,-156,15258,-287
48031,55,-2,57,-2,53,-2
48033,0,0,0,0,0,0
48035,83,-2,83,-1,81,-2
48037,542,-1,547,-2,528,-4
48039,2710,-86,2844,-63,2666,-90
48041,1368,-38,1429,-30,1350,-40
48043,11,0,13,0,11,-1
48045,0,0,0,0,0,0
48047,20,-1,24,-1,20,-1
48049,344,-5,356,-3,340,-6
48051,120,-3,130,-1,120,-3
48053,335,-1,338,-2,329,-2
48055,449,-11,473,-8,435,-12
48057,100,-4,105,-3,99,-4
48059,83,0,82,0,83,0
48061,1583,-99,1649,-87,1574,-99
48063,77,-2,83,-2,77,-3
48065,0,0,0,0,0,0
48067,230,0,238,0,227,-1
48069,57,-4,63,-3,56,-4
48071,324,-6,337,-3,319,-6
48073,361,0,369,2,356,0
48075,48,0,48,0,45,0
48077,1,0,1,0,1,0
48079,0,0,0,0,0,0
48081,0,0,0,0,0,0
48083,60,0,62,0,61,0
48085,6143,-113,6335,-80,6035,-117
48087,0,0,0,0,0,0
48089,41,-1,43,0,40,-1
48091,720,-31,750,-25,714,-33
48093,31,1,32,1,31,2
48095,0,0,0,0,0,0
48097,313,3,311,1,312,3
48099,743,4,767,6,735,3
48101,0,0,0,0,0,0
48103,21,0,21,0,21,0
48105,0,0,0,0,0,0
48107,17,-2,18,-2,19,-2
48109,0,0,0,0,0,0
48111,1,0,0,0,0,0
48113,18646,-108,19387,-27,18358,-144
48115,61,1,62,1,59,1
48117,34,-3,35,-2,32,-3
48119,13,-1,16,-1,13,-1
48121,4533,-113,4658,-102,4490,-116
48123,104,-1,104,-1,101,-1
48125,0,0,0,0,0,0
48127,0,0,0,0,0,0
48129,0,0,0,0,0,0
48131,100,-3,109,-2,102,-3
48133,55,-2,58,-2,55,-3
48135,1625,14,1636,10,1590,7
48137,0,0,0,0,0,0
48139,993,-25,1018,-21,971,-29
48141,8322,49,8637,76,8193,25
48143,195,3,187,2,189,1
48145,33,-2,32,-2,32,-2
48147,255,2,255,1,245,2
48149,15,-2,20,-1,16,-2
48151,1,0,3,0,0,0
48153,0,0,0,0,0,0
48155,0,0,0,0,0,0
48157,4628,-199,4876,-156,4591,-198
48159,43,0,45,0,40,0
48161,27,-2,29,-1,28,-2
48163,131,3,128,2,133,3
48165,2,0,0,0,2,1
48167,2805,-72,2918,-52,2748,-78
48169,0,0,0,0,0,0
48171,116,0,116,-1,115,0
48173,0,0,0,0,0,0
48175,20,0,22,0,20,-1
48177,87,-1,92,0,85,-1
48179,82,-2,84,-2,78,-2
48181,989,13,973,10,959,11
48183,2224,222,1637,78,2140,200
48185,211,-5,221,-3,211,-4
48187,1018,-4,1021,-3,994,-6
48189,355,1,363,3,345,1
48191,0,0,0,0,0,0
48193,0,0,0,0,0,0
48195,38,-3,37,-3,35,-4
48197,0,0,0,0,0,0
48199,321,-43,321,-43,321,-43
48201,30602,-533,31934,-317,30087,-585
48203,303,8,281,2,289,3
48205,0,0,0,0,0,0
48207,0,0,0,0,0,0
48209,2008,-49,2116,-33,1998,-51
48211,0,0,0,0,0,0
48213,640,4,655,7,628,4
48215,6569,-198,6874,-153,6500,-199
48217,117,-1,116,-2,111,-2
48219,288,1,303,3,285,1
48221,218,4,225,2,212,2
48223,161,-4,166,-2,155,-4
48225,153,0,155,0,148,-1
48227,231,5,225,5,225,6
48229,0,0,0,0,0,0
48231,751,6,744,2,728,4
48233,97,-2,98,-2,97,-2
48235,0,0,0,0,0,0
48237,21,0,21,0,21,0
48239,68,-1,71,0,64,-1
48241,383,-14,391,-13,373,-15
48243,0,0,0,0,0,0
48245,1610,-58,1669,-52,1592,-63
48247,116,-4,121,-2,116,-4
48249,331,-8,338,-7,324,-8
48251,1352,-7,1379,-4,1339,-6
48253,55,-2,55,-2,57,-1
48255,25,1,29,1,26,1
48257,780,-16,797,-15,770,-16
48259,149,-1,154,-1,149,-2
48261,0,0,0,0,0,0
48263,0,0,0,0,0,0
48265,135,4,136,2,140,3
48267,0,0,0,0,0,0
48269,0,0,0,0,0,0
48271,0,0,0,0,0,0
48273,328,-4,344,-2,326,-5
48275,0,0,0,0,0,0
48277,253,-2,261,-3,254,-1
48279,17,-1,20,0,18,0
48281,82,-1,87,-1,82,-1
48283,0,0,0,0,0,0
48285,37,-2,40,-2,35,-2
48287,77,-4,81,-4,76,-4
48289,21,-2,25,-1,21,-2
48291,650,-4,666,-4,645,-6
48293,128,-2,134,-2,129,-3
48295,0,0,0,0,0,0
48297,34,0,36,-1,34,-1
48299,131,-3,139,-3,129,-3
48301,0,0,0,0,0,0
48303,2904,-37,3005,-26,2846,-44
48305,0,0,0,0,0,0
48307,0,0,0,0,0,0
48309,2346,-12,2416,-1,2294,-17
48311,0,0,0,0,0,0
48313,40,-2,41,-1,36,-2
48315,18,-2,17,-2,18,-2
48317,0,0,0,0,0,0
48319,0,0,0,0,0,0
48321,62,-3,64,-3,58,-4
48323,797,-17,839,-12,791,-19
48325,28,-1,27,-1,26,-1
48327,0,0,0,0,0,0
48329,1805,36,1788,25,1782,37
48331,120,-3,125,-2,114,-3
48333,0,0,0,0,0,0
48335,62,2,60,1,64,1
48337,31,-3,35,-2,30,-3
48339,3655,-53,3808,-34,3614,-60
48341,21,0,21,0,20,-1
48343,105,3,99,1,96,2
48345,0,0,0,0,0,0
48347,400,-2,405,-2,395,-3
48349,346,2,340,1,333,0
48351,88,0,95,1,91,0
48353,238,8,233,4,235,7
48355,2742,-66,2876,-51,2721,-70
48357,42,0,42,0,40,0
48359,0,0,0,0,0,0
48361,243,-29,243,-29,246,-28
48363,108,-2,114,-1,102,-2
48365,186,-1,191,0,183,-2
48367,972,3,988,3,959,-1
48369,8,-1,8,-1,8,-1
48371,20,-2,19,-2,19,-2
48373,123,-5,121,-6,119,-6
48375,1021,6,1030,6,1002,3
48377,0,0,0,0,0,0
48379,70,1,63,0,63,0
48381,512,13,496,6,498,11
48383,0,0,0,0,0,0
48385,0,0,0,0,0,0
48387,20,-3,25,-2,20,-3
48389,45,-1,50,0,43,-1
48391,33,-2,36,-2,32,-2
48393,0,0,0,0,0,0
48395,44,-3,45,-3,42,-3
48397,492,-12,507,-9,488,-12
48399,125,6,118,4,121,5
48401,22,1,20,0,19,0
48403,40,0,40,0,39,0
48405,20,0,20,0,20,0
48407,204,-2,207,-1,201,-2
48409,592,2,592,1,574,0
48411,11,-1,20,0,16,-1
48413,0,0,0,0,0,0
48415,115,-2,114,-2,114,-2
48417,0,0,0,0,0,0
48419,74,-3,79,-2,72,-3
48421,0,0,0,0,0,0
48423,2109,2,2109,-3,2065,-2
48425,60,5,55,3,58,5
48427,752,0,761,-1,740,-2
48429,13,1,11,1,14,1
48431,0,0,0,0,0,0
48433,0,0,0,0,0,0
48435,0,0,0,0,0,0
48437,40,-1,43,0,40,-1
48439,19497,-81,20211,11,19170,-123
48441,1040,-14,1075,-9,1020,-17
48443,0,0,0,0,0,0
48445,1,-1,1,-1,1,-1
48447,0,0,0,0,0,0
48449,231,-4,246,-2,227,-5
48451,1507,-27,1587,-14,1512,-25
48453,10384,-148,10897,-75,10285,-163
48455,56,-4,60,-4,58,-4
48457,200,-6,205,-4,197,-6
48459,215,2,219,2,216,2
48461,0,0,0,0,0,0
48463,176,-4,183,-2,172,-4
48465,567,1,580,2,560,1
48467,451,2,461,3,438,3
48469,663,-7,688,-4,662,-6
48471,741,15,740,14,731,12
48473,319,1,321,-1,318,-1
48475,14,-2,15,-2,14,-2
48477,312,0,318,1,311,-1
48479,2356,35,2382,37,2326,31
48481,399,-5,398,-4,390,-7
48483,0,0,0,0,0,0
48485,857,-8,876,-5,839,-10
48487,56,-3,61,-2,56,-2
48489,198,-7,209,-6,199,-7
48491,5689,16,5651,-6,5606,0
48493,200,-3,201,-4,194,-5
48495,28,-1,28,-1,31,-1
48497,182,-3,187,-3,183,-4
48499,298,-3,312,0,297,-4
48501,1,0,1,0,1,1
48503,45,-2,49,-1,44,-1
48505,87,-1,84,-1,83,-2
48507,29,-3,35,-2,29,-3
49001,0,0,0,0,0,0
49003,0,0,0,0,0,0
49005,0,0,0,0,0,0
49007,0,0,0,0,0,0
49009,0,0,0,0,0,0
49011,2182,-30,2227,-24,2143,-30
49013,0,0,0,0,0,0
49015,0,0,0,0,0,0
49017,0,0,0,0,0,0
49019,0,0,0,0,0,0
49021,0,0,0,0,0,0
49023,0,0,0,0,0,0
49025,0,0,0,0,0,0
49027,0,0,0,0,0,0
49029,0,0,0,0,0,0
49031,0,0,0,0,0,0
49033,0,0,0,0,0,0
49035,6686,-118,6918,-87,6553,-125
49037,28,-1,25,-1,25,-1
49039,0,0,0,0,0,0
49041,0,0,0,0,0,0
49043,152,-3,155,-3,150,-4
49045,420,-7,434,-6,409,-9
49047,0,0,0,0,0,0
49049,2801,-41,2899,-28,2772,-43
49051,198,-1,195,-1,187,-1
49053,0,0,0,0,0,0
49055,0,0,0,0,0,0
49057,0,0,0,0,0,0
50001,80,-1,83,0,77,-1
50003,45,-2,49,-1,44,-2
50005,108,4,105,3,103,3
50007,292,-3,293,-2,285,-4
50009,0,0,0,0,0,0
50011,55,0,55,-1,52,-1
50013,0,0,0,0,0,0
50015,16,0,19,0,14,-1
50017,18,0,17,0,20,0
50019,0,0,0,0,0,0
50021,61,-3,61,-3,60,-3
50023,34,-1,40,-1,35,0
50025,125,-2,131,-1,126,-2
50027,239,0,248,0,240,0
51001,176,-5,189,-4,178,-6
51003,676,0,695,2,673,-3
51005,67,-3,67,-3,64,-3
51007,121,2,116,2,117,2
51009,136,-5,140,-6,134,-6
51011,70,-3,69,-3,68,-3
51013,1821,-42,1919,-27,1813,-43
51015,403,-8,418,-6,401,-9
51017,0,0,0,0,0,0
51019,465,-3,480,0,465,-2
51021,35,-4,38,-3,37,-3
51023,316,1,326,2,306,-1
51025,85,0,92,0,85,0
51027,160,3,160,2,153,2
51029,262,5,267,4,260,4
51031,1064,27,1073,26,1044,22
51033,288,0,298,1,282,-2
51035,261,-2,269,-2,262,-4
51036,21,0,21,0,21,0
51037,62,0,61,0,58,0
51041,3287,-15,3427,-1,3245,-21
51043,75,-1,73,-1,72,-1
51045,0,0,0,0,0,0
51047,526,2,534,5,515,2
51049,38,-1,41,0,35,-1
51051,154,-2,161,-1,153,-2
51053,226,-1,231,0,221,-1
51057,42,0,43,0,44,0
51059,5782,-136,6067,-85,5743,-144
51061,374,2,377,3,370,2
51063,68,-1,73,-1,70,-1
51065,192,0,193,0,190,0
51067,379,1,379,1,367,2
51069,938,25,909,18,919,24
51071,94,-1,98,-1,94,-1
51073,208,2,213,1,208,1
51075,37,-3,36,-3,36,-3
51077,108,-2,120,0,105,-1
51079,53,-2,54,-2,52,-2
51081,63,0,63,0,63,0
51083,240,-1,241,-1,235,-2
51085,796,4,816,4,783,2
51087,2671,-11,2762,0,2610,-18
51089,454,-5,488,-1,450,-5
51091,0,0,0,0,0,0
51093,184,-2,176,-2,180,-2
51095,577,-13,600,-9,568,-13
51097,30,0,30,0,29,0
51099,163,-2,174,-1,164,-2
51101,59,-2,65,-2,62,-2
51103,38,-1,41,0,37,0
51105,138,0,141,0,134,-2
51107,2159,-22,2240,-11,2131,-27
51109,309,-2,324,0,308,-1
51111,113,0,113,-1,111,-1
51113,59,-1,60,0,59,-1
51115,21,0,21,0,21,0
51117,119,-1,130,0,120,-1
51119,41,-1,41,-1,37,-1
51121,527,-4,552,-2,524,-4
51125,45,-2,47,-1,42,-2
51127,142,-1,144,-1,138,-2
51131,142,0,151,1,143,0
51133,38,1,38,0,35,0
51135,1,0,3,0,3,0
51137,260,-1,259,-2,251,-2
51139,216,7,205,4,204,5
51141,156,0,163,0,153,-1
51143,630,8,642,9,613,5
51145,260,4,256,4,257,4
51147,155,-2,161,-2,151,-2
51149,266,-2,275,-1,256,-3
51153,3050,-42,3183,-17,3001,-47
51155,227,-3,231,-1,219,-3
51157,0,0,0,0,0,0
51159,16,-3,17,-3,17,-3
51161,648,-9,671,-5,634,-11
51163,87,-3,90,-3,87,-3
51165,971,43,925,28,956,40
51167,235,1,244,0,234,-1
51169,226,-1,227,-1,222,-1
51171,26,-1,26,-1,25,-1
51173,380,-1,400,1,381,-2
51175,273,0,272,0,272,1
51177,1163,0,1186,1,1134,-1
51179,887,-23,922,-15,874,-24
51181,7,-1,7,-1,5,-1
51183,27,-1,28,-1,27,-1
51185,463,-3,470,-4,447,-4
51187,389,8,371,5,372,6
51191,551,-9,575,-6,537,-11
51193,105,1,106,1,100,0
51195,476,-4,498,-3,470,-6
51197,248,-4,255,-3,244,-5
51199,326,-3,338,0,324,-4
51510,1456,-34,1529,-23,1445,-32
51520,225,-1,226,-1,220,-1
51530,10,-1,15,0,10,-1
51540,410,-5,430,-1,399,-7
51550,1794,20,1779,12,1743,16
51570,227,-3,238,-2,223,-4
51580,24,-1,24,-1,26,-1
51590,383,0,393,0,382,1
51595,21,0,21,0,21,0
51600,38,0,38,-1,37,0
51610,90,-3,97,-2,93,-3
51620,38,0,41,0,37,-1
51630,304,8,289,4,295,5
51640,35,-2,34,-2,36,-2
51650,1024,-11,1069,-3,1018,-14
51660,373,9,364,4,373,9
51670,242,-1,254,0,236,-1
51678,9,-1,9,-1,8,-1
51680,111,-15,112,-15,113,-15
51683,344,1,356,0,338,-1
51685,66,-2,62,-1,62,-2
51690,118,2,115,2,114,1
51700,1212,-23,1261,-15,1179,-25
51710,1288,10,1307,9,1264,4
51720,36,-1,38,-1,38,-1
51730,321,-3,340,-1,322,-2
51735,21,0,19,-1,20,0
51740,22,0,23,0,22,0
51750,120,-1,125,-1,119,0
51760,1862,-24,1961,-4,1838,-22
51770,710,-9,724,-6,688,-8
51775,164,-1,166,0,161,0
51790,202,-2,207,-1,197,-3
51800,703,-5,724,-2,702,-4
51810,2720,-11,2801,-1,2688,-17
51820,661,33,617,24,642,32
51830,20,0,21,0,21,-1
51840,182,-3,185,-3,186,-3
53001,88,-2,97,-1,91,-2
53003,28,-1,30,-1,30,-1
53005,941,-29,957,-28,936,-32
53007,371,-12,390,-10,365,-12
53009,247,-8,262,-6,248,-8
53011,771,-68,783,-66,766,-68
53013,0,0,0,0,0,0
53015,268,-9,274,-7,267,-10
53017,149,-5,154,-5,151,-4
53019,0,0,0,0,0,0
53021,661,-17,694,-12,655,-15
53023,0,0,0,0,0,0
53025,492,-14,508,-12,491,-15
53027,130,-12,136,-11,128,-12
53029,134,-7,138,-7,133,-8
53031,102,-4,107,-3,103,-4
53033,6485,-420,6792,-371,6489,-425
53035,844,-26,863,-23,835,-26
53037,95,-6,96,-6,92,-7
53039,71,-4,71,-3,67,-4
53041,201,-9,209,-9,197,-10
53043,26,-1,27,-1,25,-1
53045,235,-6,234,-6,227,-7
53047,176,-3,183,-2,173,-4
53049,76,-1,79,-1,75,-1
53051,6,-2,7,-2,7,-2
53053,2049,-147,2072,-143,2040,-150
53055,40,0,42,0,42,0
53057,415,-16,427,-15,413,-17
53059,0,0,0,0,0,0
53061,2497,-127,2578,-117,2463,-134
53063,1326,-83,1351,-77,1315,-81
53065,213,-1,217,-1,211,-2
53067,701,-47,728,-43,697,-48
53069,0,0,0,0,0,0
53071,210,-11,216,-11,209,-12
53073,576,-23,600,-19,569,-23
53075,36,-2,34,-2,35,-2
53077,960,-58,1002,-50,956,-57
54001,279,9,275,7,275,8
54003,940,1,950,1,907,-4
54005,273,-3,290,-1,273,-3
54007,168,-1,173,0,169,-1
54009,123,1,129,2,120,1
54011,1125,5,1134,6,1097,2
54013,36,1,36,1,33,1
54015,22,0,22,0,22,0
54017,39,1,34,1,38,1
54019,478,-5,488,-5,467,-7
54021,33,-1,31,-1,30,0
54023,50,-2,55,-1,54,-1
54025,253,-5,261,-4,249,-6
54027,193,0,196,2,188,-1
54029,202,3,208,3,199,4
54031,135,-1,137,-1,131,-1
54033,675,-2,692,0,664,-4
54035,281,0,287,0,275,-1
54037,288,-4,287,-3,279,-4
54039,1863,-1,1885,2,1826,-3
54041,201,-2,209,-1,197,-2
54043,215,0,224,0,213,-1
54045,492,-3,511,0,487,-3
54047,199,-6,207,-4,200,-7
54049,604,-3,624,-2,589,-6
54051,344,1,351,1,334,-1
54053,189,-6,200,-4,183,-6
54055,871,-12,909,-6,862,-11
54057,283,4,288,2,283,3
54059,342,-1,353,0,336,-1
54061,1320,32,1301,21,1297,30
54063,268,7,261,4,255,6
54065,109,2,110,2,108,1
54067,466,3,473,5,447,2
54069,359,5,370,4,359,3
54071,21,0,20,0,21,0
54073,60,0,58,-1,56,-1
54075,72,0,73,1,69,0
54077,298,4,297,3,288,2
54079,683,-2,687,-1,665,-6
54081,1222,-7,1274,2,1204,-9
54083,236,-1,244,1,227,-2
54085,76,1,78,1,75,1
54087,76,-3,79,-2,75,-2
54089,106,-1,111,0,108,-1
54091,145,0,147,0,144,0
54093,22,-1,22,-1,22,-1
54095,54,0,58,-1,55,-1
54097,198,-3,208,-2,197,-2
54099,283,1,285,0,278,2
54101,91,-1,93,-1,91,-1
54103,76,-3,79,-2,78,-3
54105,27,1,29,1,33,1
54107,1297,7,1314,11,1264,5
54109,316,-4,333,-2,317,-4
55001,110,0,112,0,106,-1
55003,83,0,86,0,80,0
55005,497,12,483,8,487,10
55007,86,0,88,0,87,0
55009,3260,89,3167,57,3225,89
55011,71,1,68,0,65,0
55013,109,1,108,0,107,0
55015,304,5,303,3,297,3
55017,462,9,460,6,449,9
55019,268,6,263,4,258,5
55021,561,3,560,3,550,1
55023,93,-1,99,0,93,-2
55025,4173,-62,4383,-30,4147,-62
55027,631,5,638,5,617,3
55029,204,-1,210,1,200,-1
55031,238,2,246,3,234,3
55033,407,6,410,5,411,6
55035,973,7,968,7,952,6
55037,0,0,0,0,0,0
55039,880,10,885,9,858,7
55041,91,-1,97,1,88,0
55043,300,-4,311,-3,298,-4
55045,249,0,253,-1,246,0
55047,170,3,179,3,163,1
55049,167,1,172,0,170,0
55051,8,-1,12,0,8,-1
55053,214,6,204,3,203,4
55055,517,0,520,-2,512,-3
55057,239,7,231,4,234,8
55059,1244,3,1277,7,1230,1
55061,94,1,98,1,94,1
55063,1024,3,1037,2,1009,-2
55065,118,4,118,3,114,2
55067,146,0,143,1,139,0
55069,152,-1,150,-1,144,-3
55071,422,-1,432,-1,412,-2
55073,1152,8,1169,11,1124,7
55075,596,31,539,16,594,30
55077,76,-1,81,-1,78,-1
55078,0,0,0,0,0,0
55079,7565,-9,7753,19,7421,-34
55081,374,2,388,4,367,1
55083,40,0,41,0,41,0
55085,271,1,275,1,266,0
55087,1132,5,1135,3,1113,1
55089,494,0,514,3,494,-1
55091,43,1,44,1,41,1
55093,219,7,214,5,218,6
55095,283,1,278,1,280,1
55097,512,-3,521,-1,500,-6
55099,45,0,44,0,46,0
55101,1573,14,1606,18,1553,13
55103,86,1,89,0,87,0
55105,1364,-4,1413,1,1350,-5
55107,58,-3,63,-2,62,-2
55109,519,-2,529,0,510,-3
55111,472,3,475,3,454,0
55113,272,1,284,1,270,0
55115,585,31,526,16,576,28
55117,875,8,884,8,848,6
55119,179,4,177,3,175,5
55121,261,3,261,2,257,1
55123,182,4,180,4,182,3
55125,88,-2,90,-1,91,-2
55127,604,-3,614,-4,601,-4
55129,165,1,165,0,160,0
55131,756,-2,780,-2,736,-5
55133,2636,6,2710,10,2607,2
55135,368,5,364,5,366,7
55137,195,4,189,3,190,3
55139,1165,3,1182,3,1133,-3
55141,722,-3,745,1,715,0
56001,204,-1,213,0,198,-2
56003,63,-1,63,0,62,0
56005,345,4,339,3,345,5
56007,72,-1,75,0,72,-1
56009,31,-1,34,-1,28,-1
56011,0,0,0,0,0,0
56013,634,1,641,2,623,1
56015,329,-5,341,-4,331,-7
56017,12,-1,12,0,11,-1
56019,36,-1,37,-1,35,-1
56021,715,-1,729,-3,704,-7
56023,130,0,132,0,131,-1
56025,612,3,615,4,602,2
56027,0,0,0,0,0,0
56029,115,2,112,1,114,1
56031,33,-2,31,-2,30,-2
56033,300,15,261,5,292,13
56035,40,-1,43,-1,41,-1
56037,155,2,153,1,149,1
56039,239,-4,256,-1,239,-4
56041,53,-1,53,-1,48,-2
56043,46,-1,51,0,45,-1
56045,28,-1,28,-1,29,-1
