ds_uid,co_empc,co_fips,co_name,co_km2,co_lkm2,st_fips,st_abbr,st_name
1,75,12099,PALM BEACH,6172.36619852766,5090.92601786633,12,FL,FLORIDA
1,39,12011,BROWARD,3426.07308384759,3116.01969815697,12,FL,FLORIDA
1,24,12086,MIAMI-DADE,6296.7199214905,4917.27730771902,12,FL,FLORIDA
2,3,12085,MARTIN,1950.59534351967,1401.79176937749,12,FL,FLORIDA
2,75,12099,PALM BEACH,6172.36619852766,5090.92601786633,12,FL,FLORIDA
3,6,12127,VOLUSIA,3709.99431988029,2850.15901141719,12,FL,FLORIDA
3,9,12069,LAKE,2996.47516421937,2453.87806383478,12,FL,FLORIDA
3,31,12117,SEMINOLE,894.424220205568,794.5728760609469,12,FL,FLORIDA
3,15,12095,ORANGE,2598.2841575349,2337.56625161779,12,FL,FLORIDA
3,2,12097,OSCEOLA,3900.61961689188,3432.36812695101,12,FL,FLORIDA
4,9,12083,MARION,4306.276263737919,4110.32038612202,12,FL,FLORIDA
4,9,12069,LAKE,2996.47516421937,2453.87806383478,12,FL,FLORIDA
4,2,12017,CITRUS,2002.69105800572,1495.6821333635,12,FL,FLORIDA
4,6,12119,SUMTER,1501.74130689923,1438.81297040469,12,FL,FLORIDA
5,15,06071,SAN BERNARDINO,52071.994738706,51670.73745008039,06,CA,CALIFORNIA
5,7,06065,RIVERSIDE,18915.0966706574,18638.5336574268,06,CA,CALIFORNIA
5,181,06037,LOS ANGELES,12305.3492678773,10502.4237981177,06,CA,CALIFORNIA
5,143,06059,ORANGE,2455.29976965806,2051.24712796912,06,CA,CALIFORNIA
6,92,06073,SAN DIEGO,11721.3465296204,10898.1778928158,06,CA,CALIFORNIA
7,92,06073,SAN DIEGO,11721.3465296204,10898.1778928158,06,CA,CALIFORNIA
7,181,06037,LOS ANGELES,12305.3492678773,10502.4237981177,06,CA,CALIFORNIA
7,7,06065,RIVERSIDE,18915.0966706574,18638.5336574268,06,CA,CALIFORNIA
7,143,06059,ORANGE,2455.29976965806,2051.24712796912,06,CA,CALIFORNIA
7,15,06071,SAN BERNARDINO,52071.994738706,51670.73745008039,06,CA,CALIFORNIA
8,181,06037,LOS ANGELES,12305.3492678773,10502.4237981177,06,CA,CALIFORNIA
8,22,06111,VENTURA,5719.336190291489,4771.935078836939,06,CA,CALIFORNIA
8,143,06059,ORANGE,2455.29976965806,2051.24712796912,06,CA,CALIFORNIA
9,293,21037,CAMPBELL,412.896758552051,391.966335385954,21,KY,KENTUCKY
9,2861,21117,KENTON,425.527770160103,415.114948621648,21,KY,KENTUCKY
9,13,21191,PENDLETON,730.1647339970419,717.836455118984,21,KY,KENTUCKY
9,12,21081,GRANT,675.401211707807,668.162533073186,21,KY,KENTUCKY
9,2,39027,CLINTON,1067.83891826591,1058.48757346534,39,OH,OHIO
9,420,21015,BOONE,664.355026129267,637.873303458277,21,KY,KENTUCKY
9,510,39061,HAMILTON,1068.72687719924,1051.39392490815,39,OH,OHIO
9,9,39057,GREENE,1078.0982972971,1071.28190505681,39,OH,OHIO
9,192,39025,CLERMONT,1190.78938800236,1170.95820444504,39,OH,OHIO
9,19,18029,DEARBORN,796.171781516181,790.1477696175559,18,IN,INDIANA
9,4,21077,GALLATIN,271.218377960207,254.700894889168,21,KY,KENTUCKY
9,6,39015,BROWN,1278.03364110033,1269.13862183532,39,OH,OHIO
9,96,39165,WARREN,1054.91798920569,1039.23143193337,39,OH,OHIO
9,0,39135,PREBLE,1104.80389055768,1098.73907537078,39,OH,OHIO
9,9,39113,MONTGOMERY,1202.83767954989,1195.25550171327,39,OH,OHIO
9,2,21023,BRACKEN,541.173880274863,525.0335605123289,21,KY,KENTUCKY
9,60,39017,BUTLER,1217.36225521218,1208.54166598469,39,OH,OHIO
10,9,39057,GREENE,1078.0982972971,1071.28190505681,39,OH,OHIO
10,2,39027,CLINTON,1067.83891826591,1058.48757346534,39,OH,OHIO
10,0,39135,PREBLE,1104.80389055768,1098.73907537078,39,OH,OHIO
10,60,39017,BUTLER,1217.36225521218,1208.54166598469,39,OH,OHIO
10,9,39113,MONTGOMERY,1202.83767954989,1195.25550171327,39,OH,OHIO
10,1,39109,MIAMI,1060.80754237515,1052.85415011995,39,OH,OHIO
10,96,39165,WARREN,1054.91798920569,1039.23143193337,39,OH,OHIO
10,1,39023,CLARK,1042.51870952704,1027.86657935194,39,OH,OHIO
11,162,08035,DOUGLAS,2183.03488511651,2175.92916817025,08,CO,COLORADO
11,0,08119,TELLER,1447.67899510129,1442.58360851419,08,CO,COLORADO
11,38,08041,EL PASO,5515.603160470399,5506.681666281279,08,CO,COLORADO
11,3,08039,ELBERT,4794.08679316621,4791.110488710699,08,CO,COLORADO
12,3,08039,ELBERT,4794.08679316621,4791.110488710699,08,CO,COLORADO
12,251,08031,DENVER,401.270102397689,397.02469925704,08,CO,COLORADO
12,55,08001,ADAMS,3065.04006452016,3020.23204284363,08,CO,COLORADO
12,519,08005,ARAPAHOE,2086.13217217857,2066.12135817243,08,CO,COLORADO
12,13,08013,BOULDER,1917.80294828243,1880.61650738297,08,CO,COLORADO
12,162,08035,DOUGLAS,2183.03488511651,2175.92916817025,08,CO,COLORADO
12,9,08123,WELD,10403.3229817167,10307.9314456179,08,CO,COLORADO
12,0,08047,GILPIN,389.17106770914,388.229011283032,08,CO,COLORADO
12,2,08069,LARIMER,6822.0332300117,6720.5683658542,08,CO,COLORADO
12,64,08059,JEFFERSON,2004.82792486824,1979.5016000141,08,CO,COLORADO
12,4,08014,BROOMFIELD,86.89018899965919,85.4787973057858,08,CO,COLORADO
12,1,08019,CLEAR CREEK,1026.83709147745,1023.5338813618,08,CO,COLORADO
13,70,06001,ALAMEDA,2126.52190855956,1909.19041762937,06,CA,CALIFORNIA
13,86,06075,SAN FRANCISCO,600.5944398108799,121.375674903855,06,CA,CALIFORNIA
13,138,06085,SANTA CLARA,3377.48654720965,3343.73437936459,06,CA,CALIFORNIA
13,35,06081,SAN MATEO,1919.06910206364,1161.91355116462,06,CA,CALIFORNIA
13,31,06041,MARIN,2145.00008610843,1347.96816141941,06,CA,CALIFORNIA
13,2,06087,SANTA CRUZ,1572.53836772742,1152.86499371774,06,CA,CALIFORNIA
14,2,06055,NAPA,2042.41517857489,1938.11438785447,06,CA,CALIFORNIA
14,35,06081,SAN MATEO,1919.06910206364,1161.91355116462,06,CA,CALIFORNIA
14,6,06097,SONOMA,4578.94336016497,4081.49070599963,06,CA,CALIFORNIA
14,70,06001,ALAMEDA,2126.52190855956,1909.19041762937,06,CA,CALIFORNIA
14,138,06085,SANTA CLARA,3377.48654720965,3343.73437936459,06,CA,CALIFORNIA
14,5,06095,SOLANO,2347.02790332287,2124.59722574103,06,CA,CALIFORNIA
14,73,06013,CONTRA COSTA,2082.51562892914,1857.16631913109,06,CA,CALIFORNIA
14,43,06067,SACRAMENTO,2575.3854433297,2498.95428289449,06,CA,CALIFORNIA
14,31,06041,MARIN,2145.00008610843,1347.96816141941,06,CA,CALIFORNIA
14,86,06075,SAN FRANCISCO,600.5944398108799,121.375674903855,06,CA,CALIFORNIA
14,2,06077,SAN JOAQUIN,3695.238123284269,3605.55931319594,06,CA,CALIFORNIA
15,8,24510,BALTIMORE CITY,238.409652008462,209.649157119095,24,MD,MARYLAND
15,30,11001,DISTRICT OF COLUMBIA,177.027564711158,158.340361365576,11,DC,DISTRICT OF COLUMBIA
15,0,24009,CALVERT,893.7381594512959,552.1621298609639,24,MD,MARYLAND
15,51,24031,MONTGOMERY,1312.8799206242,1277.05980687439,24,MD,MARYLAND
15,23,24003,ANNE ARUNDEL,1522.38679008489,1074.28714275543,24,MD,MARYLAND
15,22,24005,BALTIMORE,1765.70226107857,1549.73946607444,24,MD,MARYLAND
15,4,24033,PRINCE GEORGE'S,1291.98010028716,1250.06182471461,24,MD,MARYLAND
15,0,24035,QUEEN ANNE'S,1322.69398705518,962.655565978,24,MD,MARYLAND
15,9,24027,HOWARD,656.288278881882,649.9439160641419,24,MD,MARYLAND
16,1,24021,FREDERICK,1728.59637566102,1710.60467595941,24,MD,MARYLAND
16,30,11001,DISTRICT OF COLUMBIA,177.027564711158,158.340361365576,11,DC,DISTRICT OF COLUMBIA
16,8,24510,BALTIMORE CITY,238.409652008462,209.649157119095,24,MD,MARYLAND
16,3,24013,CARROLL,1172.46543175113,1159.34508680471,24,MD,MARYLAND
16,22,24005,BALTIMORE,1765.70226107857,1549.73946607444,24,MD,MARYLAND
16,9,24027,HOWARD,656.288278881882,649.9439160641419,24,MD,MARYLAND
16,51,24031,MONTGOMERY,1312.8799206242,1277.05980687439,24,MD,MARYLAND
16,23,24003,ANNE ARUNDEL,1522.38679008489,1074.28714275543,24,MD,MARYLAND
16,4,24033,PRINCE GEORGE'S,1291.98010028716,1250.06182471461,24,MD,MARYLAND
17,9,24027,HOWARD,656.288278881882,649.9439160641419,24,MD,MARYLAND
17,23,24003,ANNE ARUNDEL,1522.38679008489,1074.28714275543,24,MD,MARYLAND
17,22,24005,BALTIMORE,1765.70226107857,1549.73946607444,24,MD,MARYLAND
17,3,24025,HARFORD,1364.04002917441,1132.12217444778,24,MD,MARYLAND
17,0,42133,YORK,2358.82476698631,2341.88293227544,42,PA,PENNSYLVANIA
17,8,24510,BALTIMORE CITY,238.409652008462,209.649157119095,24,MD,MARYLAND
17,3,24013,CARROLL,1172.46543175113,1159.34508680471,24,MD,MARYLAND
18,30,11001,DISTRICT OF COLUMBIA,177.027564711158,158.340361365576,11,DC,DISTRICT OF COLUMBIA
18,3,51153,PRINCE WILLIAM,900.4511938246631,869.562699879372,51,VA,VIRGINIA
18,1,54037,JEFFERSON,548.223243953207,542.073078363127,54,WV,WEST VIRGINIA
18,11,51510,ALEXANDRIA CITY,39.74957637187399,38.6766869183084,51,VA,VIRGINIA
18,51,24031,MONTGOMERY,1312.8799206242,1277.05980687439,24,MD,MARYLAND
18,58,51059,FAIRFAX,1052.81123003195,1012.684305321,51,VA,VIRGINIA
18,4,24033,PRINCE GEORGE'S,1291.98010028716,1250.06182471461,24,MD,MARYLAND
18,0,24009,CALVERT,893.7381594512959,552.1621298609639,24,MD,MARYLAND
18,1,24021,FREDERICK,1728.59637566102,1710.60467595941,24,MD,MARYLAND
18,0,51685,MANASSAS PARK CITY,6.53933653669049,6.538720246603029,51,VA,VIRGINIA
18,9,24027,HOWARD,656.288278881882,649.9439160641419,24,MD,MARYLAND
18,0,51061,FAUQUIER,1687.9616269451,1678.29164047737,51,VA,VIRGINIA
18,0,24043,WASHINGTON,1210.41324855521,1185.61168910461,24,MD,MARYLAND
18,0,51043,CLARKE,461.3547605077409,455.664155584113,51,VA,VIRGINIA
18,0,51683,MANASSAS CITY,25.6557492065697,25.510886214814,51,VA,VIRGINIA
18,28,51013,ARLINGTON,67.60655418057929,67.33299280132749,51,VA,VIRGINIA
18,3,51610,FALLS CHURCH CITY,5.30029480645438,5.30026326326033,51,VA,VIRGINIA
18,23,51107,LOUDOUN,1350.24962243607,1335.82829124213,51,VA,VIRGINIA
18,1,24017,CHARLES,1665.20744006281,1185.68342296976,24,MD,MARYLAND
18,23,24003,ANNE ARUNDEL,1522.38679008489,1074.28714275543,24,MD,MARYLAND
18,1,51600,FAIRFAX CITY,16.2468812132419,16.162726892576,51,VA,VIRGINIA
19,9,26093,LIVINGSTON,1516.19440146169,1463.9582131355,26,MI,MICHIGAN
19,12,26049,GENESEE,1682.42265493704,1649.65642400694,26,MI,MICHIGAN
19,0,26155,SHIAWASSEE,1401.0315459937,1375.15402744604,26,MI,MICHIGAN
19,0,26087,LAPEER,1716.7585749294,1669.45936737397,26,MI,MICHIGAN
19,0,26145,SAGINAW,2113.34142477377,2073.10232085817,26,MI,MICHIGAN
19,0,26157,TUSCOLA,2367.00129456651,2083.56098091283,26,MI,MICHIGAN
19,83,26125,OAKLAND,2349.73294879545,2246.56646475986,26,MI,MICHIGAN
20,9,26093,LIVINGSTON,1516.19440146169,1463.9582131355,26,MI,MICHIGAN
20,0,26087,LAPEER,1716.7585749294,1669.45936737397,26,MI,MICHIGAN
20,25,26161,WASHTENAW,1871.06307130961,1828.46080797347,26,MI,MICHIGAN
20,6,26099,MACOMB,1478.68134402854,1240.97509085262,26,MI,MICHIGAN
20,0,26115,MONROE,1761.03454668363,1422.76048171965,26,MI,MICHIGAN
20,83,26125,OAKLAND,2349.73294879545,2246.56646475986,26,MI,MICHIGAN
20,15,26163,WAYNE,1742.40577540891,1584.81374688644,26,MI,MICHIGAN
21,25,26161,WASHTENAW,1871.06307130961,1828.46080797347,26,MI,MICHIGAN
21,0,26115,MONROE,1761.03454668363,1422.76048171965,26,MI,MICHIGAN
21,0,26091,LENAWEE,1972.02374873661,1941.33211657809,26,MI,MICHIGAN
21,83,26125,OAKLAND,2349.73294879545,2246.56646475986,26,MI,MICHIGAN
21,9,26093,LIVINGSTON,1516.19440146169,1463.9582131355,26,MI,MICHIGAN
21,15,26163,WAYNE,1742.40577540891,1584.81374688644,26,MI,MICHIGAN
21,0,26075,JACKSON,1873.83828058397,1817.86188232281,26,MI,MICHIGAN
22,32,42017,BUCKS,1610.59768056156,1565.35740425384,42,PA,PENNSYLVANIA
22,42,42091,MONTGOMERY,1261.87198656736,1250.85522876703,42,PA,PENNSYLVANIA
22,0,42089,MONROE,1598.25243655955,1575.3752349818,42,PA,PENNSYLVANIA
22,3,34041,WARREN,939.2589397087429,923.4124644219339,34,NJ,NEW JERSEY
22,3,42095,NORTHAMPTON,976.8041105303679,957.3735670119819,42,PA,PENNSYLVANIA
22,9,34019,HUNTERDON,1132.84787261121,1108.06524142886,34,NJ,NEW JERSEY
22,1,42011,BERKS,2242.29241203689,2217.98804709571,42,PA,PENNSYLVANIA
22,1,42025,CARBON,1003.32758387782,987.9358688558939,42,PA,PENNSYLVANIA
22,13,42077,LEHIGH,901.881958268276,894.071953282269,42,PA,PENNSYLVANIA
23,42,42091,MONTGOMERY,1261.87198656736,1250.85522876703,42,PA,PENNSYLVANIA
23,93,36085,RICHMOND,264.925592734166,148.972637772888,36,NY,NEW YORK
23,3,34041,WARREN,939.2589397087429,923.4124644219339,34,NJ,NEW JERSEY
23,45,34039,UNION,273.21698369436,266.160372176229,34,NJ,NEW JERSEY
23,10,34029,OCEAN,2369.41928826845,1627.44992323547,34,NJ,NEW JERSEY
23,54,34027,MORRIS,1247.14208682068,1192.85523829081,34,NJ,NEW JERSEY
23,53,34035,SOMERSET,789.825499641394,781.8164362124279,34,NJ,NEW JERSEY
23,61,34013,ESSEX,335.195622720834,326.557452839423,34,NJ,NEW JERSEY
23,23,34005,BURLINGTON,2124.27121816782,2070.23666580223,34,NJ,NEW JERSEY
23,9,34019,HUNTERDON,1132.84787261121,1108.06524142886,34,NJ,NEW JERSEY
23,32,42017,BUCKS,1610.59768056156,1565.35740425384,42,PA,PENNSYLVANIA
23,14,34021,MERCER,592.7325869427069,581.2814410617549,34,NJ,NEW JERSEY
23,21,42101,PHILADELPHIA,369.587893052546,347.661356979035,42,PA,PENNSYLVANIA
23,56,34023,MIDDLESEX,836.3302209520809,800.8711862147469,34,NJ,NEW JERSEY
23,95,34025,MONMOUTH,1723.56991171352,1210.57438856185,34,NJ,NEW JERSEY
24,42,42091,MONTGOMERY,1261.87198656736,1250.85522876703,42,PA,PENNSYLVANIA
24,2,34001,ATLANTIC,1740.04588562163,1438.7221238596,34,NJ,NEW JERSEY
24,23,34005,BURLINGTON,2124.27121816782,2070.23666580223,34,NJ,NEW JERSEY
24,0,34011,CUMBERLAND,1755.62084621334,1251.89847172908,34,NJ,NEW JERSEY
24,1,42011,BERKS,2242.29241203689,2217.98804709571,42,PA,PENNSYLVANIA
24,15,10003,NEW CASTLE,1279.52619112865,1104.14583557121,10,DE,DELAWARE
24,1,24015,CECIL,1082.19414557091,896.857470578496,24,MD,MARYLAND
24,32,42017,BUCKS,1610.59768056156,1565.35740425384,42,PA,PENNSYLVANIA
24,9,34019,HUNTERDON,1132.84787261121,1108.06524142886,34,NJ,NEW JERSEY
24,11,34007,CAMDEN,589.0144713256429,573.2952091279619,34,NJ,NEW JERSEY
24,10,42045,DELAWARE,493.660560815075,476.088133599601,42,PA,PENNSYLVANIA
24,0,34033,SALEM,964.904892049841,857.251533964671,34,NJ,NEW JERSEY
24,14,34021,MERCER,592.7325869427069,581.2814410617549,34,NJ,NEW JERSEY
24,21,42101,PHILADELPHIA,369.587893052546,347.661356979035,42,PA,PENNSYLVANIA
24,27,42029,CHESTER,1966.40842627187,1943.8489598821,42,PA,PENNSYLVANIA
24,2,34015,GLOUCESTER,872.2367568555539,833.904565219916,34,NJ,NEW JERSEY
25,120,36059,NASSAU,1174.47137015574,737.0851330353,36,NY,NEW YORK
25,6,09007,MIDDLESEX,1137.17350098804,956.493770974814,09,CT,CONNECTICUT
25,24,09009,NEW HAVEN,2232.77084243809,1565.68839760142,09,CT,CONNECTICUT
25,390,34017,HUDSON,161.599515067529,119.632142399333,34,NJ,NEW JERSEY
25,80,36081,QUEENS,461.102236275149,281.734477030258,36,NY,NEW YORK
25,76,36005,BRONX,148.597480132342,108.908925503121,36,NY,NEW YORK
25,50,09003,HARTFORD,1944.08764421965,1903.53289442919,09,CT,CONNECTICUT
25,91,09001,FAIRFIELD,2167.94634357937,1618.65141571469,09,CT,CONNECTICUT
25,30,34031,PASSAIC,513.8246969621359,481.767099154528,34,NJ,NEW JERSEY
25,8,36087,ROCKLAND,516.059736994391,449.195485339419,36,NY,NEW YORK
25,62,36119,WESTCHESTER,1294.97971627256,1115.16594253138,36,NY,NEW YORK
25,118,36061,NEW YORK,87.23222517412529,58.6797652277712,36,NY,NEW YORK
25,118,34003,BERGEN,638.265974535665,602.910876849723,34,NJ,NEW JERSEY
25,10,36071,ORANGE,2171.99411079563,2103.90338166299,36,NY,NEW YORK
25,87,36047,KINGS,250.770960493036,179.671335216681,36,NY,NEW YORK
25,2,36079,PUTNAM,637.786644717671,596.525733335061,36,NY,NEW YORK
25,2,09005,LITCHFIELD,2446.45150342078,2384.11697806605,09,CT,CONNECTICUT
26,56,34023,MIDDLESEX,836.3302209520809,800.8711862147469,34,NJ,NEW JERSEY
26,61,34013,ESSEX,335.195622720834,326.557452839423,34,NJ,NEW JERSEY
26,118,36061,NEW YORK,87.23222517412529,58.6797652277712,36,NY,NEW YORK
26,62,36119,WESTCHESTER,1294.97971627256,1115.16594253138,36,NY,NEW YORK
26,93,36085,RICHMOND,264.925592734166,148.972637772888,36,NY,NEW YORK
26,120,36059,NASSAU,1174.47137015574,737.0851330353,36,NY,NEW YORK
26,87,36047,KINGS,250.770960493036,179.671335216681,36,NY,NEW YORK
26,118,34003,BERGEN,638.265974535665,602.910876849723,34,NJ,NEW JERSEY
26,390,34017,HUDSON,161.599515067529,119.632142399333,34,NJ,NEW JERSEY
26,8,36087,ROCKLAND,516.059736994391,449.195485339419,36,NY,NEW YORK
26,54,34027,MORRIS,1247.14208682068,1192.85523829081,34,NJ,NEW JERSEY
26,80,36081,QUEENS,461.102236275149,281.734477030258,36,NY,NEW YORK
26,45,34039,UNION,273.21698369436,266.160372176229,34,NJ,NEW JERSEY
26,30,34031,PASSAIC,513.8246969621359,481.767099154528,34,NJ,NEW JERSEY
26,91,09001,FAIRFIELD,2167.94634357937,1618.65141571469,09,CT,CONNECTICUT
26,53,34035,SOMERSET,789.825499641394,781.8164362124279,34,NJ,NEW JERSEY
26,76,36005,BRONX,148.597480132342,108.908925503121,36,NY,NEW YORK
27,118,34003,BERGEN,638.265974535665,602.910876849723,34,NJ,NEW JERSEY
27,45,34039,UNION,273.21698369436,266.160372176229,34,NJ,NEW JERSEY
27,30,34031,PASSAIC,513.8246969621359,481.767099154528,34,NJ,NEW JERSEY
27,2,34037,SUSSEX,1386.78800744466,1343.48003672554,34,NJ,NEW JERSEY
27,8,36087,ROCKLAND,516.059736994391,449.195485339419,36,NY,NEW YORK
27,95,34025,MONMOUTH,1723.56991171352,1210.57438856185,34,NJ,NEW JERSEY
27,62,36119,WESTCHESTER,1294.97971627256,1115.16594253138,36,NY,NEW YORK
27,93,36085,RICHMOND,264.925592734166,148.972637772888,36,NY,NEW YORK
27,3,34041,WARREN,939.2589397087429,923.4124644219339,34,NJ,NEW JERSEY
27,76,36005,BRONX,148.597480132342,108.908925503121,36,NY,NEW YORK
27,53,34035,SOMERSET,789.825499641394,781.8164362124279,34,NJ,NEW JERSEY
27,54,34027,MORRIS,1247.14208682068,1192.85523829081,34,NJ,NEW JERSEY
27,9,34019,HUNTERDON,1132.84787261121,1108.06524142886,34,NJ,NEW JERSEY
27,10,36071,ORANGE,2171.99411079563,2103.90338166299,36,NY,NEW YORK
27,80,36081,QUEENS,461.102236275149,281.734477030258,36,NY,NEW YORK
27,87,36047,KINGS,250.770960493036,179.671335216681,36,NY,NEW YORK
27,61,34013,ESSEX,335.195622720834,326.557452839423,34,NJ,NEW JERSEY
27,118,36061,NEW YORK,87.23222517412529,58.6797652277712,36,NY,NEW YORK
27,56,34023,MIDDLESEX,836.3302209520809,800.8711862147469,34,NJ,NEW JERSEY
27,390,34017,HUDSON,161.599515067529,119.632142399333,34,NJ,NEW JERSEY
28,76,36005,BRONX,148.597480132342,108.908925503121,36,NY,NEW YORK
28,51,36103,SUFFOLK,6146.448267906499,2358.82795577087,36,NY,NEW YORK
28,87,36047,KINGS,250.770960493036,179.671335216681,36,NY,NEW YORK
28,120,36059,NASSAU,1174.47137015574,737.0851330353,36,NY,NEW YORK
28,62,36119,WESTCHESTER,1294.97971627256,1115.16594253138,36,NY,NEW YORK
28,80,36081,QUEENS,461.102236275149,281.734477030258,36,NY,NEW YORK
28,390,34017,HUDSON,161.599515067529,119.632142399333,34,NJ,NEW JERSEY
28,118,34003,BERGEN,638.265974535665,602.910876849723,34,NJ,NEW JERSEY
28,118,36061,NEW YORK,87.23222517412529,58.6797652277712,36,NY,NEW YORK
29,24,09009,NEW HAVEN,2232.77084243809,1565.68839760142,09,CT,CONNECTICUT
29,6,09007,MIDDLESEX,1137.17350098804,956.493770974814,09,CT,CONNECTICUT
29,13,09011,NEW LONDON,1999.37521849567,1722.71669360025,09,CT,CONNECTICUT
29,2,09005,LITCHFIELD,2446.45150342078,2384.11697806605,09,CT,CONNECTICUT
29,12,25013,HAMPDEN,1642.41377094328,1597.99668894847,25,MA,MASSACHUSETTS
29,7,09013,TOLLAND,1080.35718273292,1062.80748955099,09,CT,CONNECTICUT
29,50,09003,HARTFORD,1944.08764421965,1903.53289442919,09,CT,CONNECTICUT
30,1390,25017,MIDDLESEX,2193.5624857613,2118.19702278288,25,MA,MASSACHUSETTS
30,530,25027,WORCESTER,4090.0131395536,3912.56410001412,25,MA,MASSACHUSETTS
30,800,25021,NORFOLK,1150.8750974608,1025.88676632222,25,MA,MASSACHUSETTS
30,1966,44007,PROVIDENCE,1128.42271815033,1060.56373746546,44,RI,RHODE ISLAND
30,35,09015,WINDHAM,1349.95647949245,1328.4785524161,09,CT,CONNECTICUT
31,1966,44007,PROVIDENCE,1128.42271815033,1060.56373746546,44,RI,RHODE ISLAND
31,305,25023,PLYMOUTH,2831.6179513841,1705.80789198011,25,MA,MASSACHUSETTS
31,130,44003,KENT,487.274881472528,436.559716853611,44,RI,RHODE ISLAND
31,24,44005,NEWPORT,812.332859850605,265.311877394865,44,RI,RHODE ISLAND
31,41,44001,BRISTOL,115.859958737796,62.5137112903429,44,RI,RHODE ISLAND
31,246,25005,BRISTOL,1790.01321470789,1432.05439493945,25,MA,MASSACHUSETTS
31,1390,25017,MIDDLESEX,2193.5624857613,2118.19702278288,25,MA,MASSACHUSETTS
31,35,09015,WINDHAM,1349.95647949245,1328.4785524161,09,CT,CONNECTICUT
31,530,25027,WORCESTER,4090.0131395536,3912.56410001412,25,MA,MASSACHUSETTS
31,79,44009,WASHINGTON,1457.60128226336,852.7968894960169,44,RI,RHODE ISLAND
31,800,25021,NORFOLK,1150.8750974608,1025.88676632222,25,MA,MASSACHUSETTS
32,454,33015,ROCKINGHAM,2059.68216433643,1801.04269950479,33,NH,NEW HAMPSHIRE
32,348,25009,ESSEX,2145.79223705003,1271.72628888747,25,MA,MASSACHUSETTS
32,26,23031,YORK,3288.537560149759,2566.81381380151,23,ME,MAINE
32,28,33017,STRAFFORD,990.900532053688,951.960073177267,33,NH,NEW HAMPSHIRE
32,800,25021,NORFOLK,1150.8750974608,1025.88676632222,25,MA,MASSACHUSETTS
32,1390,25017,MIDDLESEX,2193.5624857613,2118.19702278288,25,MA,MASSACHUSETTS
32,3487,25025,SUFFOLK,311.366668453672,150.813341219716,25,MA,MASSACHUSETTS
32,4489,33011,HILLSBOROUGH,2311.51187855564,2270.23212315457,33,NH,NEW HAMPSHIRE
33,530,25027,WORCESTER,4090.0131395536,3912.56410001412,25,MA,MASSACHUSETTS
33,1966,44007,PROVIDENCE,1128.42271815033,1060.56373746546,44,RI,RHODE ISLAND
33,3487,25025,SUFFOLK,311.366668453672,150.813341219716,25,MA,MASSACHUSETTS
33,800,25021,NORFOLK,1150.8750974608,1025.88676632222,25,MA,MASSACHUSETTS
33,36,25001,BARNSTABLE,3381.32101752992,1021.04839901178,25,MA,MASSACHUSETTS
33,454,33015,ROCKINGHAM,2059.68216433643,1801.04269950479,33,NH,NEW HAMPSHIRE
33,4489,33011,HILLSBOROUGH,2311.51187855564,2270.23212315457,33,NH,NEW HAMPSHIRE
33,348,25009,ESSEX,2145.79223705003,1271.72628888747,25,MA,MASSACHUSETTS
33,246,25005,BRISTOL,1790.01321470789,1432.05439493945,25,MA,MASSACHUSETTS
33,1390,25017,MIDDLESEX,2193.5624857613,2118.19702278288,25,MA,MASSACHUSETTS
33,305,25023,PLYMOUTH,2831.6179513841,1705.80789198011,25,MA,MASSACHUSETTS
34,454,33015,ROCKINGHAM,2059.68216433643,1801.04269950479,33,NH,NEW HAMPSHIRE
34,530,25027,WORCESTER,4090.0131395536,3912.56410001412,25,MA,MASSACHUSETTS
34,4489,33011,HILLSBOROUGH,2311.51187855564,2270.23212315457,33,NH,NEW HAMPSHIRE
34,13,33009,GRAFTON,4531.71418081678,4425.24955564535,33,NH,NEW HAMPSHIRE
34,274,33013,MERRIMACK,2473.37596920425,2416.13588136841,33,NH,NEW HAMPSHIRE
34,1390,25017,MIDDLESEX,2193.5624857613,2118.19702278288,25,MA,MASSACHUSETTS
34,348,25009,ESSEX,2145.79223705003,1271.72628888747,25,MA,MASSACHUSETTS
34,21,33001,BELKNAP,1217.32095251864,1040.77149742673,33,NH,NEW HAMPSHIRE
35,23,34005,BURLINGTON,2124.27121816782,2070.23666580223,34,NJ,NEW JERSEY
35,10,34029,OCEAN,2369.41928826845,1627.44992323547,34,NJ,NEW JERSEY
35,14,34021,MERCER,592.7325869427069,581.2814410617549,34,NJ,NEW JERSEY
35,53,34035,SOMERSET,789.825499641394,781.8164362124279,34,NJ,NEW JERSEY
35,56,34023,MIDDLESEX,836.3302209520809,800.8711862147469,34,NJ,NEW JERSEY
35,95,34025,MONMOUTH,1723.56991171352,1210.57438856185,34,NJ,NEW JERSEY
35,45,34039,UNION,273.21698369436,266.160372176229,34,NJ,NEW JERSEY
35,93,36085,RICHMOND,264.925592734166,148.972637772888,36,NY,NEW YORK
36,10,12071,LEE,3140.03012046942,2025.34569749535,12,FL,FLORIDA
36,45,12021,COLLIER,5969.87104559818,5170.018143979069,12,FL,FLORIDA
37,17,12081,MANATEE,2312.21701242499,1924.71096614581,12,FL,FLORIDA
37,17,12115,SARASOTA,1878.47449663188,1442.24093481252,12,FL,FLORIDA
37,35,12057,HILLSBOROUGH,3278.22948712088,2646.56943928595,12,FL,FLORIDA
38,17,12061,INDIAN RIVER,1597.78255083337,1299.31481769223,12,FL,FLORIDA
38,6,12009,BREVARD,4032.65988209049,2612.98435254107,12,FL,FLORIDA
38,4,12111,ST. LUCIE,1781.49998913151,1479.40877959714,12,FL,FLORIDA
39,6,12101,PASCO,2249.2741703776,1909.40950725998,12,FL,FLORIDA
39,25,12103,PINELLAS,1575.04689117622,709.003703987869,12,FL,FLORIDA
39,35,12057,HILLSBOROUGH,3278.22948712088,2646.56943928595,12,FL,FLORIDA
40,1,48259,KENDALL,1717.24462580426,1715.70388281947,48,TX,TEXAS
40,20,48029,BEXAR,3253.2204439085,3212.1292291165,48,TX,TEXAS
40,0,48187,GUADALUPE,1851.29875709594,1842.11858069754,48,TX,TEXAS
40,3,48325,MEDINA,3456.42623930325,3432.59762021332,48,TX,TEXAS
40,9,48091,COMAL,1488.92789380115,1449.12995881368,48,TX,TEXAS
40,0,48019,BANDERA,2065.95531928467,2048.56046660282,48,TX,TEXAS
41,0,48071,CHAMBERS,2256.36368799272,1541.44485466479,48,TX,TEXAS
41,93,48201,HARRIS,4603.596431779129,4416.45499115483,48,TX,TEXAS
41,6,48167,GALVESTON,2263.13453405648,981.3108704200949,48,TX,TEXAS
41,0,48471,WALKER,2075.87212797233,2031.1249513599,48,TX,TEXAS
41,4,48473,WALLER,1341.15815183516,1329.43585095582,48,TX,TEXAS
41,0,48015,AUSTIN,1700.01213657354,1674.30498484896,48,TX,TEXAS
41,0,48407,SAN JACINTO,1626.28165793977,1474.31986766654,48,TX,TEXAS
41,0,48481,WHARTON,2834.40534322482,2810.88203957342,48,TX,TEXAS
41,5,48039,BRAZORIA,4166.29586692029,3527.34897094398,48,TX,TEXAS
41,69,48339,MONTGOMERY,2789.13495593534,2700.34824995588,48,TX,TEXAS
41,63,48157,FORT BEND,2293.01867549907,2231.39594000458,48,TX,TEXAS
42,19,48209,HAYS,1761.01664440744,1755.9075228952,48,TX,TEXAS
42,26,48491,WILLIAMSON,2938.10983527303,2896.47257312333,48,TX,TEXAS
42,0,48055,CALDWELL,1417.12392966036,1412.07449460679,48,TX,TEXAS
42,15,48021,BASTROP,2319.44972281289,2300.18877975872,48,TX,TEXAS
42,17,48453,TRAVIS,2649.66555838013,2568.86545394368,48,TX,TEXAS
43,208,12109,ST. JOHNS,2127.76074231084,1555.82723980406,12,FL,FLORIDA
43,21,12089,NASSAU,1880.12667748289,1680.0242337199,12,FL,FLORIDA
43,36,12019,CLAY,1666.77830308589,1566.37535583271,12,FL,FLORIDA
43,1030,12031,DUVAL,2378.80172788543,1975.99370127144,12,FL,FLORIDA
44,391,48251,JOHNSON,1902.22650932871,1877.22353218588,48,TX,TEXAS
44,406,48367,PARKER,2357.1342353831,2340.00664912531,48,TX,TEXAS
44,2,48221,HOOD,1131.40599606552,1089.61792443067,48,TX,TEXAS
44,50,48139,ELLIS,2465.01519868323,2423.34913036076,48,TX,TEXAS
44,2115,48439,TARRANT,2336.93821256013,2236.83358898614,48,TX,TEXAS
44,435,48113,DALLAS,2353.31392123715,2258.61494972429,48,TX,TEXAS
44,2164,48121,DENTON,2468.01312000312,2275.56501375539,48,TX,TEXAS
44,461,48497,WISE,2389.40807264875,2342.36907945041,48,TX,TEXAS
44,102,48257,KAUFMAN,2091.70320432209,2021.94006980002,48,TX,TEXAS
44,263,48085,COLLIN,2295.1099982929,2178.66643127835,48,TX,TEXAS
44,100,48397,ROCKWALL,385.282251723175,329.213366110936,48,TX,TEXAS
44,3,48181,GRAYSON,2536.10846388987,2415.99251354974,48,TX,TEXAS
45,1,04021,PINAL,13919.8040018078,13875.5668483439,04,AZ,ARIZONA
45,27,04019,PIMA,23800.0540726535,23776.0215907448,04,AZ,ARIZONA
46,0,13103,EFFINGHAM,1250.74551058036,1240.03232055583,13,GA,GEORGIA
46,2,13051,CHATHAM,1631.62843944539,1121.78391158355,13,GA,GEORGIA
46,0,45053,JASPER,1817.08625810732,1696.77716220112,45,SC,SOUTH CAROLINA
46,11,45013,BEAUFORT,2391.80320253697,1492.06087900613,45,SC,SOUTH CAROLINA
47,0,01125,TUSCALOOSA,3499.72474539154,3421.00939394084,01,AL,ALABAMA
47,10,01117,SHELBY,2096.65064674933,2034.07583634588,01,AL,ALABAMA
47,8,01073,JEFFERSON,2911.35037305866,2878.45458332128,01,AL,ALABAMA
47,0,01115,ST. CLAIR,1692.24581006697,1635.81264609475,01,AL,ALABAMA
48,3,45019,CHARLESTON,3517.17929305027,2355.47737462826,45,SC,SOUTH CAROLINA
48,3,45015,BERKELEY,3195.73333237699,2858.13248722454,45,SC,SOUTH CAROLINA
48,0,45035,DORCHESTER,1479.35883353928,1472.6514233366,45,SC,SOUTH CAROLINA
49,14,13067,COBB,892.4286468590559,879.964552579252,13,GA,GEORGIA
49,0,13015,BARTOW,1217.52256748422,1190.1546986914,13,GA,GEORGIA
49,2,13139,HALL,1111.88013498502,1017.82403623115,13,GA,GEORGIA
49,1,13063,CLAYTON,373.919292620441,366.930150150434,13,GA,GEORGIA
49,43,13089,DEKALB,702.361516305176,693.405969426296,13,GA,GEORGIA
49,1,13113,FAYETTE,516.24527012737,503.4200939335259,13,GA,GEORGIA
49,3,13097,DOUGLAS,520.778612773928,518.24664068356,13,GA,GEORGIA
49,44,13121,FULTON,1383.92344833885,1364.22054640414,13,GA,GEORGIA
49,0,13247,ROCKDALE,342.131076262767,336.2128040057889,13,GA,GEORGIA
49,9,13057,CHEROKEE,1125.06830285275,1090.59991459553,13,GA,GEORGIA
49,2,13223,PAULDING,814.141216179159,808.831894068475,13,GA,GEORGIA
49,5,13117,FORSYTH,640.038405843374,581.58548336563,13,GA,GEORGIA
49,0,13151,HENRY,845.586912512483,825.286944225445,13,GA,GEORGIA
49,0,13085,DAWSON,555.3149248443619,546.042272227567,13,GA,GEORGIA
49,16,13135,GWINNETT,1131.20746505327,1115.12739115687,13,GA,GEORGIA
50,1,04021,PINAL,13919.8040018078,13875.5668483439,04,AZ,ARIZONA
50,126,04013,MARICOPA,23890.1888129522,23793.8925931959,04,AZ,ARIZONA
50,1,04025,YAVAPAI,21051.2996239564,21037.406854999,04,AZ,ARIZONA
51,0,05085,LONOKE,2079.36857427749,1990.88996546198,05,AR,ARKANSAS
51,0,05069,JEFFERSON,2366.67367376766,2252.15764322556,05,AR,ARKANSAS
51,1,05045,FAULKNER,1719.9424790855,1678.15470969431,05,AR,ARKANSAS
51,2,05119,PULASKI,2091.81593081962,1965.02474275707,05,AR,ARKANSAS
51,0,05053,GRANT,1639.28127543377,1636.36490749662,05,AR,ARKANSAS
51,0,05125,SALINE,1891.9568212728,1873.70487185856,05,AR,ARKANSAS
52,0,28033,DESOTO,1287.18083441931,1233.43261491987,28,MS,MISSISSIPPI
52,19,47157,SHELBY,2033.22182362049,1953.83542670599,47,TN,TENNESSEE
52,0,47047,FAYETTE,1829.13434023195,1825.35947119472,47,TN,TENNESSEE
52,0,28137,TATE,1064.42347030491,1048.32595272144,28,MS,MISSISSIPPI
52,0,47167,TIPTON,1225.87650253765,1186.89816732601,47,TN,TENNESSEE
52,0,05035,CRITTENDEN,1648.18779498584,1580.15951627636,05,AR,ARKANSAS
52,0,28093,MARSHALL,1838.18508271563,1829.00798812302,28,MS,MISSISSIPPI
53,7,06065,RIVERSIDE,18915.0966706574,18638.5336574268,06,CA,CALIFORNIA
54,76,35043,SANDOVAL,9619.99474698313,9605.35605255146,35,NM,NEW MEXICO
54,939,35001,BERNALILLO,3023.49657503826,3007.61410596084,35,NM,NEW MEXICO
54,4,35049,SANTA FE,4950.504971797,4945.419398681171,35,NM,NEW MEXICO
54,4,35057,TORRANCE,8666.378005569799,8605.214139431431,35,NM,NEW MEXICO
54,60,35061,VALENCIA,2765.61313892883,2759.90199995547,35,NM,NEW MEXICO
55,2,45059,LAURENS,1874.73333460016,1848.62295338385,45,SC,SOUTH CAROLINA
55,0,45007,ANDERSON,1957.37732956504,1848.86746728375,45,SC,SOUTH CAROLINA
55,0,45077,PICKENS,1327.63650226673,1287.00619042594,45,SC,SOUTH CAROLINA
55,3,45083,SPARTANBURG,2121.23512077889,2092.04794018637,45,SC,SOUTH CAROLINA
55,13,45045,GREENVILLE,2058.45946145494,2033.30209251514,45,SC,SOUTH CAROLINA
56,0,40117,PAWNEE,1540.41631285231,1471.52768164425,40,OK,OKLAHOMA
56,4,40145,WAGONER,1529.82869502771,1454.45274465566,40,OK,OKLAHOMA
56,0,40037,CREEK,2511.83494444955,2460.92612629751,40,OK,OKLAHOMA
56,2,40131,ROGERS,1842.77127728153,1749.84683168431,40,OK,OKLAHOMA
56,0,40147,WASHINGTON,1098.84916582877,1076.01976610148,40,OK,OKLAHOMA
56,1,40111,OKMULGEE,1819.0392688143,1806.12350901985,40,OK,OKLAHOMA
56,4,40113,OSAGE,5967.277296102009,5818.510875776009,40,OK,OKLAHOMA
56,6,40143,TULSA,1520.38139492243,1477.12301142367,40,OK,OKLAHOMA
57,3,47119,MAURY,1594.34035661878,1588.02116488913,47,TN,TENNESSEE
57,0,47189,WILSON,1511.18315241608,1479.11968030071,47,TN,TENNESSEE
57,0,47003,BEDFORD,1229.70061068646,1226.71985630856,47,TN,TENNESSEE
57,17,47037,DAVIDSON,1360.62318254514,1304.03274158537,47,TN,TENNESSEE
57,0,47117,MARSHALL,974.2442841464829,972.4423640689899,47,TN,TENNESSEE
57,2,47149,RUTHERFORD,1616.29943758751,1594.88235837508,47,TN,TENNESSEE
57,0,47021,CHEATHAM,795.357353865694,783.392178953403,47,TN,TENNESSEE
57,19,47187,WILLIAMSON,1512.62497719331,1509.61699551548,47,TN,TENNESSEE
58,2,37035,CATAWBA,1077.49599806516,1039.55087731629,37,NC,NORTH CAROLINA
58,14,37179,UNION,1656.67051718627,1638.65461598101,37,NC,NORTH CAROLINA
58,0,37071,GASTON,941.938706862155,921.311328874393,37,NC,NORTH CAROLINA
58,2,37159,ROWAN,1356.95894294322,1324.72334426222,37,NC,NORTH CAROLINA
58,2,37109,LINCOLN,789.5900656585309,766.225416978137,37,NC,NORTH CAROLINA
58,0,37097,IREDELL,1547.34066153684,1487.14924419093,37,NC,NORTH CAROLINA
58,61,37119,MECKLENBURG,1414.38651206123,1356.04715609528,37,NC,NORTH CAROLINA
58,5,37025,CABARRUS,942.608753702458,935.602066474253,37,NC,NORTH CAROLINA
58,4,45091,YORK,1802.18054949723,1762.92102054313,45,SC,SOUTH CAROLINA
58,0,37167,STANLY,1048.6132659295,1023.3705121549,37,NC,NORTH CAROLINA
58,1,45057,LANCASTER,1437.56908522208,1421.54038798971,45,SC,SOUTH CAROLINA
59,0,47129,MORGAN,1353.26279696713,1352.43977774329,47,TN,TENNESSEE
59,4,47093,KNOX,1362.13070678737,1316.57225188716,47,TN,TENNESSEE
59,1,47145,ROANE,1022.98553524955,934.28690509196,47,TN,TENNESSEE
59,0,47155,SEVIER,1548.02783742874,1534.53678548974,47,TN,TENNESSEE
59,3,47009,BLOUNT,1467.49558481477,1447.32920695299,47,TN,TENNESSEE
59,0,47123,MONROE,1690.19185369484,1646.46297647606,47,TN,TENNESSEE
59,3,47001,ANDERSON,893.017637631618,873.35260066618,47,TN,TENNESSEE
59,3,47105,LOUDON,640.6818056203721,593.811813233531,47,TN,TENNESSEE
60,22,06111,VENTURA,5719.336190291489,4771.935078836939,06,CA,CALIFORNIA
60,11,06083,SANTA BARBARA,9813.818135464799,7080.23595844968,06,CA,CALIFORNIA
61,4,47019,CARTER,900.5251655068789,883.7888467483309,47,TN,TENNESSEE
61,2,47179,WASHINGTON,854.241316624779,845.605999522407,47,TN,TENNESSEE
61,4,47163,SULLIVAN,1112.9343201411,1070.69514796117,47,TN,TENNESSEE
61,0,47171,UNICOI,482.728745394367,481.903021348209,47,TN,TENNESSEE
61,0,51191,WASHINGTON,1466.38410143982,1453.3858751835,51,VA,VIRGINIA
61,0,51169,SCOTT,1395.89175442272,1387.78642840618,51,VA,VIRGINIA
61,1,47073,HAWKINS,1294.01002971272,1261.46523145163,47,TN,TENNESSEE
61,0,37121,MITCHELL,574.6684847857609,573.0404908819979,37,NC,NORTH CAROLINA
61,0,51520,BRISTOL CITY,33.7426010456548,33.4201928173697,51,VA,VIRGINIA
61,0,47059,GREENE,1616.50952361649,1611.40977197387,47,TN,TENNESSEE
62,2,37151,RANDOLPH,2045.99706472479,2026.19597488939,37,NC,NORTH CAROLINA
62,13,37067,FORSYTH,1067.93425042889,1056.14996471471,37,NC,NORTH CAROLINA
62,0,37157,ROCKINGHAM,1483.44149507979,1464.98007534024,37,NC,NORTH CAROLINA
62,0,37169,STOKES,1180.52439270515,1162.94004606905,37,NC,NORTH CAROLINA
62,31,37001,ALAMANCE,1124.67660862307,1096.68446091542,37,NC,NORTH CAROLINA
62,0,37197,YADKIN,874.728722301026,867.4961145542189,37,NC,NORTH CAROLINA
62,0,37033,CASWELL,1110.33663501555,1101.69275691595,37,NC,NORTH CAROLINA
62,0,37171,SURRY,1392.72352826097,1382.38592850482,37,NC,NORTH CAROLINA
62,0,37059,DAVIE,690.366927734789,682.96782012967,37,NC,NORTH CAROLINA
62,26,37081,GUILFORD,1703.26904836841,1672.84832610121,37,NC,NORTH CAROLINA
62,6,37057,DAVIDSON,1470.16405248944,1432.71183033449,37,NC,NORTH CAROLINA
63,5,37105,LEE,671.332725888082,660.607419002578,37,NC,NORTH CAROLINA
63,13,37077,GRANVILLE,1392.35383145475,1377.85018097636,37,NC,NORTH CAROLINA
63,0,37033,CASWELL,1110.33663501555,1101.69275691595,37,NC,NORTH CAROLINA
63,4,37145,PERSON,1047.36028258203,1016.14156298419,37,NC,NORTH CAROLINA
63,49,37101,JOHNSTON,2060.84518057082,2049.28189453713,37,NC,NORTH CAROLINA
63,1967,37183,WAKE,2220.25115657047,2162.17895777484,37,NC,NORTH CAROLINA
63,31,37001,ALAMANCE,1124.67660862307,1096.68446091542,37,NC,NORTH CAROLINA
63,59,37069,FRANKLIN,1280.93576367893,1273.75708527821,37,NC,NORTH CAROLINA
63,370,37037,CHATHAM,1836.27528421778,1765.63537230897,37,NC,NORTH CAROLINA
63,762,37135,ORANGE,1038.47994157136,1029.60495877271,37,NC,NORTH CAROLINA
63,1267,37063,DURHAM,771.461384937366,741.907738655547,37,NC,NORTH CAROLINA
63,37,37085,HARNETT,1557.47834455713,1541.10197448015,37,NC,NORTH CAROLINA
64,0,04015,MOHAVE,34862.8151978631,34473.9898046177,04,AZ,ARIZONA
64,27,32003,CLARK,20877.6945283283,20439.282714429,32,NV,NEVADA
65,0,51650,HAMPTON CITY,352.898712704915,132.908668447215,51,VA,VIRGINIA
65,9,51810,VIRGINIA BEACH CITY,1288.51182224979,633.8325139033909,51,VA,VIRGINIA
65,0,51800,SUFFOLK CITY,1110.86470426224,1033.80273866026,51,VA,VIRGINIA
65,1,51710,NORFOLK CITY,249.677885639922,137.98582826187,51,VA,VIRGINIA
65,0,51131,NORTHAMPTON,2059.69169935616,548.282915050874,51,VA,VIRGINIA
65,0,37053,CURRITUCK,1363.43085834713,678.4167469528529,37,NC,NORTH CAROLINA
65,0,51700,NEWPORT NEWS CITY,309.948490952738,179.01657327943,51,VA,VIRGINIA
65,4,51550,CHESAPEAKE CITY,908.947731739534,876.7377481764199,51,VA,VIRGINIA
65,0,51740,PORTSMOUTH CITY,120.906506508373,86.2482197571065,51,VA,VIRGINIA
66,0,18043,FLOYD,385.933861090371,383.227228913897,18,IN,INDIANA
66,0,21029,BULLITT,777.681617999874,769.0508234695769,21,KY,KENTUCKY
66,1,21215,SPENCER,496.4000741465929,483.607208409123,21,KY,KENTUCKY
66,0,18019,CLARK,974.870748077924,965.6659738343189,18,IN,INDIANA
66,0,21179,NELSON,1098.3523839897,1081.34993604186,21,KY,KENTUCKY
66,14,21111,JEFFERSON,1029.99690182511,985.9345045929319,21,KY,KENTUCKY
66,1,21211,SHELBY,998.8637947136369,983.565401306872,21,KY,KENTUCKY
66,0,21103,HENRY,754.002322768525,741.500315284668,21,KY,KENTUCKY
66,6,21185,OLDHAM,508.759867980473,484.947533473173,21,KY,KENTUCKY
66,0,18061,HARRISON,1260.0826660912,1254.88947932246,18,IN,INDIANA
67,1,17163,ST. CLAIR,1745.51049910884,1703.38567101538,17,IL,ILLINOIS
67,1,29099,JEFFERSON,1720.48894794555,1700.34536105512,29,MO,MISSOURI
67,4,29510,ST. LOUIS CITY,171.126261907998,159.91513436695,29,MO,MISSOURI
67,0,17133,MONROE,1031.69286857344,997.9071245753739,17,IL,ILLINOIS
67,8,29183,ST. CHARLES,1534.96556771499,1451.32374986462,29,MO,MISSOURI
67,44,29189,ST. LOUIS,1354.39059182238,1314.22868133223,29,MO,MISSOURI
67,0,29071,FRANKLIN,2410.4641700104,2389.88777614681,29,MO,MISSOURI
67,0,17119,MADISON,1918.01015205449,1854.55937593492,17,IL,ILLINOIS
67,1,29113,LINCOLN,1658.79144556248,1622.5892172106,29,MO,MISSOURI
68,0,20045,DOUGLAS,1229.30318771111,1180.40243571415,20,KS,KANSAS
68,0,20209,WYANDOTTE,404.540953401225,392.744958507995,20,KS,KANSAS
68,3,29037,CASS,1819.18659313552,1804.14471981932,29,MO,MISSOURI
68,1,29165,PLATTE,1104.24185649608,1087.24062128082,29,MO,MISSOURI
68,4,29047,CLAY,1058.4501512849,1029.94825938468,29,MO,MISSOURI
68,0,20103,LEAVENWORTH,1214.55696351499,1200.21360516247,20,KS,KANSAS
68,0,20121,MIAMI,1528.75432965952,1491.5191020945,20,KS,KANSAS
68,34,20091,JOHNSON,1242.99869323141,1226.63040510171,20,KS,KANSAS
68,0,29095,JACKSON,1596.31977537406,1565.68987102184,29,MO,MISSOURI
69,20,51087,HENRICO,634.1131403067599,605.180359928552,51,VA,VIRGINIA
69,0,51033,CAROLINE,1391.43136047147,1366.50287786131,51,VA,VIRGINIA
69,2,51085,HANOVER,1224.47103073146,1211.81835180714,51,VA,VIRGINIA
69,0,51007,AMELIA,928.567588926818,920.143542458595,51,VA,VIRGINIA
69,0,51049,CUMBERLAND,776.4437192852699,770.525888880096,51,VA,VIRGINIA
69,0,51101,KING WILLIAM,740.6129523369,709.4713569504319,51,VA,VIRGINIA
69,4,51760,RICHMOND CITY,162.05490841683,155.17629309145,51,VA,VIRGINIA
69,1,51145,POWHATAN,679.3654581269089,673.9169779962699,51,VA,VIRGINIA
69,0,51075,GOOCHLAND,748.7931956698101,726.8300328237709,51,VA,VIRGINIA
69,14,51041,CHESTERFIELD,1131.78888800843,1097.03346001251,51,VA,VIRGINIA
69,0,51127,NEW KENT,579.587767061951,543.990078048074,51,VA,VIRGINIA
69,1,51109,LOUISA,1322.77090009439,1284.97676229424,51,VA,VIRGINIA
70,2,06087,SANTA CRUZ,1572.53836772742,1152.86499371774,06,CA,CALIFORNIA
70,11,06053,MONTEREY,9767.425356599921,8498.12094489103,06,CA,CALIFORNIA
71,0,18071,JACKSON,1331.01054974178,1320.82720751794,18,IN,INDIANA
71,0,18093,LAWRENCE,1170.49012130439,1163.36722145908,18,IN,INDIANA
71,0,18081,JOHNSON,833.434723394621,829.9459091168039,18,IN,INDIANA
71,0,18013,BROWN,820.069926954654,808.0439284188619,18,IN,INDIANA
71,2,18105,MONROE,1065.31761755715,1021.80698137252,18,IN,INDIANA
71,0,18109,MORGAN,1060.41482943785,1045.93265684352,18,IN,INDIANA
71,0,18055,GREENE,1413.90356962842,1404.92959820048,18,IN,INDIANA
71,0,18119,OWEN,1004.47802064959,997.9116234946919,18,IN,INDIANA
72,0,18109,MORGAN,1060.41482943785,1045.93265684352,18,IN,INDIANA
72,1,18059,HANCOCK,795.1913907904789,792.4201335917619,18,IN,INDIANA
72,1,18011,BOONE,1096.21411393886,1095.17093361254,18,IN,INDIANA
72,35,18057,HAMILTON,1042.30673636785,1021.30722861729,18,IN,INDIANA
72,0,18063,HENDRICKS,1058.73022485186,1053.84938148153,18,IN,INDIANA
72,0,18023,CLINTON,1049.58033977071,1049.11922056692,18,IN,INDIANA
72,0,18145,SHELBY,1069.0341828191,1064.82702517028,18,IN,INDIANA
72,0,18081,JOHNSON,833.434723394621,829.9459091168039,18,IN,INDIANA
72,0,18095,MADISON,1173.01691897239,1170.46961630322,18,IN,INDIANA
72,12,18097,MARION,1043.79130793947,1026.70105860941,18,IN,INDIANA
72,0,18159,TIPTON,674.865647568784,674.7976203898969,18,IN,INDIANA
73,0,18045,FOUNTAIN,1030.50336989568,1024.74345893623,18,IN,INDIANA
73,1,18011,BOONE,1096.21411393886,1095.17093361254,18,IN,INDIANA
73,0,18181,WHITE,1317.47311049494,1308.26408496325,18,IN,INDIANA
73,0,18015,CARROLL,971.2937475065251,964.043877185348,18,IN,INDIANA
73,0,18171,WARREN,948.9867237230089,944.5439799669559,18,IN,INDIANA
73,0,18023,CLINTON,1049.58033977071,1049.11922056692,18,IN,INDIANA
73,0,18107,MONTGOMERY,1309.09850505237,1307.03052018004,18,IN,INDIANA
73,0,18007,BENTON,1052.85252579772,1052.61649276688,18,IN,INDIANA
73,1,18157,TIPPECANOE,1303.39433423764,1292.1634730099,18,IN,INDIANA
74,0,39089,LICKING,1780.25802169731,1767.50269153599,39,OH,OHIO
74,1,39129,PICKAWAY,1311.96505718434,1298.19571088727,39,OH,OHIO
74,0,39101,MARION,1046.63546645967,1045.68165893198,39,OH,OHIO
74,1,39159,UNION,1131.49338509121,1117.86420022301,39,OH,OHIO
74,0,39083,KNOX,1371.77290993608,1361.05276406101,39,OH,OHIO
74,19,39041,DELAWARE,1184.47750645246,1147.7791304106,39,OH,OHIO
74,4,39045,FAIRFIELD,1317.16947522581,1306.41499535479,39,OH,OHIO
74,13,39049,FRANKLIN,1407.97895361916,1378.94488920928,39,OH,OHIO
74,1,39117,MORROW,1054.70062138834,1051.77482848982,39,OH,OHIO
74,1,39097,MADISON,1208.56559847851,1206.49862407885,39,OH,OHIO
75,1,31177,WASHINGTON,1018.37353264684,1009.7439979084,31,NE,NEBRASKA
75,1,31155,SAUNDERS,1967.92519961457,1943.12786280201,31,NE,NEBRASKA
75,0,19155,POTTAWATTAMIE,2484.161978221,2461.81657299994,19,IA,IOWA
75,26,31153,SARPY,641.084478016874,616.8115558916439,31,NE,NEBRASKA
75,13,31055,DOUGLAS,878.904456047022,845.3997855236439,31,NE,NEBRASKA
75,0,31053,DODGE,1406.36131607266,1370.20809855306,31,NE,NEBRASKA
75,0,31025,CASS,1465.65183596098,1443.53713799632,31,NE,NEBRASKA
75,0,19129,MILLS,1141.2568921515,1132.93039447517,19,IA,IOWA
75,0,31109,LANCASTER,2192.12012141098,2169.28759874439,31,NE,NEBRASKA
75,0,19085,HARRISON,1817.22581235009,1804.79994260866,19,IA,IOWA
76,4,06017,EL DORADO,4626.61924190187,4422.74883595536,06,CA,CALIFORNIA
76,0,06115,YUBA,1667.97194422796,1636.26197600912,06,CA,CALIFORNIA
76,1,06057,NEVADA,2522.11982589248,2480.39164166704,06,CA,CALIFORNIA
76,0,06005,AMADOR,1569.40427182578,1539.05653824663,06,CA,CALIFORNIA
76,3,06113,YOLO,2651.023430191889,2625.68724971991,06,CA,CALIFORNIA
76,5,06095,SOLANO,2347.02790332287,2124.59722574103,06,CA,CALIFORNIA
76,28,06061,PLACER,3890.81995339204,3644.30150739108,06,CA,CALIFORNIA
76,43,06067,SACRAMENTO,2575.3854433297,2498.95428289449,06,CA,CALIFORNIA
76,0,06101,SUTTER,1575.78720273687,1559.1839328923,06,CA,CALIFORNIA
76,2,06077,SAN JOAQUIN,3695.238123284269,3605.55931319594,06,CA,CALIFORNIA
77,10,32031,WASHOE,16941.5179309342,16155.9782079944,32,NV,NEVADA
77,0,32510,CARSON CITY,407.257134577335,374.672894238476,32,NV,NEVADA
77,0,32019,LYON,5242.776966110159,5183.17442564779,32,NV,NEVADA
77,1,06057,NEVADA,2522.11982589248,2480.39164166704,06,CA,CALIFORNIA
77,0,06091,SIERRA,2491.99370932187,2468.63850087679,06,CA,CALIFORNIA
77,2,32005,DOUGLAS,1910.48868991584,1837.62235146886,32,NV,NEVADA
77,0,32029,STOREY,685.561950115952,683.680932141338,32,NV,NEVADA
78,2,42129,WESTMORELAND,2683.45069127792,2662.61024837925,42,PA,PENNSYLVANIA
78,2,42007,BEAVER,1150.06716790562,1125.90444758757,42,PA,PENNSYLVANIA
78,0,42005,ARMSTRONG,1719.3438999326,1691.72480805942,42,PA,PENNSYLVANIA
78,0,42051,FAYETTE,2067.61214660128,2046.96778237212,42,PA,PENNSYLVANIA
78,5,42125,WASHINGTON,2229.73841345981,2219.59073487655,42,PA,PENNSYLVANIA
78,14,42019,BUTLER,2058.39942731713,2042.40741879833,42,PA,PENNSYLVANIA
78,24,42003,ALLEGHENY,1928.3012150596,1890.99480180217,42,PA,PENNSYLVANIA
78,0,42073,LAWRENCE,939.428317636436,927.6828164776759,42,PA,PENNSYLVANIA
79,318,49011,DAVIS,1645.20460519701,774.500973841004,49,UT,UTAH
79,1258,49035,SALT LAKE,2086.84587050394,1921.83460656244,49,UT,UTAH
79,6,49051,WASATCH,3127.58292960753,3048.19674788611,49,UT,UTAH
79,49,49057,WEBER,1708.98291835107,1492.44684046702,49,UT,UTAH
79,5,49029,MORGAN,1582.17694099253,1577.73957071369,49,UT,UTAH
79,14,49043,SUMMIT,4871.39481232212,4844.50956334457,49,UT,UTAH
79,56,49045,TOOELE,18870.5999520453,17754.8518306326,49,UT,UTAH
79,487,49049,UTAH,5553.51225454109,5186.17485970799,49,UT,UTAH
80,8,18141,ST. JOSEPH,1194.98313608747,1185.91860790726,18,IN,INDIANA
80,0,18085,KOSCIUSKO,1435.87131219764,1376.41212332931,18,IN,INDIANA
80,0,18149,STARKE,808.608979588726,800.679839036431,18,IN,INDIANA
80,0,18039,ELKHART,1212.03811586958,1199.60394987157,18,IN,INDIANA
80,0,18099,MARSHALL,1164.82854541477,1148.96997111101,18,IN,INDIANA
80,0,26021,BERRIEN,4095.92943521405,1470.53277283158,26,MI,MICHIGAN
80,0,26027,CASS,1316.51502064338,1269.36719276411,26,MI,MICHIGAN
80,0,18091,LAPORTE,1588.33445229151,1549.46214772518,18,IN,INDIANA
81,6,39103,MEDINA,1095.60493623709,1091.40647880561,39,OH,OHIO
81,46,39035,CUYAHOGA,3225.87880933365,1184.10376866243,39,OH,OHIO
81,3,39055,GEAUGA,1057.47519309901,1036.77391920426,39,OH,OHIO
81,17,39153,SUMMIT,1088.14019223316,1069.04545793557,39,OH,OHIO
81,2,39093,LORAIN,2391.64226499133,1272.23894548032,39,OH,OHIO
81,5,39085,LAKE,2536.10213665672,593.807215435018,39,OH,OHIO
81,1,39151,STARK,1503.70049357349,1490.06439300511,39,OH,OHIO
81,0,39043,ERIE,1620.99703363986,651.213004506404,39,OH,OHIO
81,0,39169,WAYNE,1442.14229261873,1437.05973644465,39,OH,OHIO
81,1,39133,PORTAGE,1305.49782216581,1262.37007536692,39,OH,OHIO
82,32,17097,LAKE,3543.93446154712,1149.80310635789,17,IL,ILLINOIS
82,13,17197,WILL,2199.47658612934,2164.79549844891,17,IL,ILLINOIS
82,1,17037,DEKALB,1643.70628837231,1635.08524774862,17,IL,ILLINOIS
82,1,17091,KANKAKEE,1764.56186503614,1752.05957799949,17,IL,ILLINOIS
82,5,17111,MCHENRY,1582.68835424601,1562.81874876062,17,IL,ILLINOIS
82,24,17089,KANE,1357.6246410148,1345.1340517111,17,IL,ILLINOIS
82,0,18089,LAKE,1623.0129593307,1291.84925725098,18,IN,INDIANA
82,5,17093,KENDALL,834.604683316226,829.4522877194099,17,IL,ILLINOIS
82,127,17043,DUPAGE,871.244063966089,848.760235868502,17,IL,ILLINOIS
82,152,17031,COOK,4233.65832504266,2447.3529350591,17,IL,ILLINOIS
83,0,55049,IOWA,1989.25035280604,1975.38002659152,55,WI,WISCONSIN
83,1,55021,COLUMBIA,2061.59130305577,1982.65075471952,55,WI,WISCONSIN
83,0,55111,SAUK,2199.37905497767,2153.58038900593,55,WI,WISCONSIN
83,14,55025,DANE,3205.11632319434,3098.72196052772,55,WI,WISCONSIN
83,0,55105,ROCK,1880.67572247489,1859.96462995122,55,WI,WISCONSIN
83,1,55045,GREEN,1513.98042648886,1512.66467925495,55,WI,WISCONSIN
84,1,26005,ALLEGAN,4748.19303771924,2137.04600928228,26,MI,MICHIGAN
84,3,26139,OTTAWA,4225.27671703699,1459.45963428377,26,MI,MICHIGAN
84,1,26067,IONIA,1502.30126983189,1479.63632832144,26,MI,MICHIGAN
84,0,26015,BARRY,1494.53273941538,1432.46383514504,26,MI,MICHIGAN
84,1,26121,MUSKEGON,3781.52748475744,1305.0643941814,26,MI,MICHIGAN
84,18,26081,KENT,2258.31984048061,2196.31814089471,26,MI,MICHIGAN
85,23,55133,WAUKESHA,1503.58734456692,1423.58325077425,55,WI,WISCONSIN
85,3,55089,OZAUKEE,2890.91170492935,603.510820508478,55,WI,WISCONSIN
85,3,55079,MILWAUKEE,3080.82906502349,625.4405392241409,55,WI,WISCONSIN
85,0,55027,DODGE,2349.38115696659,2268.0730390084,55,WI,WISCONSIN
85,2,55101,RACINE,2051.6561044553,861.398492560765,55,WI,WISCONSIN
85,5,55131,WASHINGTON,1128.36162440022,1115.36221759727,55,WI,WISCONSIN
85,0,55127,WALWORTH,1493.3664212237,1438.54700102078,55,WI,WISCONSIN
85,0,55117,SHEBOYGAN,3292.5051604536,1324.85108555134,55,WI,WISCONSIN
85,1,55055,JEFFERSON,1509.29416536391,1441.24001362055,55,WI,WISCONSIN
86,22,36055,MONROE,3539.70044399913,1701.29229678594,36,NY,NEW YORK
86,0,36037,GENESEE,1282.84291627314,1276.70031741942,36,NY,NEW YORK
86,2,36117,WAYNE,3582.09868631859,1563.91079331491,36,NY,NEW YORK
86,1,36069,ONTARIO,1715.93548404336,1668.06727653856,36,NY,NEW YORK
86,1,36051,LIVINGSTON,1658.26273523232,1636.2566282545,36,NY,NEW YORK
87,1,36057,MONTGOMERY,1062.66644924221,1044.06725561671,36,NY,NEW YORK
87,0,36115,WASHINGTON,2190.84094954983,2152.68962912192,36,NY,NEW YORK
87,1,36093,SCHENECTADY,542.4564291656969,529.858540525124,36,NY,NEW YORK
87,10,36001,ALBANY,1381.24539225539,1354.12084527513,36,NY,NEW YORK
87,0,36021,COLUMBIA,1678.84239071205,1643.77099924125,36,NY,NEW YORK
87,2,36083,RENSSELAER,1723.38561389988,1689.79391364738,36,NY,NEW YORK
87,0,36095,SCHOHARIE,1622.18081834437,1610.50386895074,36,NY,NEW YORK
87,4,36091,SARATOGA,2185.4508781281,2097.02482987692,36,NY,NEW YORK
87,0,36039,GREENE,1704.34099563107,1676.13992563661,36,NY,NEW YORK
88,2,27171,WRIGHT,1849.90170241037,1712.29222388297,27,MN,MINNESOTA
88,76,27053,HENNEPIN,1571.01211134162,1434.45905230268,27,MN,MINNESOTA
88,0,27131,RICE,1336.28148846795,1284.18835706444,27,MN,MINNESOTA
88,2,55109,ST. CROIX,1905.41827647776,1869.82862585187,55,WI,WISCONSIN
88,2,27003,ANOKA,1155.33059037964,1092.9194166569,27,MN,MINNESOTA
88,2,27037,DAKOTA,1519.86551663282,1456.70857329365,27,MN,MINNESOTA
88,1,27139,SCOTT,954.0685099901,922.683737751897,27,MN,MINNESOTA
88,4,27019,CARVER,974.117183720067,917.370960508561,27,MN,MINNESOTA
88,0,27141,SHERBURNE,1168.19631858709,1121.23021576943,27,MN,MINNESOTA
88,15,27163,WASHINGTON,1095.07538234784,995.6124614619699,27,MN,MINNESOTA
88,7,27123,RAMSEY,440.511475271227,394.246997116626,27,MN,MINNESOTA
88,0,55093,PIERCE,1532.95191521063,1486.27222292756,55,WI,WISCONSIN
89,0,16045,GEM,1462.28822828665,1449.79669678617,16,ID,IDAHO
89,0,16015,BOISE,4938.93110762171,4919.82674415508,16,ID,IDAHO
89,11,16001,ADA,2746.86456519323,2724.25316426601,16,ID,IDAHO
89,0,16039,ELMORE,8032.74829779376,7961.509551204719,16,ID,IDAHO
89,3,16027,CANYON,1563.56929944873,1520.36393988342,16,ID,IDAHO
90,26,23031,YORK,3288.537560149759,2566.81381380151,23,ME,MAINE
90,0,23023,SAGADAHOC,958.3727936544919,657.782155432389,23,ME,MAINE
90,26,23005,CUMBERLAND,3153.21252562753,2164.43967833541,23,ME,MAINE
90,0,23001,ANDROSCOGGIN,1287.53710980858,1211.95623228163,23,ME,MAINE
91,0,53015,COWLITZ,3021.04233757056,2954.08029462577,53,WA,WASHINGTON
91,0,53059,SKAMANIA,4368.221109204959,4286.76257144586,53,WA,WASHINGTON
91,16,41005,CLACKAMAS,4876.90818268093,4837.39472101662,41,OR,OREGON
91,1,41047,MARION,3084.18488480213,3056.29876542197,41,OR,OREGON
91,5,41051,MULTNOMAH,1204.78097632545,1116.55889516748,41,OR,OREGON
91,7,53011,CLARK,1697.9932268102,1626.74300098967,53,WA,WASHINGTON
91,0,41009,COLUMBIA,1784.43762992606,1704.50826273571,41,OR,OREGON
91,1,41071,YAMHILL,1860.66098267677,1854.16922295436,41,OR,OREGON
91,51,41067,WASHINGTON,1881.9739338307,1875.84692389283,41,OR,OREGON
92,9,53053,PIERCE,4676.11428867243,4225.87797804373,53,WA,WASHINGTON
92,134,53033,KING,5976.27620892598,5473.81275660035,53,WA,WASHINGTON
92,15,53061,SNOHOMISH,5686.970990929869,5376.65252715044,53,WA,WASHINGTON
