ds_uid,co_empc,co_fips,co_name,co_km2,co_lkm2,st_fips,st_abbr,st_name,Re_median,population,report,total,RxPop
1,75,12099,PALM BEACH,6172.36619852766,5090.92601786633,12,FL,FLORIDA,1.04,1496770,4177,14054,1556640.8
1,39,12011,BROWARD,3426.07308384759,3116.01969815697,12,FL,FLORIDA,0.94,1952778,4466,12560,1835611.32
1,24,12086,MIAMI-DADE,6296.7199214905,4917.27730771902,12,FL,FLORIDA,0.89,2716940,9267,25573,2418076.6
2,3,12085,MARTIN,1950.59534351967,1401.79176937749,12,FL,FLORIDA,1.09,161000,489,1684,175490
2,75,12099,PALM BEACH,6172.36619852766,5090.92601786633,12,FL,FLORIDA,1.04,1496770,4177,14054,1556640.8
3,6,12127,VOLUSIA,3709.99431988029,2850.15901141719,12,FL,FLORIDA,1.06,553284,1312,4941,586481.04
3,9,12069,LAKE,2996.47516421937,2453.87806383478,12,FL,FLORIDA,1.04,367118,840,2765,381802.72
3,31,12117,SEMINOLE,894.424220205568,794.572876060947,12,FL,FLORIDA,1.07,471826,997,3579,504853.82
3,15,12095,ORANGE,2598.2841575349,2337.56625161779,12,FL,FLORIDA,1.05,1393452,3023,10042,1463124.6
3,2,12097,OSCEOLA,3900.61961689188,3432.36812695101,12,FL,FLORIDA,1.07,375751,996,3503,402053.57
4,9,12083,MARION,4306.27626373792,4110.32038612202,12,FL,FLORIDA,1.11,365579,912,3265,405792.69
4,9,12069,LAKE,2996.47516421937,2453.87806383478,12,FL,FLORIDA,1.04,367118,840,2765,381802.72
4,2,12017,CITRUS,2002.69105800572,1495.6821333635,12,FL,FLORIDA,1.1,149657,358,1431,164622.7
4,6,12119,SUMTER,1501.74130689923,1438.81297040469,12,FL,FLORIDA,1.06,132420,288,1016,140365.2
5,15,06071,SAN BERNARDINO,52071.994738706,51670.7374500804,06,CA,CALIFORNIA,0.87,2180085,2697,9205,1896673.95
5,7,06065,RIVERSIDE,18915.0966706574,18638.5336574268,06,CA,CALIFORNIA,0.87,2470546,2548,7950,2149375.02
5,181,06037,LOS ANGELES,12305.3492678773,10502.4237981177,06,CA,CALIFORNIA,0.89,10039107,18594,61496,8934805.23
5,143,06059,ORANGE,2455.29976965806,2051.24712796912,06,CA,CALIFORNIA,0.82,3175692,3774,9860,2604067.44
6,92,06073,SAN DIEGO,11721.3465296204,10898.1778928158,06,CA,CALIFORNIA,0.86,3338330,4915,14168,2870963.8
7,92,06073,SAN DIEGO,11721.3465296204,10898.1778928158,06,CA,CALIFORNIA,0.86,3338330,4915,14168,2870963.8
7,181,06037,LOS ANGELES,12305.3492678773,10502.4237981177,06,CA,CALIFORNIA,0.89,10039107,18594,61496,8934805.23
7,7,06065,RIVERSIDE,18915.0966706574,18638.5336574268,06,CA,CALIFORNIA,0.87,2470546,2548,7950,2149375.02
7,143,06059,ORANGE,2455.29976965806,2051.24712796912,06,CA,CALIFORNIA,0.82,3175692,3774,9860,2604067.44
7,15,06071,SAN BERNARDINO,52071.994738706,51670.7374500804,06,CA,CALIFORNIA,0.87,2180085,2697,9205,1896673.95
8,181,06037,LOS ANGELES,12305.3492678773,10502.4237981177,06,CA,CALIFORNIA,0.89,10039107,18594,61496,8934805.23
8,22,06111,VENTURA,5719.33619029149,4771.93507883694,06,CA,CALIFORNIA,0.91,846006,1012,3696,769865.46
8,143,06059,ORANGE,2455.29976965806,2051.24712796912,06,CA,CALIFORNIA,0.82,3175692,3774,9860,2604067.44
9,293,21037,CAMPBELL,412.896758552051,391.966335385954,21,KY,KENTUCKY,1.09,93584,245,957,102006.56
9,2861,21117,KENTON,425.527770160103,415.114948621648,21,KY,KENTUCKY,1.13,166998,731,2759,188707.74
9,13,21191,PENDLETON,730.164733997042,717.836455118984,21,KY,KENTUCKY,0.99,14590,20,69,14444.1
9,12,21081,GRANT,675.401211707807,668.162533073186,21,KY,KENTUCKY,0.99,25069,84,320,24818.31
9,2,39027,CLINTON,1067.83891826591,1058.48757346534,39,OH,OHIO,1.07,41968,69,316,44905.76
9,420,21015,BOONE,664.355026129267,637.873303458277,21,KY,KENTUCKY,0.99,133581,407,1433,132245.19
9,510,39061,HAMILTON,1068.72687719924,1051.39392490815,39,OH,OHIO,0.9,817473,1504,5096,735725.7
9,9,39057,GREENE,1078.0982972971,1071.28190505681,39,OH,OHIO,1,168937,335,1187,168937
9,192,39025,CLERMONT,1190.78938800236,1170.95820444504,39,OH,OHIO,1.16,206428,518,2282,239456.48
9,19,18029,DEARBORN,796.171781516181,790.147769617556,18,IN,INDIANA,1.13,49458,109,473,55887.54
9,4,21077,GALLATIN,271.218377960207,254.700894889168,21,KY,KENTUCKY,1.12,8869,25,98,9933.28
9,6,39015,BROWN,1278.03364110033,1269.13862183532,39,OH,OHIO,1.1,43432,158,653,47775.2
9,96,39165,WARREN,1054.91798920569,1039.23143193337,39,OH,OHIO,1.14,234602,506,2074,267446.28
9,0,39135,PREBLE,1104.80389055768,1098.73907537078,39,OH,OHIO,1.05,40882,66,276,42926.1
9,9,39113,MONTGOMERY,1202.83767954989,1195.25550171327,39,OH,OHIO,0.99,531687,1149,4037,526370.13
9,2,21023,BRACKEN,541.173880274863,525.033560512329,21,KY,KENTUCKY,1.22,8303,0,18,10129.66
9,60,39017,BUTLER,1217.36225521218,1208.54166598469,39,OH,OHIO,0.98,383134,797,2922,375471.32
10,9,39057,GREENE,1078.0982972971,1071.28190505681,39,OH,OHIO,1,168937,335,1187,168937
10,2,39027,CLINTON,1067.83891826591,1058.48757346534,39,OH,OHIO,1.07,41968,69,316,44905.76
10,0,39135,PREBLE,1104.80389055768,1098.73907537078,39,OH,OHIO,1.05,40882,66,276,42926.1
10,60,39017,BUTLER,1217.36225521218,1208.54166598469,39,OH,OHIO,0.98,383134,797,2922,375471.32
10,9,39113,MONTGOMERY,1202.83767954989,1195.25550171327,39,OH,OHIO,0.99,531687,1149,4037,526370.13
10,1,39109,MIAMI,1060.80754237515,1052.85415011995,39,OH,OHIO,1.13,106987,261,1037,120895.31
10,96,39165,WARREN,1054.91798920569,1039.23143193337,39,OH,OHIO,1.14,234602,506,2074,267446.28
10,1,39023,CLARK,1042.51870952704,1027.86657935194,39,OH,OHIO,1.07,134083,219,828,143468.81
11,162,08035,DOUGLAS,2183.03488511651,2175.92916817025,08,CO,COLORADO,1.02,351154,423,1541,358177.08
11,0,08119,TELLER,1447.67899510129,1442.58360851419,08,CO,COLORADO,0.96,25388,3,50,24372.48
11,38,08041,EL PASO,5515.6031604704,5506.68166628128,08,CO,COLORADO,0.9,720403,940,2976,648362.7
11,3,08039,ELBERT,4794.08679316621,4791.1104887107,08,CO,COLORADO,0.84,26729,1,52,22452.36
12,3,08039,ELBERT,4794.08679316621,4791.1104887107,08,CO,COLORADO,0.84,26729,1,52,22452.36
12,251,08031,DENVER,401.270102397689,397.02469925704,08,CO,COLORADO,0.94,727211,963,3050,683578.34
12,55,08001,ADAMS,3065.04006452016,3020.23204284363,08,CO,COLORADO,1.06,517421,779,2873,548466.26
12,519,08005,ARAPAHOE,2086.13217217857,2066.12135817243,08,CO,COLORADO,0.98,656590,797,2715,643458.2
12,13,08013,BOULDER,1917.80294828243,1880.61650738297,08,CO,COLORADO,0.89,326196,382,1295,290314.44
12,162,08035,DOUGLAS,2183.03488511651,2175.92916817025,08,CO,COLORADO,1.02,351154,423,1541,358177.08
12,9,08123,WELD,10403.3229817167,10307.9314456179,08,CO,COLORADO,1,324492,555,1951,324492
12,0,08047,GILPIN,389.17106770914,388.229011283032,08,CO,COLORADO,0.45,6243,0,3,2809.35
12,2,08069,LARIMER,6822.0332300117,6720.5683658542,08,CO,COLORADO,0.95,356899,645,2090,339054.05
12,64,08059,JEFFERSON,2004.82792486824,1979.5016000141,08,CO,COLORADO,1.04,582881,817,3043,606196.24
12,4,08014,BROOMFIELD,86.8901889996592,85.4787973057858,08,CO,COLORADO,0.9,70465,62,257,63418.5
12,1,08019,CLEAR CREEK,1026.83709147745,1023.5338813618,08,CO,COLORADO,0.69,9700,0,17,6693
13,70,06001,ALAMEDA,2126.52190855956,1909.19041762937,06,CA,CALIFORNIA,0.93,1671329,1991,7030,1554335.97
13,86,06075,SAN FRANCISCO,600.59443981088,121.375674903855,06,CA,CALIFORNIA,0.87,881549,1265,4051,766947.63
13,138,06085,SANTA CLARA,3377.48654720965,3343.73437936459,06,CA,CALIFORNIA,1.03,1927852,3233,12259,1985687.56
13,35,06081,SAN MATEO,1919.06910206364,1161.91355116462,06,CA,CALIFORNIA,1.06,766573,1321,5303,812567.38
13,31,06041,MARIN,2145.00008610843,1347.96816141941,06,CA,CALIFORNIA,0.96,258826,304,1064,248472.96
13,2,06087,SANTA CRUZ,1572.53836772742,1152.86499371774,06,CA,CALIFORNIA,0.92,273213,339,1100,251355.96
14,2,06055,NAPA,2042.41517857489,1938.11438785447,06,CA,CALIFORNIA,0.85,137744,168,519,117082.4
14,35,06081,SAN MATEO,1919.06910206364,1161.91355116462,06,CA,CALIFORNIA,1.06,766573,1321,5303,812567.38
14,6,06097,SONOMA,4578.94336016497,4081.49070599963,06,CA,CALIFORNIA,0.92,494336,434,1532,454789.12
14,70,06001,ALAMEDA,2126.52190855956,1909.19041762937,06,CA,CALIFORNIA,0.93,1671329,1991,7030,1554335.97
14,138,06085,SANTA CLARA,3377.48654720965,3343.73437936459,06,CA,CALIFORNIA,1.03,1927852,3233,12259,1985687.56
14,5,06095,SOLANO,2347.02790332287,2124.59722574103,06,CA,CALIFORNIA,0.97,447643,678,2508,434213.71
14,73,06013,CONTRA COSTA,2082.51562892914,1857.16631913109,06,CA,CALIFORNIA,0.96,1153526,1688,6082,1107384.96
14,43,06067,SACRAMENTO,2575.3854433297,2498.95428289449,06,CA,CALIFORNIA,0.97,1552058,1967,6961,1505496.26
14,31,06041,MARIN,2145.00008610843,1347.96816141941,06,CA,CALIFORNIA,0.96,258826,304,1064,248472.96
14,86,06075,SAN FRANCISCO,600.59443981088,121.375674903855,06,CA,CALIFORNIA,0.87,881549,1265,4051,766947.63
14,2,06077,SAN JOAQUIN,3695.23812328427,3605.55931319594,06,CA,CALIFORNIA,0.89,762148,794,2589,678311.72
15,8,24510,BALTIMORE CITY,238.409652008462,209.649157119095,24,MD,MARYLAND,0.93,593490,1371,4367,551945.7
15,30,11001,DISTRICT OF COLUMBIA,177.027564711158,158.340361365576,11,DC,DISTRICT OF COLUMBIA,0.89,705749,1251,4633,628116.61
15,0,24009,CALVERT,893.738159451296,552.162129860964,24,MD,MARYLAND,0.81,92525,86,325,74945.25
15,51,24031,MONTGOMERY,1312.8799206242,1277.05980687439,24,MD,MARYLAND,1.02,1050688,2890,10698,1071701.76
15,23,24003,ANNE ARUNDEL,1522.38679008489,1074.28714275543,24,MD,MARYLAND,0.91,579234,1023,3679,527102.94
15,22,24005,BALTIMORE,1765.70226107857,1549.73946607444,24,MD,MARYLAND,0.95,827370,1747,6151,786001.5
15,4,24033,PRINCE GEORGE'S,1291.98010028716,1250.06182471461,24,MD,MARYLAND,1.07,909327,2836,10539,972979.89
15,0,24035,QUEEN ANNE'S,1322.69398705518,962.655565978,24,MD,MARYLAND,1,50381,31,168,50381
15,9,24027,HOWARD,656.288278881882,649.943916064142,24,MD,MARYLAND,0.97,325690,744,2605,315919.3
16,1,24021,FREDERICK,1728.59637566102,1710.60467595941,24,MD,MARYLAND,0.94,259547,495,1689,243974.18
16,30,11001,DISTRICT OF COLUMBIA,177.027564711158,158.340361365576,11,DC,DISTRICT OF COLUMBIA,0.89,705749,1251,4633,628116.61
16,8,24510,BALTIMORE CITY,238.409652008462,209.649157119095,24,MD,MARYLAND,0.93,593490,1371,4367,551945.7
16,3,24013,CARROLL,1172.46543175113,1159.34508680471,24,MD,MARYLAND,0.78,168447,250,832,131388.66
16,22,24005,BALTIMORE,1765.70226107857,1549.73946607444,24,MD,MARYLAND,0.95,827370,1747,6151,786001.5
16,9,24027,HOWARD,656.288278881882,649.943916064142,24,MD,MARYLAND,0.97,325690,744,2605,315919.3
16,51,24031,MONTGOMERY,1312.8799206242,1277.05980687439,24,MD,MARYLAND,1.02,1050688,2890,10698,1071701.76
16,23,24003,ANNE ARUNDEL,1522.38679008489,1074.28714275543,24,MD,MARYLAND,0.91,579234,1023,3679,527102.94
16,4,24033,PRINCE GEORGE'S,1291.98010028716,1250.06182471461,24,MD,MARYLAND,1.07,909327,2836,10539,972979.89
17,9,24027,HOWARD,656.288278881882,649.943916064142,24,MD,MARYLAND,0.97,325690,744,2605,315919.3
17,23,24003,ANNE ARUNDEL,1522.38679008489,1074.28714275543,24,MD,MARYLAND,0.91,579234,1023,3679,527102.94
17,22,24005,BALTIMORE,1765.70226107857,1549.73946607444,24,MD,MARYLAND,0.95,827370,1747,6151,786001.5
17,3,24025,HARFORD,1364.04002917441,1132.12217444778,24,MD,MARYLAND,0.87,255441,449,1508,222233.67
17,0,42133,YORK,2358.82476698631,2341.88293227544,42,PA,PENNSYLVANIA,1.01,449058,1360,5003,453548.58
17,8,24510,BALTIMORE CITY,238.409652008462,209.649157119095,24,MD,MARYLAND,0.93,593490,1371,4367,551945.7
17,3,24013,CARROLL,1172.46543175113,1159.34508680471,24,MD,MARYLAND,0.78,168447,250,832,131388.66
18,30,11001,DISTRICT OF COLUMBIA,177.027564711158,158.340361365576,11,DC,DISTRICT OF COLUMBIA,0.89,705749,1251,4633,628116.61
18,3,51153,PRINCE WILLIAM,900.451193824663,869.562699879372,51,VA,VIRGINIA,1.01,470335,1635,5771,475038.35
18,1,54037,JEFFERSON,548.223243953207,542.073078363127,54,WV,WEST VIRGINIA,0.93,57146,96,320,53145.78
18,11,51510,ALEXANDRIA CITY,39.749576371874,38.6766869183084,51,VA,VIRGINIA,1.04,159428,413,1451,165805.12
18,51,24031,MONTGOMERY,1312.8799206242,1277.05980687439,24,MD,MARYLAND,1.02,1050688,2890,10698,1071701.76
18,58,51059,FAIRFAX,1052.81123003195,1012.684305321,51,VA,VIRGINIA,1.01,1147532,3110,11367,1159007.32
18,4,24033,PRINCE GEORGE'S,1291.98010028716,1250.06182471461,24,MD,MARYLAND,1.07,909327,2836,10539,972979.89
18,0,24009,CALVERT,893.738159451296,552.162129860964,24,MD,MARYLAND,0.81,92525,86,325,74945.25
18,1,24021,FREDERICK,1728.59637566102,1710.60467595941,24,MD,MARYLAND,0.94,259547,495,1689,243974.18
18,0,51685,MANASSAS PARK CITY,6.53933653669049,6.53872024660303,51,VA,VIRGINIA,0.73,17478,27,97,12758.94
18,9,24027,HOWARD,656.288278881882,649.943916064142,24,MD,MARYLAND,0.97,325690,744,2605,315919.3
18,0,51061,FAUQUIER,1687.9616269451,1678.29164047737,51,VA,VIRGINIA,0.76,71222,134,417,54128.72
18,0,24043,WASHINGTON,1210.41324855521,1185.61168910461,24,MD,MARYLAND,0.93,151049,203,791,140475.57
18,0,51043,CLARKE,461.354760507741,455.664155584113,51,VA,VIRGINIA,0.83,14619,11,48,12133.77
18,0,51683,MANASSAS CITY,25.6557492065697,25.510886214814,51,VA,VIRGINIA,0.67,41085,104,269,27526.95
18,28,51013,ARLINGTON,67.6065541805793,67.3329928013275,51,VA,VIRGINIA,1.06,236842,661,2382,251052.52
18,3,51610,FALLS CHURCH CITY,5.30029480645438,5.30026326326033,51,VA,VIRGINIA,0.89,14617,22,115,13009.13
18,23,51107,LOUDOUN,1350.24962243607,1335.82829124213,51,VA,VIRGINIA,0.86,413538,897,2917,355642.68
18,1,24017,CHARLES,1665.20744006281,1185.68342296976,24,MD,MARYLAND,0.96,163257,336,1478,156726.72
18,23,24003,ANNE ARUNDEL,1522.38679008489,1074.28714275543,24,MD,MARYLAND,0.91,579234,1023,3679,527102.94
18,1,51600,FAIRFAX CITY,16.2468812132419,16.162726892576,51,VA,VIRGINIA,0.65,24019,39,144,15612.35
19,9,26093,LIVINGSTON,1516.19440146169,1463.9582131355,26,MI,MICHIGAN,0.95,191995,219,360,182395.25
19,12,26049,GENESEE,1682.42265493704,1649.65642400694,26,MI,MICHIGAN,1,405813,568,2108,405813
19,0,26155,SHIAWASSEE,1401.0315459937,1375.15402744604,26,MI,MICHIGAN,0.93,68122,113,386,63353.46
19,0,26087,LAPEER,1716.7585749294,1669.45936737397,26,MI,MICHIGAN,0.93,87607,100,362,81474.51
19,0,26145,SAGINAW,2113.34142477377,2073.10232085817,26,MI,MICHIGAN,1.01,190539,265,1002,192444.39
19,0,26157,TUSCOLA,2367.00129456651,2083.56098091283,26,MI,MICHIGAN,1.26,52245,56,300,65828.7
19,83,26125,OAKLAND,2349.73294879545,2246.56646475986,26,MI,MICHIGAN,0.92,1257584,2029,6316,1156977.28
20,9,26093,LIVINGSTON,1516.19440146169,1463.9582131355,26,MI,MICHIGAN,0.95,191995,219,360,182395.25
20,0,26087,LAPEER,1716.7585749294,1669.45936737397,26,MI,MICHIGAN,0.93,87607,100,362,81474.51
20,25,26161,WASHTENAW,1871.06307130961,1828.46080797347,26,MI,MICHIGAN,0.89,367601,353,485,327164.89
20,6,26099,MACOMB,1478.68134402854,1240.97509085262,26,MI,MICHIGAN,0.93,873972,1630,5425,812793.96
20,0,26115,MONROE,1761.03454668363,1422.76048171965,26,MI,MICHIGAN,1.05,150500,196,732,158025
20,83,26125,OAKLAND,2349.73294879545,2246.56646475986,26,MI,MICHIGAN,0.92,1257584,2029,6316,1156977.28
20,15,26163,WAYNE,1742.40577540891,1584.81374688644,26,MI,MICHIGAN,0.93,1749343,3464,10857,1626888.99
21,25,26161,WASHTENAW,1871.06307130961,1828.46080797347,26,MI,MICHIGAN,0.89,367601,353,485,327164.89
21,0,26115,MONROE,1761.03454668363,1422.76048171965,26,MI,MICHIGAN,1.05,150500,196,732,158025
21,0,26091,LENAWEE,1972.02374873661,1941.33211657809,26,MI,MICHIGAN,1.06,98451,106,325,104358.06
21,83,26125,OAKLAND,2349.73294879545,2246.56646475986,26,MI,MICHIGAN,0.92,1257584,2029,6316,1156977.28
21,9,26093,LIVINGSTON,1516.19440146169,1463.9582131355,26,MI,MICHIGAN,0.95,191995,219,360,182395.25
21,15,26163,WAYNE,1742.40577540891,1584.81374688644,26,MI,MICHIGAN,0.93,1749343,3464,10857,1626888.99
21,0,26075,JACKSON,1873.83828058397,1817.86188232281,26,MI,MICHIGAN,1.15,158510,160,523,182286.5
22,32,42017,BUCKS,1610.59768056156,1565.35740425384,42,PA,PENNSYLVANIA,1.04,628270,1573,6204,653400.8
22,42,42091,MONTGOMERY,1261.87198656736,1250.85522876703,42,PA,PENNSYLVANIA,1.07,830915,1969,7993,889079.05
22,0,42089,MONROE,1598.25243655955,1575.3752349818,42,PA,PENNSYLVANIA,1.06,170271,474,1880,180487.26
22,3,34041,WARREN,939.258939708743,923.412464421934,34,NJ,NEW JERSEY,0.82,105267,246,804,86318.94
22,3,42095,NORTHAMPTON,976.804110530368,957.373567011982,42,PA,PENNSYLVANIA,0.98,305285,765,2671,299179.3
22,9,34019,HUNTERDON,1132.84787261121,1108.06524142886,34,NJ,NEW JERSEY,0.82,124371,275,872,101984.22
22,1,42011,BERKS,2242.29241203689,2217.98804709571,42,PA,PENNSYLVANIA,1.05,421164,1201,4446,442222.2
22,1,42025,CARBON,1003.32758387782,987.935868855894,42,PA,PENNSYLVANIA,1.02,64182,112,461,65465.64
22,13,42077,LEHIGH,901.881958268276,894.071953282269,42,PA,PENNSYLVANIA,0.98,369318,791,2766,361931.64
23,42,42091,MONTGOMERY,1261.87198656736,1250.85522876703,42,PA,PENNSYLVANIA,1.07,830915,1969,7993,889079.05
23,93,36085,RICHMOND,264.925592734166,148.972637772888,36,NY,NEW YORK,0.94,476143,2829,9717,447574.42
23,3,34041,WARREN,939.258939708743,923.412464421934,34,NJ,NEW JERSEY,0.82,105267,246,804,86318.94
23,45,34039,UNION,273.21698369436,266.160372176229,34,NJ,NEW JERSEY,0.84,556341,1829,5425,467326.44
23,10,34029,OCEAN,2369.41928826845,1627.44992323547,34,NJ,NEW JERSEY,0.86,607186,2275,7095,522179.96
23,54,34027,MORRIS,1247.14208682068,1192.85523829081,34,NJ,NEW JERSEY,0.82,491845,1421,4308,403312.9
23,53,34035,SOMERSET,789.825499641394,781.816436212428,34,NJ,NEW JERSEY,0.86,328934,950,2933,282883.24
23,61,34013,ESSEX,335.195622720834,326.557452839423,34,NJ,NEW JERSEY,0.89,798975,2858,8813,711087.75
23,23,34005,BURLINGTON,2124.27121816782,2070.23666580223,34,NJ,NEW JERSEY,0.88,445349,1601,4952,391907.12
23,9,34019,HUNTERDON,1132.84787261121,1108.06524142886,34,NJ,NEW JERSEY,0.82,124371,275,872,101984.22
23,32,42017,BUCKS,1610.59768056156,1565.35740425384,42,PA,PENNSYLVANIA,1.04,628270,1573,6204,653400.8
23,14,34021,MERCER,592.732586942707,581.281441061755,34,NJ,NEW JERSEY,0.86,367430,1293,3775,315989.8
23,21,42101,PHILADELPHIA,369.587893052546,347.661356979035,42,PA,PENNSYLVANIA,1.04,1584064,4806,17948,1647426.56
23,56,34023,MIDDLESEX,836.330220952081,800.871186214747,34,NJ,NEW JERSEY,0.89,825062,2773,8828,734305.18
23,95,34025,MONMOUTH,1723.56991171352,1210.57438856185,34,NJ,NEW JERSEY,0.85,618795,2247,6793,525975.75
24,42,42091,MONTGOMERY,1261.87198656736,1250.85522876703,42,PA,PENNSYLVANIA,1.07,830915,1969,7993,889079.05
24,2,34001,ATLANTIC,1740.04588562163,1438.7221238596,34,NJ,NEW JERSEY,0.86,263670,1074,3287,226756.2
24,23,34005,BURLINGTON,2124.27121816782,2070.23666580223,34,NJ,NEW JERSEY,0.88,445349,1601,4952,391907.12
24,0,34011,CUMBERLAND,1755.62084621334,1251.89847172908,34,NJ,NEW JERSEY,0.89,149527,1007,3032,133079.03
24,1,42011,BERKS,2242.29241203689,2217.98804709571,42,PA,PENNSYLVANIA,1.05,421164,1201,4446,442222.2
24,15,10003,NEW CASTLE,1279.52619112865,1104.14583557121,10,DE,DELAWARE,0.86,558753,956,3132,480527.58
24,1,24015,CECIL,1082.19414557091,896.857470578496,24,MD,MARYLAND,0.86,102855,156,532,88455.3
24,32,42017,BUCKS,1610.59768056156,1565.35740425384,42,PA,PENNSYLVANIA,1.04,628270,1573,6204,653400.8
24,9,34019,HUNTERDON,1132.84787261121,1108.06524142886,34,NJ,NEW JERSEY,0.82,124371,275,872,101984.22
24,11,34007,CAMDEN,589.014471325643,573.295209127962,34,NJ,NEW JERSEY,0.99,506471,2010,6691,501406.29
24,10,42045,DELAWARE,493.660560815075,476.088133599601,42,PA,PENNSYLVANIA,1.11,566747,1467,6029,629089.17
24,0,34033,SALEM,964.904892049841,857.251533964671,34,NJ,NEW JERSEY,0.87,62385,244,776,54274.95
24,14,34021,MERCER,592.732586942707,581.281441061755,34,NJ,NEW JERSEY,0.86,367430,1293,3775,315989.8
24,21,42101,PHILADELPHIA,369.587893052546,347.661356979035,42,PA,PENNSYLVANIA,1.04,1584064,4806,17948,1647426.56
24,27,42029,CHESTER,1966.40842627187,1943.8489598821,42,PA,PENNSYLVANIA,1,524989,1065,4045,524989
24,2,34015,GLOUCESTER,872.236756855554,833.904565219916,34,NJ,NEW JERSEY,0.89,291636,904,3024,259556.04
25,120,36059,NASSAU,1174.47137015574,737.0851330353,36,NY,NEW YORK,0.82,1356924,3630,11258,1112677.68
25,6,09007,MIDDLESEX,1137.17350098804,956.493770974814,09,CT,CONNECTICUT,0.91,162436,268,988,147816.76
25,24,09009,NEW HAVEN,2232.77084243809,1565.68839760142,09,CT,CONNECTICUT,0.94,854757,2156,7114,803471.58
25,390,34017,HUDSON,161.599515067529,119.632142399333,34,NJ,NEW JERSEY,0.88,672391,2133,6794,591704.08
25,80,36081,QUEENS,461.102236275149,281.734477030258,36,NY,NEW YORK,0.85,2253858,9349,29993,1915779.3
25,76,36005,BRONX,148.597480132342,108.908925503121,36,NY,NEW YORK,0.97,1418207,7663,26666,1375660.79
25,50,09003,HARTFORD,1944.08764421965,1903.53289442919,09,CT,CONNECTICUT,1.08,891720,1937,7418,963057.6
25,91,09001,FAIRFIELD,2167.94634357937,1618.65141571469,09,CT,CONNECTICUT,1.02,943332,2319,8508,962198.64
25,30,34031,PASSAIC,513.824696962136,481.767099154528,34,NJ,NEW JERSEY,0.9,501826,2135,6483,451643.4
25,8,36087,ROCKLAND,516.059736994391,449.195485339419,36,NY,NEW YORK,0.84,325789,854,2596,273662.76
25,62,36119,WESTCHESTER,1294.97971627256,1115.16594253138,36,NY,NEW YORK,0.87,967506,2884,9396,841730.22
25,118,36061,NEW YORK,87.2322251741253,58.6797652277712,36,NY,NEW YORK,0.82,1628706,5450,16680,1335538.92
25,118,34003,BERGEN,638.265974535665,602.910876849723,34,NJ,NEW JERSEY,0.87,932202,3472,11028,811015.74
25,10,36071,ORANGE,2171.99411079563,2103.90338166299,36,NY,NEW YORK,0.34,384940,81,458,130879.6
25,87,36047,KINGS,250.770960493036,179.671335216681,36,NY,NEW YORK,0.94,2559903,11960,40499,2406308.82
25,2,36079,PUTNAM,637.786644717671,596.525733335061,36,NY,NEW YORK,0.8,98320,279,813,78656
25,2,09005,LITCHFIELD,2446.45150342078,2384.11697806605,09,CT,CONNECTICUT,0.92,180333,395,1331,165906.36
26,56,34023,MIDDLESEX,836.330220952081,800.871186214747,34,NJ,NEW JERSEY,0.89,825062,2773,8828,734305.18
26,61,34013,ESSEX,335.195622720834,326.557452839423,34,NJ,NEW JERSEY,0.89,798975,2858,8813,711087.75
26,118,36061,NEW YORK,87.2322251741253,58.6797652277712,36,NY,NEW YORK,0.82,1628706,5450,16680,1335538.92
26,62,36119,WESTCHESTER,1294.97971627256,1115.16594253138,36,NY,NEW YORK,0.87,967506,2884,9396,841730.22
26,93,36085,RICHMOND,264.925592734166,148.972637772888,36,NY,NEW YORK,0.94,476143,2829,9717,447574.42
26,120,36059,NASSAU,1174.47137015574,737.0851330353,36,NY,NEW YORK,0.82,1356924,3630,11258,1112677.68
26,87,36047,KINGS,250.770960493036,179.671335216681,36,NY,NEW YORK,0.94,2559903,11960,40499,2406308.82
26,118,34003,BERGEN,638.265974535665,602.910876849723,34,NJ,NEW JERSEY,0.87,932202,3472,11028,811015.74
26,390,34017,HUDSON,161.599515067529,119.632142399333,34,NJ,NEW JERSEY,0.88,672391,2133,6794,591704.08
26,8,36087,ROCKLAND,516.059736994391,449.195485339419,36,NY,NEW YORK,0.84,325789,854,2596,273662.76
26,54,34027,MORRIS,1247.14208682068,1192.85523829081,34,NJ,NEW JERSEY,0.82,491845,1421,4308,403312.9
26,80,36081,QUEENS,461.102236275149,281.734477030258,36,NY,NEW YORK,0.85,2253858,9349,29993,1915779.3
26,45,34039,UNION,273.21698369436,266.160372176229,34,NJ,NEW JERSEY,0.84,556341,1829,5425,467326.44
26,30,34031,PASSAIC,513.824696962136,481.767099154528,34,NJ,NEW JERSEY,0.9,501826,2135,6483,451643.4
26,91,09001,FAIRFIELD,2167.94634357937,1618.65141571469,09,CT,CONNECTICUT,1.02,943332,2319,8508,962198.64
26,53,34035,SOMERSET,789.825499641394,781.816436212428,34,NJ,NEW JERSEY,0.86,328934,950,2933,282883.24
26,76,36005,BRONX,148.597480132342,108.908925503121,36,NY,NEW YORK,0.97,1418207,7663,26666,1375660.79
27,118,34003,BERGEN,638.265974535665,602.910876849723,34,NJ,NEW JERSEY,0.87,932202,3472,11028,811015.74
27,45,34039,UNION,273.21698369436,266.160372176229,34,NJ,NEW JERSEY,0.84,556341,1829,5425,467326.44
27,30,34031,PASSAIC,513.824696962136,481.767099154528,34,NJ,NEW JERSEY,0.9,501826,2135,6483,451643.4
27,2,34037,SUSSEX,1386.78800744466,1343.48003672554,34,NJ,NEW JERSEY,0.78,140488,347,964,109580.64
27,8,36087,ROCKLAND,516.059736994391,449.195485339419,36,NY,NEW YORK,0.84,325789,854,2596,273662.76
27,95,34025,MONMOUTH,1723.56991171352,1210.57438856185,34,NJ,NEW JERSEY,0.85,618795,2247,6793,525975.75
27,62,36119,WESTCHESTER,1294.97971627256,1115.16594253138,36,NY,NEW YORK,0.87,967506,2884,9396,841730.22
27,93,36085,RICHMOND,264.925592734166,148.972637772888,36,NY,NEW YORK,0.94,476143,2829,9717,447574.42
27,3,34041,WARREN,939.258939708743,923.412464421934,34,NJ,NEW JERSEY,0.82,105267,246,804,86318.94
27,76,36005,BRONX,148.597480132342,108.908925503121,36,NY,NEW YORK,0.97,1418207,7663,26666,1375660.79
27,53,34035,SOMERSET,789.825499641394,781.816436212428,34,NJ,NEW JERSEY,0.86,328934,950,2933,282883.24
27,54,34027,MORRIS,1247.14208682068,1192.85523829081,34,NJ,NEW JERSEY,0.82,491845,1421,4308,403312.9
27,9,34019,HUNTERDON,1132.84787261121,1108.06524142886,34,NJ,NEW JERSEY,0.82,124371,275,872,101984.22
27,10,36071,ORANGE,2171.99411079563,2103.90338166299,36,NY,NEW YORK,0.34,384940,81,458,130879.6
27,80,36081,QUEENS,461.102236275149,281.734477030258,36,NY,NEW YORK,0.85,2253858,9349,29993,1915779.3
27,87,36047,KINGS,250.770960493036,179.671335216681,36,NY,NEW YORK,0.94,2559903,11960,40499,2406308.82
27,61,34013,ESSEX,335.195622720834,326.557452839423,34,NJ,NEW JERSEY,0.89,798975,2858,8813,711087.75
27,118,36061,NEW YORK,87.2322251741253,58.6797652277712,36,NY,NEW YORK,0.82,1628706,5450,16680,1335538.92
27,56,34023,MIDDLESEX,836.330220952081,800.871186214747,34,NJ,NEW JERSEY,0.89,825062,2773,8828,734305.18
27,390,34017,HUDSON,161.599515067529,119.632142399333,34,NJ,NEW JERSEY,0.88,672391,2133,6794,591704.08
28,76,36005,BRONX,148.597480132342,108.908925503121,36,NY,NEW YORK,0.97,1418207,7663,26666,1375660.79
28,51,36103,SUFFOLK,6146.4482679065,2358.82795577087,36,NY,NEW YORK,0.77,1476601,3134,8951,1136982.77
28,87,36047,KINGS,250.770960493036,179.671335216681,36,NY,NEW YORK,0.94,2559903,11960,40499,2406308.82
28,120,36059,NASSAU,1174.47137015574,737.0851330353,36,NY,NEW YORK,0.82,1356924,3630,11258,1112677.68
28,62,36119,WESTCHESTER,1294.97971627256,1115.16594253138,36,NY,NEW YORK,0.87,967506,2884,9396,841730.22
28,80,36081,QUEENS,461.102236275149,281.734477030258,36,NY,NEW YORK,0.85,2253858,9349,29993,1915779.3
28,390,34017,HUDSON,161.599515067529,119.632142399333,34,NJ,NEW JERSEY,0.88,672391,2133,6794,591704.08
28,118,34003,BERGEN,638.265974535665,602.910876849723,34,NJ,NEW JERSEY,0.87,932202,3472,11028,811015.74
28,118,36061,NEW YORK,87.2322251741253,58.6797652277712,36,NY,NEW YORK,0.82,1628706,5450,16680,1335538.92
29,24,09009,NEW HAVEN,2232.77084243809,1565.68839760142,09,CT,CONNECTICUT,0.94,854757,2156,7114,803471.58
29,6,09007,MIDDLESEX,1137.17350098804,956.493770974814,09,CT,CONNECTICUT,0.91,162436,268,988,147816.76
29,13,09011,NEW LONDON,1999.37521849567,1722.71669360025,09,CT,CONNECTICUT,1.01,265206,663,2419,267858.06
29,2,09005,LITCHFIELD,2446.45150342078,2384.11697806605,09,CT,CONNECTICUT,0.92,180333,395,1331,165906.36
29,12,25013,HAMPDEN,1642.41377094328,1597.99668894847,25,MA,MASSACHUSETTS,1.06,466372,1658,6086,494354.32
29,7,09013,TOLLAND,1080.35718273292,1062.80748955099,09,CT,CONNECTICUT,0.9,150721,238,955,135648.9
29,50,09003,HARTFORD,1944.08764421965,1903.53289442919,09,CT,CONNECTICUT,1.08,891720,1937,7418,963057.6
30,1390,25017,MIDDLESEX,2193.5624857613,2118.19702278288,25,MA,MASSACHUSETTS,1.06,1611699,3228,12165,1708400.94
30,530,25027,WORCESTER,4090.0131395536,3912.56410001412,25,MA,MASSACHUSETTS,1.04,830622,1668,6112,863846.88
30,800,25021,NORFOLK,1150.8750974608,1025.88676632222,25,MA,MASSACHUSETTS,1.16,706775,1481,6172,819859
30,1966,44007,PROVIDENCE,1128.42271815033,1060.56373746546,44,RI,RHODE ISLAND,1.16,638931,3109,11654,741159.96
30,35,09015,WINDHAM,1349.95647949245,1328.4785524161,09,CT,CONNECTICUT,1.04,116782,225,982,121453.28
31,1966,44007,PROVIDENCE,1128.42271815033,1060.56373746546,44,RI,RHODE ISLAND,1.16,638931,3109,11654,741159.96
31,305,25023,PLYMOUTH,2831.6179513841,1705.80789198011,25,MA,MASSACHUSETTS,1.05,521202,1165,4257,547262.1
31,130,44003,KENT,487.274881472528,436.559716853611,44,RI,RHODE ISLAND,1.01,164292,659,2636,165934.92
31,24,44005,NEWPORT,812.332859850605,265.311877394865,44,RI,RHODE ISLAND,0.89,82082,148,552,73052.98
31,41,44001,BRISTOL,115.859958737796,62.5137112903429,44,RI,RHODE ISLAND,1.04,48479,177,690,50418.16
31,246,25005,BRISTOL,1790.01321470789,1432.05439493945,25,MA,MASSACHUSETTS,1.03,565217,1465,5452,582173.51
31,1390,25017,MIDDLESEX,2193.5624857613,2118.19702278288,25,MA,MASSACHUSETTS,1.06,1611699,3228,12165,1708400.94
31,35,09015,WINDHAM,1349.95647949245,1328.4785524161,09,CT,CONNECTICUT,1.04,116782,225,982,121453.28
31,530,25027,WORCESTER,4090.0131395536,3912.56410001412,25,MA,MASSACHUSETTS,1.04,830622,1668,6112,863846.88
31,79,44009,WASHINGTON,1457.60128226336,852.796889496017,44,RI,RHODE ISLAND,0.94,125577,301,1122,118042.38
31,800,25021,NORFOLK,1150.8750974608,1025.88676632222,25,MA,MASSACHUSETTS,1.16,706775,1481,6172,819859
32,454,33015,ROCKINGHAM,2059.68216433643,1801.04269950479,33,NH,NEW HAMPSHIRE,1.07,309769,526,2142,331452.83
32,348,25009,ESSEX,2145.79223705003,1271.72628888747,25,MA,MASSACHUSETTS,1.08,789034,1639,6789,852156.72
32,26,23031,YORK,3288.53756014976,2566.81381380151,23,ME,MAINE,0.83,207641,330,1003,172342.03
32,28,33017,STRAFFORD,990.900532053688,951.960073177267,33,NH,NEW HAMPSHIRE,1.02,130633,197,758,133245.66
32,800,25021,NORFOLK,1150.8750974608,1025.88676632222,25,MA,MASSACHUSETTS,1.16,706775,1481,6172,819859
32,1390,25017,MIDDLESEX,2193.5624857613,2118.19702278288,25,MA,MASSACHUSETTS,1.06,1611699,3228,12165,1708400.94
32,3487,25025,SUFFOLK,311.366668453672,150.813341219716,25,MA,MASSACHUSETTS,0.96,803907,1451,4973,771750.72
32,4489,33011,HILLSBOROUGH,2311.51187855564,2270.23212315457,33,NH,NEW HAMPSHIRE,1.07,417025,854,3241,446216.75
33,530,25027,WORCESTER,4090.0131395536,3912.56410001412,25,MA,MASSACHUSETTS,1.04,830622,1668,6112,863846.88
33,1966,44007,PROVIDENCE,1128.42271815033,1060.56373746546,44,RI,RHODE ISLAND,1.16,638931,3109,11654,741159.96
33,3487,25025,SUFFOLK,311.366668453672,150.813341219716,25,MA,MASSACHUSETTS,0.96,803907,1451,4973,771750.72
33,800,25021,NORFOLK,1150.8750974608,1025.88676632222,25,MA,MASSACHUSETTS,1.16,706775,1481,6172,819859
33,36,25001,BARNSTABLE,3381.32101752992,1021.04839901178,25,MA,MASSACHUSETTS,1.06,212990,734,2764,225769.4
33,454,33015,ROCKINGHAM,2059.68216433643,1801.04269950479,33,NH,NEW HAMPSHIRE,1.07,309769,526,2142,331452.83
33,4489,33011,HILLSBOROUGH,2311.51187855564,2270.23212315457,33,NH,NEW HAMPSHIRE,1.07,417025,854,3241,446216.75
33,348,25009,ESSEX,2145.79223705003,1271.72628888747,25,MA,MASSACHUSETTS,1.08,789034,1639,6789,852156.72
33,246,25005,BRISTOL,1790.01321470789,1432.05439493945,25,MA,MASSACHUSETTS,1.03,565217,1465,5452,582173.51
33,1390,25017,MIDDLESEX,2193.5624857613,2118.19702278288,25,MA,MASSACHUSETTS,1.06,1611699,3228,12165,1708400.94
33,305,25023,PLYMOUTH,2831.6179513841,1705.80789198011,25,MA,MASSACHUSETTS,1.05,521202,1165,4257,547262.1
34,454,33015,ROCKINGHAM,2059.68216433643,1801.04269950479,33,NH,NEW HAMPSHIRE,1.07,309769,526,2142,331452.83
34,530,25027,WORCESTER,4090.0131395536,3912.56410001412,25,MA,MASSACHUSETTS,1.04,830622,1668,6112,863846.88
34,4489,33011,HILLSBOROUGH,2311.51187855564,2270.23212315457,33,NH,NEW HAMPSHIRE,1.07,417025,854,3241,446216.75
34,13,33009,GRAFTON,4531.71418081678,4425.24955564535,33,NH,NEW HAMPSHIRE,1.17,89886,170,758,105166.62
34,274,33013,MERRIMACK,2473.37596920425,2416.13588136841,33,NH,NEW HAMPSHIRE,1.1,151391,271,1004,166530.1
34,1390,25017,MIDDLESEX,2193.5624857613,2118.19702278288,25,MA,MASSACHUSETTS,1.06,1611699,3228,12165,1708400.94
34,348,25009,ESSEX,2145.79223705003,1271.72628888747,25,MA,MASSACHUSETTS,1.08,789034,1639,6789,852156.72
34,21,33001,BELKNAP,1217.32095251864,1040.77149742673,33,NH,NEW HAMPSHIRE,1.2,61303,127,471,73563.6
35,23,34005,BURLINGTON,2124.27121816782,2070.23666580223,34,NJ,NEW JERSEY,0.88,445349,1601,4952,391907.12
35,10,34029,OCEAN,2369.41928826845,1627.44992323547,34,NJ,NEW JERSEY,0.86,607186,2275,7095,522179.96
35,14,34021,MERCER,592.732586942707,581.281441061755,34,NJ,NEW JERSEY,0.86,367430,1293,3775,315989.8
35,53,34035,SOMERSET,789.825499641394,781.816436212428,34,NJ,NEW JERSEY,0.86,328934,950,2933,282883.24
35,56,34023,MIDDLESEX,836.330220952081,800.871186214747,34,NJ,NEW JERSEY,0.89,825062,2773,8828,734305.18
35,95,34025,MONMOUTH,1723.56991171352,1210.57438856185,34,NJ,NEW JERSEY,0.85,618795,2247,6793,525975.75
35,45,34039,UNION,273.21698369436,266.160372176229,34,NJ,NEW JERSEY,0.84,556341,1829,5425,467326.44
35,93,36085,RICHMOND,264.925592734166,148.972637772888,36,NY,NEW YORK,0.94,476143,2829,9717,447574.42
36,10,12071,LEE,3140.03012046942,2025.34569749535,12,FL,FLORIDA,1.08,770577,1741,5845,832223.16
36,45,12021,COLLIER,5969.87104559818,5170.01814397907,12,FL,FLORIDA,1.08,384902,1124,4241,415694.16
37,17,12081,MANATEE,2312.21701242499,1924.71096614581,12,FL,FLORIDA,1.1,403253,912,3237,443578.3
37,17,12115,SARASOTA,1878.47449663188,1442.24093481252,12,FL,FLORIDA,1.23,433742,633,1061,533502.66
37,35,12057,HILLSBOROUGH,3278.22948712088,2646.56943928595,12,FL,FLORIDA,1.08,1471968,3999,14794,1589725.44
38,17,12061,INDIAN RIVER,1597.78255083337,1299.31481769223,12,FL,FLORIDA,1.05,159923,348,1228,167919.15
38,6,12009,BREVARD,4032.65988209049,2612.98435254107,12,FL,FLORIDA,1.09,601942,1622,6356,656116.78
38,4,12111,ST. LUCIE,1781.49998913151,1479.40877959714,12,FL,FLORIDA,1.1,328297,876,3270,361126.7
39,6,12101,PASCO,2249.2741703776,1909.40950725998,12,FL,FLORIDA,1.07,553947,1343,5076,592723.29
39,25,12103,PINELLAS,1575.04689117622,709.003703987869,12,FL,FLORIDA,1.08,974996,2470,9280,1052995.68
39,35,12057,HILLSBOROUGH,3278.22948712088,2646.56943928595,12,FL,FLORIDA,1.08,1471968,3999,14794,1589725.44
40,1,48259,KENDALL,1717.24462580426,1715.70388281947,48,TX,TEXAS,0.81,47431,28,114,38419.11
40,20,48029,BEXAR,3253.2204439085,3212.1292291165,48,TX,TEXAS,0.93,2003554,3313,10236,1863305.22
40,0,48187,GUADALUPE,1851.29875709594,1842.11858069754,48,TX,TEXAS,0.9,166847,178,612,150162.3
40,3,48325,MEDINA,3456.42623930325,3432.59762021332,48,TX,TEXAS,0.15,51584,1,32,7737.6
40,9,48091,COMAL,1488.92789380115,1449.12995881368,48,TX,TEXAS,1.01,156209,244,787,157771.09
40,0,48019,BANDERA,2065.95531928467,2048.56046660282,48,TX,TEXAS,1.02,23112,8,42,23574.24
41,0,48071,CHAMBERS,2256.36368799272,1541.44485466479,48,TX,TEXAS,0.83,43837,122,424,36384.71
41,93,48201,HARRIS,4603.59643177913,4416.45499115483,48,TX,TEXAS,0.94,4713325,9219,30955,4430525.5
41,6,48167,GALVESTON,2263.13453405648,981.310870420095,48,TX,TEXAS,1.11,342139,876,3393,379774.29
41,0,48471,WALKER,2075.87212797233,2031.1249513599,48,TX,TEXAS,1.14,72971,194,817,83186.94
41,4,48473,WALLER,1341.15815183516,1329.43585095582,48,TX,TEXAS,1.04,55246,65,334,57455.84
41,0,48015,AUSTIN,1700.01213657354,1674.30498484896,48,TX,TEXAS,0.98,30032,21,113,29431.36
41,0,48407,SAN JACINTO,1626.28165793977,1474.31986766654,48,TX,TEXAS,1,28859,21,115,28859
41,0,48481,WHARTON,2834.40534322482,2810.88203957342,48,TX,TEXAS,0.99,41556,46,171,41140.44
41,5,48039,BRAZORIA,4166.29586692029,3527.34897094398,48,TX,TEXAS,1.03,374264,779,3490,385491.92
41,69,48339,MONTGOMERY,2789.13495593534,2700.34824995588,48,TX,TEXAS,1.1,607391,1393,5744,668130.1
41,63,48157,FORT BEND,2293.01867549907,2231.39594000458,48,TX,TEXAS,1.07,811688,1855,7315,868506.16
42,19,48209,HAYS,1761.01664440744,1755.9075228952,48,TX,TEXAS,0.94,230191,505,1450,216379.54
42,26,48491,WILLIAMSON,2938.10983527303,2896.47257312333,48,TX,TEXAS,0.94,590551,1243,3707,555117.94
42,0,48055,CALDWELL,1417.12392966036,1412.07449460679,48,TX,TEXAS,0.99,43664,75,263,43227.36
42,15,48021,BASTROP,2319.44972281289,2300.18877975872,48,TX,TEXAS,1.11,88723,174,616,98482.53
42,17,48453,TRAVIS,2649.66555838013,2568.86545394368,48,TX,TEXAS,0.94,1273954,1812,5104,1197516.76
43,208,12109,ST. JOHNS,2127.76074231084,1555.82723980406,12,FL,FLORIDA,1.09,264672,684,2495,288492.48
43,21,12089,NASSAU,1880.12667748289,1680.0242337199,12,FL,FLORIDA,1.16,88625,267,1167,102805
43,36,12019,CLAY,1666.77830308589,1566.37535583271,12,FL,FLORIDA,1.14,219252,765,3034,249947.28
43,1030,12031,DUVAL,2378.80172788543,1975.99370127144,12,FL,FLORIDA,1.07,957755,3095,10990,1024797.85
44,391,48251,JOHNSON,1902.22650932871,1877.22353218588,48,TX,TEXAS,1.01,175817,357,1305,177575.17
44,406,48367,PARKER,2357.1342353831,2340.00664912531,48,TX,TEXAS,0.94,142878,194,718,134305.32
44,2,48221,HOOD,1131.40599606552,1089.61792443067,48,TX,TEXAS,1.05,61643,70,355,64725.15
44,50,48139,ELLIS,2465.01519868323,2423.34913036076,48,TX,TEXAS,1,184826,366,1344,184826
44,2115,48439,TARRANT,2336.93821256013,2236.83358898614,48,TX,TEXAS,1,2102515,5683,18951,2102515
44,435,48113,DALLAS,2353.31392123715,2258.61494972429,48,TX,TEXAS,0.93,2635516,5450,18190,2451029.88
44,2164,48121,DENTON,2468.01312000312,2275.56501375539,48,TX,TEXAS,1.03,887207,1675,5814,913823.21
44,461,48497,WISE,2389.40807264875,2342.36907945041,48,TX,TEXAS,1.01,69984,147,567,70683.84
44,102,48257,KAUFMAN,2091.70320432209,2021.94006980002,48,TX,TEXAS,1.13,136154,267,1061,153854.02
44,263,48085,COLLIN,2295.1099982929,2178.66643127835,48,TX,TEXAS,1.06,1034730,2803,10254,1096813.8
44,100,48397,ROCKWALL,385.282251723175,329.213366110936,48,TX,TEXAS,1.05,104915,295,1219,110160.75
44,3,48181,GRAYSON,2536.10846388987,2415.99251354974,48,TX,TEXAS,1.01,136212,209,778,137574.12
45,1,04021,PINAL,13919.8040018078,13875.5668483439,04,AZ,ARIZONA,1.04,462789,577,2304,481300.56
45,27,04019,PIMA,23800.0540726535,23776.0215907448,04,AZ,ARIZONA,0.93,1047279,1369,4450,973969.47
46,0,13103,EFFINGHAM,1250.74551058036,1240.03232055583,13,GA,GEORGIA,1.63,64296,557,3366,104802.48
46,2,13051,CHATHAM,1631.62843944539,1121.78391158355,13,GA,GEORGIA,1.23,289430,1547,7481,355998.9
46,0,45053,JASPER,1817.08625810732,1696.77716220112,45,SC,SOUTH CAROLINA,1.18,30073,131,554,35486.14
46,11,45013,BEAUFORT,2391.80320253697,1492.06087900613,45,SC,SOUTH CAROLINA,1.08,192122,776,3036,207491.76
47,0,01125,TUSCALOOSA,3499.72474539154,3421.00939394084,01,AL,ALABAMA,1.12,209355,1106,4554,234477.6
47,10,01117,SHELBY,2096.65064674933,2034.07583634588,01,AL,ALABAMA,1.01,217702,1240,4908,219879.02
47,8,01073,JEFFERSON,2911.35037305866,2878.45458332128,01,AL,ALABAMA,1.15,658573,3982,16442,757358.95
47,0,01115,ST. CLAIR,1692.24581006697,1635.81264609475,01,AL,ALABAMA,0.99,89512,500,1908,88616.88
48,3,45019,CHARLESTON,3517.17929305027,2355.47737462826,45,SC,SOUTH CAROLINA,0.93,411406,1059,3480,382607.58
48,3,45015,BERKELEY,3195.73333237699,2858.13248722454,45,SC,SOUTH CAROLINA,1,227907,670,2616,227907
48,0,45035,DORCHESTER,1479.35883353928,1472.6514233366,45,SC,SOUTH CAROLINA,0.99,162809,849,2793,161180.91
49,14,13067,COBB,892.428646859056,879.964552579252,13,GA,GEORGIA,1.14,760141,1543,6351,866560.74
49,0,13015,BARTOW,1217.52256748422,1190.1546986914,13,GA,GEORGIA,0.89,107738,165,654,95886.82
49,2,13139,HALL,1111.88013498502,1017.82403623115,13,GA,GEORGIA,1.09,204441,393,1550,222840.69
49,1,13063,CLAYTON,373.919292620441,366.930150150434,13,GA,GEORGIA,0.97,292256,412,1608,283488.32
49,43,13089,DEKALB,702.361516305176,693.405969426296,13,GA,GEORGIA,1.15,759297,1663,6897,873191.55
49,1,13113,FAYETTE,516.24527012737,503.420093933526,13,GA,GEORGIA,0.92,114421,192,678,105267.32
49,3,13097,DOUGLAS,520.778612773928,518.24664068356,13,GA,GEORGIA,1.2,146343,390,1678,175611.6
49,44,13121,FULTON,1383.92344833885,1364.22054640414,13,GA,GEORGIA,1.08,1063937,1749,7028,1149051.96
49,0,13247,ROCKDALE,342.131076262767,336.212804005789,13,GA,GEORGIA,1.21,90896,264,1095,109984.16
49,9,13057,CHEROKEE,1125.06830285275,1090.59991459553,13,GA,GEORGIA,1.15,258773,413,1862,297588.95
49,2,13223,PAULDING,814.141216179159,808.831894068475,13,GA,GEORGIA,0.94,168667,224,948,158546.98
49,5,13117,FORSYTH,640.038405843374,581.58548336563,13,GA,GEORGIA,1.08,244252,396,1571,263792.16
49,0,13151,HENRY,845.586912512483,825.286944225445,13,GA,GEORGIA,1.16,234561,486,2059,272090.76
49,0,13085,DAWSON,555.314924844362,546.042272227567,13,GA,GEORGIA,0.69,26108,25,94,18014.52
49,16,13135,GWINNETT,1131.20746505327,1115.12739115687,13,GA,GEORGIA,1.06,936250,2049,7781,992425
50,1,04021,PINAL,13919.8040018078,13875.5668483439,04,AZ,ARIZONA,1.04,462789,577,2304,481300.56
50,126,04013,MARICOPA,23890.1888129522,23793.8925931959,04,AZ,ARIZONA,0.95,4485414,4913,17210,4261143.3
50,1,04025,YAVAPAI,21051.2996239564,21037.406854999,04,AZ,ARIZONA,0.84,235099,162,489,197483.16
51,0,05085,LONOKE,2079.36857427749,1990.88996546198,05,AR,ARKANSAS,0.98,73309,68,314,71842.82
51,0,05069,JEFFERSON,2366.67367376766,2252.15764322556,05,AR,ARKANSAS,1.32,66824,147,757,88207.68
51,1,05045,FAULKNER,1719.9424790855,1678.15470969431,05,AR,ARKANSAS,1.06,126007,175,640,133567.42
51,2,05119,PULASKI,2091.81593081962,1965.02474275707,05,AR,ARKANSAS,0.97,391911,644,2190,380153.67
51,0,05053,GRANT,1639.28127543377,1636.36490749662,05,AR,ARKANSAS,1.09,18265,21,84,19908.85
51,0,05125,SALINE,1891.9568212728,1873.70487185856,05,AR,ARKANSAS,0.98,122437,186,704,119988.26
52,0,28033,DESOTO,1287.18083441931,1233.43261491987,28,MS,MISSISSIPPI,1.22,184945,648,2368,225632.9
52,19,47157,SHELBY,2033.22182362049,1953.83542670599,47,TN,TENNESSEE,1.01,937166,2455,9003,946537.66
52,0,47047,FAYETTE,1829.13434023195,1825.35947119472,47,TN,TENNESSEE,1.05,41133,99,400,43189.65
52,0,28137,TATE,1064.42347030491,1048.32595272144,28,MS,MISSISSIPPI,0.85,28321,43,154,24072.85
52,0,47167,TIPTON,1225.87650253765,1186.89816732601,47,TN,TENNESSEE,0.95,61599,206,734,58519.05
52,0,05035,CRITTENDEN,1648.18779498584,1580.15951627636,05,AR,ARKANSAS,1.21,47955,59,302,58025.55
52,0,28093,MARSHALL,1838.18508271563,1829.00798812302,28,MS,MISSISSIPPI,0.94,35294,112,347,33176.36
53,7,06065,RIVERSIDE,18915.0966706574,18638.5336574268,06,CA,CALIFORNIA,0.87,2470546,2548,7950,2149375.02
54,76,35043,SANDOVAL,9619.99474698313,9605.35605255146,35,NM,NEW MEXICO,0.82,146748,139,409,120333.36
54,939,35001,BERNALILLO,3023.49657503826,3007.61410596084,35,NM,NEW MEXICO,0.77,679121,589,1661,522923.17
54,4,35049,SANTA FE,4950.504971797,4945.41939868117,35,NM,NEW MEXICO,0.86,150358,133,410,129307.88
54,4,35057,TORRANCE,8666.3780055698,8605.21413943143,35,NM,NEW MEXICO,0.46,15461,0,0,7112.06
54,60,35061,VALENCIA,2765.61313892883,2759.90199995547,35,NM,NEW MEXICO,0.87,76688,69,240,66718.56
55,2,45059,LAURENS,1874.73333460016,1848.62295338385,45,SC,SOUTH CAROLINA,1.01,67493,254,946,68167.93
55,0,45007,ANDERSON,1957.37732956504,1848.86746728375,45,SC,SOUTH CAROLINA,1.02,202558,731,2584,206609.16
55,0,45077,PICKENS,1327.63650226673,1287.00619042594,45,SC,SOUTH CAROLINA,0.97,126884,481,1623,123077.48
55,3,45083,SPARTANBURG,2121.23512077889,2092.04794018637,45,SC,SOUTH CAROLINA,1.01,319785,1165,4066,322982.85
55,13,45045,GREENVILLE,2058.45946145494,2033.30209251514,45,SC,SOUTH CAROLINA,0.98,523542,1583,5407,513071.16
56,0,40117,PAWNEE,1540.41631285231,1471.52768164425,40,OK,OKLAHOMA,0.99,16376,25,123,16212.24
56,4,40145,WAGONER,1529.82869502771,1454.45274465566,40,OK,OKLAHOMA,1.12,81289,253,1034,91043.68
56,0,40037,CREEK,2511.83494444955,2460.92612629751,40,OK,OKLAHOMA,0.91,71522,227,831,65085.02
56,2,40131,ROGERS,1842.77127728153,1749.84683168431,40,OK,OKLAHOMA,0.87,92459,229,916,80439.33
56,0,40147,WASHINGTON,1098.84916582877,1076.01976610148,40,OK,OKLAHOMA,1.04,51527,211,891,53588.08
56,1,40111,OKMULGEE,1819.0392688143,1806.12350901985,40,OK,OKLAHOMA,0.99,38465,119,486,38080.35
56,4,40113,OSAGE,5967.27729610201,5818.51087577601,40,OK,OKLAHOMA,0.88,46963,131,537,41327.44
56,6,40143,TULSA,1520.38139492243,1477.12301142367,40,OK,OKLAHOMA,0.96,651552,1846,6179,625489.92
57,3,47119,MAURY,1594.34035661878,1588.02116488913,47,TN,TENNESSEE,1.1,96387,378,1688,106025.7
57,0,47189,WILSON,1511.18315241608,1479.11968030071,47,TN,TENNESSEE,1.09,144657,429,1900,157676.13
57,0,47003,BEDFORD,1229.70061068646,1226.71985630856,47,TN,TENNESSEE,1.05,49713,208,843,52198.65
57,17,47037,DAVIDSON,1360.62318254514,1304.03274158537,47,TN,TENNESSEE,1.07,694144,2041,8581,742734.08
57,0,47117,MARSHALL,974.244284146483,972.44236406899,47,TN,TENNESSEE,1.16,34375,136,653,39875
57,2,47149,RUTHERFORD,1616.29943758751,1594.88235837508,47,TN,TENNESSEE,1.15,332285,1249,5304,382127.75
57,0,47021,CHEATHAM,795.357353865694,783.392178953403,47,TN,TENNESSEE,1.01,40667,121,524,41073.67
57,19,47187,WILLIAMSON,1512.62497719331,1509.61699551548,47,TN,TENNESSEE,1.28,238412,799,3778,305167.36
58,2,37035,CATAWBA,1077.49599806516,1039.55087731629,37,NC,NORTH CAROLINA,0.84,159551,284,815,134022.84
58,14,37179,UNION,1656.67051718627,1638.65461598101,37,NC,NORTH CAROLINA,0.89,239859,725,2357,213474.51
58,0,37071,GASTON,941.938706862155,921.311328874393,37,NC,NORTH CAROLINA,0.78,224529,467,1433,175132.62
58,2,37159,ROWAN,1356.95894294322,1324.72334426222,37,NC,NORTH CAROLINA,0.87,142088,481,1417,123616.56
58,2,37109,LINCOLN,789.590065658531,766.225416978137,37,NC,NORTH CAROLINA,0.79,86111,197,562,68027.69
58,0,37097,IREDELL,1547.34066153684,1487.14924419093,37,NC,NORTH CAROLINA,0.89,181806,434,1298,161807.34
58,61,37119,MECKLENBURG,1414.38651206123,1356.04715609528,37,NC,NORTH CAROLINA,0.91,1110356,3312,10270,1010423.96
58,5,37025,CABARRUS,942.608753702458,935.602066474253,37,NC,NORTH CAROLINA,0.83,216453,643,1813,179655.99
58,4,45091,YORK,1802.18054949723,1762.92102054313,45,SC,SOUTH CAROLINA,1.02,280979,768,2720,286598.58
58,0,37167,STANLY,1048.6132659295,1023.3705121549,37,NC,NORTH CAROLINA,0.86,62806,210,597,54013.16
58,1,45057,LANCASTER,1437.56908522208,1421.54038798971,45,SC,SOUTH CAROLINA,0.99,98012,280,953,97031.88
59,0,47129,MORGAN,1353.26279696713,1352.43977774329,47,TN,TENNESSEE,0.94,21403,147,595,20118.82
59,4,47093,KNOX,1362.13070678737,1316.57225188716,47,TN,TENNESSEE,1.13,470313,1960,8062,531453.69
59,1,47145,ROANE,1022.98553524955,934.28690509196,47,TN,TENNESSEE,1.16,53382,279,1323,61923.12
59,0,47155,SEVIER,1548.02783742874,1534.53678548974,47,TN,TENNESSEE,1.15,98250,298,1365,112987.5
59,3,47009,BLOUNT,1467.49558481477,1447.32920695299,47,TN,TENNESSEE,1.06,133088,600,2351,141073.28
59,0,47123,MONROE,1690.19185369484,1646.46297647606,47,TN,TENNESSEE,1.23,46545,182,792,57250.35
59,3,47001,ANDERSON,893.017637631618,873.35260066618,47,TN,TENNESSEE,1.1,76978,318,1382,84675.8
59,3,47105,LOUDON,640.681805620372,593.811813233531,47,TN,TENNESSEE,1.13,54068,329,1495,61096.84
60,22,06111,VENTURA,5719.33619029149,4771.93507883694,06,CA,CALIFORNIA,0.91,846006,1012,3696,769865.46
60,11,06083,SANTA BARBARA,9813.8181354648,7080.23595844968,06,CA,CALIFORNIA,0.92,446499,532,1885,410779.08
61,4,47019,CARTER,900.525165506879,883.788846748331,47,TN,TENNESSEE,1.12,56391,288,1172,63157.92
61,2,47179,WASHINGTON,854.241316624779,845.605999522407,47,TN,TENNESSEE,0.88,129375,544,1811,113850
61,4,47163,SULLIVAN,1112.9343201411,1070.69514796117,47,TN,TENNESSEE,1.16,158348,777,3303,183683.68
61,0,47171,UNICOI,482.728745394367,481.903021348209,47,TN,TENNESSEE,0.33,17883,2,49,5901.39
61,0,51191,WASHINGTON,1466.38410143982,1453.3858751835,51,VA,VIRGINIA,1.04,53740,281,1090,55889.6
61,0,51169,SCOTT,1395.89175442272,1387.78642840618,51,VA,VIRGINIA,0.79,21566,47,182,17037.14
61,1,47073,HAWKINS,1294.01002971272,1261.46523145163,47,TN,TENNESSEE,1.1,56786,418,1785,62464.6
61,0,37121,MITCHELL,574.668484785761,573.040490881998,37,NC,NORTH CAROLINA,0.78,14964,50,142,11671.92
61,0,51520,BRISTOL CITY,33.7426010456548,33.4201928173697,51,VA,VIRGINIA,1.02,16762,66,262,17097.24
61,0,47059,GREENE,1616.50952361649,1611.40977197387,47,TN,TENNESSEE,1.16,69069,612,2661,80120.04
62,2,37151,RANDOLPH,2045.99706472479,2026.19597488939,37,NC,NORTH CAROLINA,0.84,143667,318,1014,120680.28
62,13,37067,FORSYTH,1067.93425042889,1056.14996471471,37,NC,NORTH CAROLINA,0.88,382295,1346,4024,336419.6
62,0,37157,ROCKINGHAM,1483.44149507979,1464.98007534024,37,NC,NORTH CAROLINA,0.77,91010,218,652,70077.7
62,0,37169,STOKES,1180.52439270515,1162.94004606905,37,NC,NORTH CAROLINA,0.82,45591,135,373,37384.62
62,31,37001,ALAMANCE,1124.67660862307,1096.68446091542,37,NC,NORTH CAROLINA,0.88,169509,594,1786,149167.92
62,0,37197,YADKIN,874.728722301026,867.496114554219,37,NC,NORTH CAROLINA,0.76,37667,105,280,28626.92
62,0,37033,CASWELL,1110.33663501555,1101.69275691595,37,NC,NORTH CAROLINA,0.84,22604,47,143,18987.36
62,0,37171,SURRY,1392.72352826097,1382.38592850482,37,NC,NORTH CAROLINA,0.78,71783,265,751,55990.74
62,0,37059,DAVIE,690.366927734789,682.96782012967,37,NC,NORTH CAROLINA,0.75,42846,125,333,32134.5
62,26,37081,GUILFORD,1703.26904836841,1672.84832610121,37,NC,NORTH CAROLINA,0.86,537174,1619,4963,461969.64
62,6,37057,DAVIDSON,1470.16405248944,1432.71183033449,37,NC,NORTH CAROLINA,0.8,167609,452,1337,134087.2
63,5,37105,LEE,671.332725888082,660.607419002578,37,NC,NORTH CAROLINA,0.83,61779,108,373,51276.57
63,13,37077,GRANVILLE,1392.35383145475,1377.85018097636,37,NC,NORTH CAROLINA,0.89,60443,236,708,53794.27
63,0,37033,CASWELL,1110.33663501555,1101.69275691595,37,NC,NORTH CAROLINA,0.84,22604,47,143,18987.36
63,4,37145,PERSON,1047.36028258203,1016.14156298419,37,NC,NORTH CAROLINA,0.22,39490,21,65,8687.8
63,49,37101,JOHNSTON,2060.84518057082,2049.28189453713,37,NC,NORTH CAROLINA,0.89,209339,581,1688,186311.71
63,1967,37183,WAKE,2220.25115657047,2162.17895777484,37,NC,NORTH CAROLINA,0.91,1111761,2778,8800,1011702.51
63,31,37001,ALAMANCE,1124.67660862307,1096.68446091542,37,NC,NORTH CAROLINA,0.88,169509,594,1786,149167.92
63,59,37069,FRANKLIN,1280.93576367893,1273.75708527821,37,NC,NORTH CAROLINA,0.94,69685,163,502,65503.9
63,370,37037,CHATHAM,1836.27528421778,1765.63537230897,37,NC,NORTH CAROLINA,0.87,74470,157,511,64788.9
63,762,37135,ORANGE,1038.47994157136,1029.60495877271,37,NC,NORTH CAROLINA,0.93,148476,462,1548,138082.68
63,1267,37063,DURHAM,771.461384937366,741.907738655547,37,NC,NORTH CAROLINA,0.99,321488,1136,3439,318273.12
63,37,37085,HARNETT,1557.47834455713,1541.10197448015,37,NC,NORTH CAROLINA,0.88,135976,306,987,119658.88
64,0,04015,MOHAVE,34862.8151978631,34473.9898046177,04,AZ,ARIZONA,0.95,212181,121,379,201571.95
64,27,32003,CLARK,20877.6945283283,20439.282714429,32,NV,NEVADA,1.05,2266715,2009,8925,2380050.75
65,0,51650,HAMPTON CITY,352.898712704915,132.908668447215,51,VA,VIRGINIA,0.91,134510,387,1170,122404.1
65,9,51810,VIRGINIA BEACH CITY,1288.51182224979,633.832513903391,51,VA,VIRGINIA,1.01,449974,1218,4353,454473.74
65,0,51800,SUFFOLK CITY,1110.86470426224,1033.80273866026,51,VA,VIRGINIA,1.07,92108,259,991,98555.56
65,1,51710,NORFOLK CITY,249.677885639922,137.98582826187,51,VA,VIRGINIA,1.04,242742,550,2073,252451.68
65,0,51131,NORTHAMPTON,2059.69169935616,548.282915050874,51,VA,VIRGINIA,0.81,11710,2,24,9485.1
65,0,37053,CURRITUCK,1363.43085834713,678.416746952853,37,NC,NORTH CAROLINA,0.87,27763,54,189,24153.81
65,0,51700,NEWPORT NEWS CITY,309.948490952738,179.01657327943,51,VA,VIRGINIA,1.05,179225,527,1760,188186.25
65,4,51550,CHESAPEAKE CITY,908.947731739534,876.73774817642,51,VA,VIRGINIA,0.77,244835,470,1434,188522.95
65,0,51740,PORTSMOUTH CITY,120.906506508373,86.2482197571065,51,VA,VIRGINIA,0.75,94398,201,574,70798.5
66,0,18043,FLOYD,385.933861090371,383.227228913897,18,IN,INDIANA,0.95,78522,221,1123,74595.9
66,0,21029,BULLITT,777.681617999874,769.050823469577,21,KY,KENTUCKY,1.28,81676,334,1735,104545.28
66,1,21215,SPENCER,496.400074146593,483.607208409123,21,KY,KENTUCKY,1.23,19351,86,446,23801.73
66,0,18019,CLARK,974.870748077924,965.665973834319,18,IN,INDIANA,1.27,118302,607,3087,150243.54
66,0,21179,NELSON,1098.3523839897,1081.34993604186,21,KY,KENTUCKY,1.05,46233,171,790,48544.65
66,14,21111,JEFFERSON,1029.99690182511,985.934504592932,21,KY,KENTUCKY,1.54,766757,3917,20571,1180805.78
66,1,21211,SHELBY,998.863794713637,983.565401306872,21,KY,KENTUCKY,1.11,49024,115,582,54416.64
66,0,21103,HENRY,754.002322768525,741.500315284668,21,KY,KENTUCKY,0.94,16126,22,97,15158.44
66,6,21185,OLDHAM,508.759867980473,484.947533473173,21,KY,KENTUCKY,1.32,66799,492,2558,88174.68
66,0,18061,HARRISON,1260.0826660912,1254.88947932246,18,IN,INDIANA,0.28,40515,26,150,11344.2
67,1,17163,ST. CLAIR,1745.51049910884,1703.38567101538,17,IL,ILLINOIS,1.11,259686,373,1221,288251.46
67,1,29099,JEFFERSON,1720.48894794555,1700.34536105512,29,MO,MISSOURI,1.04,225081,364,1428,234084.24
67,4,29510,ST. LOUIS CITY,171.126261907998,159.91513436695,29,MO,MISSOURI,1.05,300576,481,1831,315604.8
67,0,17133,MONROE,1031.69286857344,997.907124575374,17,IL,ILLINOIS,0.96,34637,37,108,33251.52
67,8,29183,ST. CHARLES,1534.96556771499,1451.32374986462,29,MO,MISSOURI,1.12,402022,758,3080,450264.64
67,44,29189,ST. LOUIS,1354.39059182238,1314.22868133223,29,MO,MISSOURI,0.95,994205,2090,6957,944494.75
67,0,29071,FRANKLIN,2410.4641700104,2389.88777614681,29,MO,MISSOURI,1.06,103967,132,577,110205.02
67,0,17119,MADISON,1918.01015205449,1854.55937593492,17,IL,ILLINOIS,0.96,262966,384,1037,252447.36
67,1,29113,LINCOLN,1658.79144556248,1622.5892172106,29,MO,MISSOURI,0.94,59013,79,302,55472.22
68,0,20045,DOUGLAS,1229.30318771111,1180.40243571415,20,KS,KANSAS,1.18,122259,310,1304,144265.62
68,0,20209,WYANDOTTE,404.540953401225,392.744958507995,20,KS,KANSAS,1.19,165429,308,1312,196860.51
68,3,29037,CASS,1819.18659313552,1804.14471981932,29,MO,MISSOURI,1.21,105780,177,776,127993.8
68,1,29165,PLATTE,1104.24185649608,1087.24062128082,29,MO,MISSOURI,0.96,104418,91,400,100241.28
68,4,29047,CLAY,1058.4501512849,1029.94825938468,29,MO,MISSOURI,1.17,249948,306,1347,292439.16
68,0,20103,LEAVENWORTH,1214.55696351499,1200.21360516247,20,KS,KANSAS,0.96,81758,125,455,78487.68
68,0,20121,MIAMI,1528.75432965952,1491.5191020945,20,KS,KANSAS,0.92,34237,44,164,31498.04
68,34,20091,JOHNSON,1242.99869323141,1226.63040510171,20,KS,KANSAS,1.07,602401,1020,3917,644569.07
68,0,29095,JACKSON,1596.31977537406,1565.68987102184,29,MO,MISSOURI,0.94,703011,831,3096,660830.34
69,20,51087,HENRICO,634.11314030676,605.180359928552,51,VA,VIRGINIA,0.93,330818,1236,3735,307660.74
69,0,51033,CAROLINE,1391.43136047147,1366.50287786131,51,VA,VIRGINIA,0.92,30725,71,254,28267
69,2,51085,HANOVER,1224.47103073146,1211.81835180714,51,VA,VIRGINIA,0.86,107766,346,1091,92678.76
69,0,51007,AMELIA,928.567588926818,920.143542458595,51,VA,VIRGINIA,0.82,13145,19,94,10778.9
69,0,51049,CUMBERLAND,776.44371928527,770.525888880096,51,VA,VIRGINIA,0.86,9932,4,55,8541.52
69,0,51101,KING WILLIAM,740.6129523369,709.471356950432,51,VA,VIRGINIA,0.73,17148,24,103,12518.04
69,4,51760,RICHMOND CITY,162.05490841683,155.17629309145,51,VA,VIRGINIA,0.89,230436,546,1824,205088.04
69,1,51145,POWHATAN,679.365458126909,673.91697799627,51,VA,VIRGINIA,0.85,29652,43,172,25204.2
69,0,51075,GOOCHLAND,748.79319566981,726.830032823771,51,VA,VIRGINIA,0.64,23753,42,119,15201.92
69,14,51041,CHESTERFIELD,1131.78888800843,1097.03346001251,51,VA,VIRGINIA,1.01,352802,1226,4280,356330.02
69,0,51127,NEW KENT,579.587767061951,543.990078048074,51,VA,VIRGINIA,0.82,23091,49,180,18934.62
69,1,51109,LOUISA,1322.77090009439,1284.97676229424,51,VA,VIRGINIA,0.8,37591,62,200,30072.8
70,2,06087,SANTA CRUZ,1572.53836772742,1152.86499371774,06,CA,CALIFORNIA,0.92,273213,339,1100,251355.96
70,11,06053,MONTEREY,9767.42535659992,8498.12094489103,06,CA,CALIFORNIA,0.99,434061,445,1728,429720.39
71,0,18071,JACKSON,1331.01054974178,1320.82720751794,18,IN,INDIANA,1.16,44231,85,414,51307.96
71,0,18093,LAWRENCE,1170.49012130439,1163.36722145908,18,IN,INDIANA,1.44,45370,102,688,65332.8
71,0,18081,JOHNSON,833.434723394621,829.945909116804,18,IN,INDIANA,1.24,158167,365,1823,196127.08
71,0,18013,BROWN,820.069926954654,808.043928418862,18,IN,INDIANA,1.18,15092,0,3,17808.56
71,2,18105,MONROE,1065.31761755715,1021.80698137252,18,IN,INDIANA,0.94,148431,149,628,139525.14
71,0,18109,MORGAN,1060.41482943785,1045.93265684352,18,IN,INDIANA,0.94,70489,71,348,66259.66
71,0,18055,GREENE,1413.90356962842,1404.92959820048,18,IN,INDIANA,1.2,31922,36,218,38306.4
71,0,18119,OWEN,1004.47802064959,997.911623494692,18,IN,INDIANA,1.01,20799,7,45,21006.99
72,0,18109,MORGAN,1060.41482943785,1045.93265684352,18,IN,INDIANA,0.94,70489,71,348,66259.66
72,1,18059,HANCOCK,795.191390790479,792.420133591762,18,IN,INDIANA,1.06,78168,148,717,82858.08
72,1,18011,BOONE,1096.21411393886,1095.17093361254,18,IN,INDIANA,1.2,67843,52,342,81411.6
72,35,18057,HAMILTON,1042.30673636785,1021.30722861729,18,IN,INDIANA,1.11,338011,585,2747,375192.21
72,0,18063,HENDRICKS,1058.73022485186,1053.84938148153,18,IN,INDIANA,1.14,170311,250,1235,194154.54
72,0,18023,CLINTON,1049.58033977071,1049.11922056692,18,IN,INDIANA,0.76,32399,19,110,24623.24
72,0,18145,SHELBY,1069.0341828191,1064.82702517028,18,IN,INDIANA,1.23,44729,151,737,55016.67
72,0,18081,JOHNSON,833.434723394621,829.945909116804,18,IN,INDIANA,1.24,158167,365,1823,196127.08
72,0,18095,MADISON,1173.01691897239,1170.46961630322,18,IN,INDIANA,1.1,129569,180,812,142525.9
72,12,18097,MARION,1043.79130793947,1026.70105860941,18,IN,INDIANA,1.23,964582,1949,8962,1186435.86
72,0,18159,TIPTON,674.865647568784,674.797620389897,18,IN,INDIANA,1.11,15148,3,49,16814.28
73,0,18045,FOUNTAIN,1030.50336989568,1024.74345893623,18,IN,INDIANA,0.98,16346,12,72,16019.08
73,1,18011,BOONE,1096.21411393886,1095.17093361254,18,IN,INDIANA,1.2,67843,52,342,81411.6
73,0,18181,WHITE,1317.47311049494,1308.26408496325,18,IN,INDIANA,0.96,24102,20,112,23137.92
73,0,18015,CARROLL,971.293747506525,964.043877185348,18,IN,INDIANA,0.75,20257,9,78,15192.75
73,0,18171,WARREN,948.986723723009,944.543979966956,18,IN,INDIANA,1.18,8265,1,52,9752.7
73,0,18023,CLINTON,1049.58033977071,1049.11922056692,18,IN,INDIANA,0.76,32399,19,110,24623.24
73,0,18107,MONTGOMERY,1309.09850505237,1307.03052018004,18,IN,INDIANA,1.29,38338,71,362,49456.02
73,0,18007,BENTON,1052.85252579772,1052.61649276688,18,IN,INDIANA,1.05,8748,0,46,9185.4
73,1,18157,TIPPECANOE,1303.39433423764,1292.1634730099,18,IN,INDIANA,1.68,195732,557,3757,328829.76
74,0,39089,LICKING,1780.25802169731,1767.50269153599,39,OH,OHIO,0.96,176862,305,1105,169787.52
74,1,39129,PICKAWAY,1311.96505718434,1298.19571088727,39,OH,OHIO,0.28,58457,21,88,16367.96
74,0,39101,MARION,1046.63546645967,1045.68165893198,39,OH,OHIO,1.1,65093,122,502,71602.3
74,1,39159,UNION,1131.49338509121,1117.86420022301,39,OH,OHIO,0.99,58988,109,465,58398.12
74,0,39083,KNOX,1371.77290993608,1361.05276406101,39,OH,OHIO,1.2,62322,68,295,74786.4
74,19,39041,DELAWARE,1184.47750645246,1147.7791304106,39,OH,OHIO,1.1,209177,358,1458,230094.7
74,4,39045,FAIRFIELD,1317.16947522581,1306.41499535479,39,OH,OHIO,0.81,157574,261,847,127634.94
74,13,39049,FRANKLIN,1407.97895361916,1378.94488920928,39,OH,OHIO,1.03,1316756,2342,9120,1356258.68
74,1,39117,MORROW,1054.70062138834,1051.77482848982,39,OH,OHIO,1.15,35328,33,192,40627.2
74,1,39097,MADISON,1208.56559847851,1206.49862407885,39,OH,OHIO,0.85,44731,40,192,38021.35
75,1,31177,WASHINGTON,1018.37353264684,1009.7439979084,31,NE,NEBRASKA,1.1,20729,11,79,22801.9
75,1,31155,SAUNDERS,1967.92519961457,1943.12786280201,31,NE,NEBRASKA,0.96,21578,14,70,20714.88
75,0,19155,POTTAWATTAMIE,2484.161978221,2461.81657299994,19,IA,IOWA,1.01,93206,68,283,94138.06
75,26,31153,SARPY,641.084478016874,616.811555891644,31,NE,NEBRASKA,1.04,187196,225,862,194683.84
75,13,31055,DOUGLAS,878.904456047022,845.399785523644,31,NE,NEBRASKA,0.98,571327,677,2350,559900.46
75,0,31053,DODGE,1406.36131607266,1370.20809855306,31,NE,NEBRASKA,1.04,36565,38,154,38027.6
75,0,31025,CASS,1465.65183596098,1443.53713799632,31,NE,NEBRASKA,0.96,26248,20,86,25198.08
75,0,19129,MILLS,1141.2568921515,1132.93039447517,19,IA,IOWA,0.95,15109,0,36,14353.55
75,0,31109,LANCASTER,2192.12012141098,2169.28759874439,31,NE,NEBRASKA,1.01,319090,343,1251,322280.9
75,0,19085,HARRISON,1817.22581235009,1804.79994260866,19,IA,IOWA,0.93,14049,0,23,13065.57
76,4,06017,EL DORADO,4626.61924190187,4422.74883595536,06,CA,CALIFORNIA,0.94,192843,106,402,181272.42
76,0,06115,YUBA,1667.97194422796,1636.26197600912,06,CA,CALIFORNIA,0.49,78668,22,88,38547.32
76,1,06057,NEVADA,2522.11982589248,2480.39164166704,06,CA,CALIFORNIA,1.04,99755,60,260,103745.2
76,0,06005,AMADOR,1569.40427182578,1539.05653824663,06,CA,CALIFORNIA,0.96,39752,66,241,38161.92
76,3,06113,YOLO,2651.02343019189,2625.68724971991,06,CA,CALIFORNIA,1.01,220500,217,823,222705
76,5,06095,SOLANO,2347.02790332287,2124.59722574103,06,CA,CALIFORNIA,0.97,447643,678,2508,434213.71
76,28,06061,PLACER,3890.81995339204,3644.30150739108,06,CA,CALIFORNIA,0.99,398329,438,1619,394345.71
76,43,06067,SACRAMENTO,2575.3854433297,2498.95428289449,06,CA,CALIFORNIA,0.97,1552058,1967,6961,1505496.26
76,0,06101,SUTTER,1575.78720273687,1559.1839328923,06,CA,CALIFORNIA,0.71,96971,65,197,68849.41
76,2,06077,SAN JOAQUIN,3695.23812328427,3605.55931319594,06,CA,CALIFORNIA,0.89,762148,794,2589,678311.72
77,10,32031,WASHOE,16941.5179309342,16155.9782079944,32,NV,NEVADA,1.53,471519,2129,12991,721424.07
77,0,32510,CARSON CITY,407.257134577335,374.672894238476,32,NV,NEVADA,0.86,55916,49,111,48087.76
77,0,32019,LYON,5242.77696611016,5183.17442564779,32,NV,NEVADA,0.71,57510,50,205,40832.1
77,1,06057,NEVADA,2522.11982589248,2480.39164166704,06,CA,CALIFORNIA,1.04,99755,60,260,103745.2
77,0,06091,SIERRA,2491.99370932187,2468.63850087679,06,CA,CALIFORNIA,0.76,3005,0,0,2283.8
77,2,32005,DOUGLAS,1910.48868991584,1837.62235146886,32,NV,NEVADA,1.22,48905,24,86,59664.1
77,0,32029,STOREY,685.561950115952,683.680932141338,32,NV,NEVADA,0.42,4123,0,13,1731.66
78,2,42129,WESTMORELAND,2683.45069127792,2662.61024837925,42,PA,PENNSYLVANIA,1.09,348899,599,2444,380299.91
78,2,42007,BEAVER,1150.06716790562,1125.90444758757,42,PA,PENNSYLVANIA,1.05,163929,206,811,172125.45
78,0,42005,ARMSTRONG,1719.3438999326,1691.72480805942,42,PA,PENNSYLVANIA,1.31,64735,158,810,84802.85
78,0,42051,FAYETTE,2067.61214660128,2046.96778237212,42,PA,PENNSYLVANIA,1.11,129274,232,958,143494.14
78,5,42125,WASHINGTON,2229.73841345981,2219.59073487655,42,PA,PENNSYLVANIA,1.11,206865,316,1308,229620.15
78,14,42019,BUTLER,2058.39942731713,2042.40741879833,42,PA,PENNSYLVANIA,1.13,187853,318,1346,212273.89
78,24,42003,ALLEGHENY,1928.3012150596,1890.99480180217,42,PA,PENNSYLVANIA,1.11,1216045,2110,8345,1349809.95
78,0,42073,LAWRENCE,939.428317636436,927.682816477676,42,PA,PENNSYLVANIA,1.33,85512,160,873,113730.96
79,318,49011,DAVIS,1645.20460519701,774.500973841004,49,UT,UTAH,2.11,355481,1701,14930,750064.91
79,1258,49035,SALT LAKE,2086.84587050394,1921.83460656244,49,UT,UTAH,1.08,1160437,1447,6726,1253271.96
79,6,49051,WASATCH,3127.58292960753,3048.19674788611,49,UT,UTAH,1.19,34091,17,99,40568.29
79,49,49057,WEBER,1708.98291835107,1492.44684046702,49,UT,UTAH,5.37,260213,562,18312,1397343.81
79,5,49029,MORGAN,1582.17694099253,1577.73957071369,49,UT,UTAH,2.02,12124,5,182,24490.48
79,14,49043,SUMMIT,4871.39481232212,4844.50956334457,49,UT,UTAH,1.03,42145,47,228,43409.35
79,56,49045,TOOELE,18870.5999520453,17754.8518306326,49,UT,UTAH,1.07,72259,49,237,77317.13
79,487,49049,UTAH,5553.51225454109,5186.17485970799,49,UT,UTAH,1.07,636235,532,2215,680771.45
80,8,18141,ST. JOSEPH,1194.98313608747,1185.91860790726,18,IN,INDIANA,1.18,271826,520,2378,320754.68
80,0,18085,KOSCIUSKO,1435.87131219764,1376.41212332931,18,IN,INDIANA,1.23,79456,80,428,97730.88
80,0,18149,STARKE,808.608979588726,800.679839036431,18,IN,INDIANA,0.93,22995,1,52,21385.35
80,0,18039,ELKHART,1212.03811586958,1199.60394987157,18,IN,INDIANA,1.37,206341,318,1736,282687.17
80,0,18099,MARSHALL,1164.82854541477,1148.96997111101,18,IN,INDIANA,1.3,46258,24,139,60135.4
80,0,26021,BERRIEN,4095.92943521405,1470.53277283158,26,MI,MICHIGAN,1.04,153401,161,679,159537.04
80,0,26027,CASS,1316.51502064338,1269.36719276411,26,MI,MICHIGAN,1.05,51787,48,281,54376.35
80,0,18091,LAPORTE,1588.33445229151,1549.46214772518,18,IN,INDIANA,1.08,109888,198,840,118679.04
81,6,39103,MEDINA,1095.60493623709,1091.40647880561,39,OH,OHIO,1,179746,312,1265,179746
81,46,39035,CUYAHOGA,3225.87880933365,1184.10376866243,39,OH,OHIO,1.05,1235072,2689,10743,1296825.6
81,3,39055,GEAUGA,1057.47519309901,1036.77391920426,39,OH,OHIO,0.93,93649,157,649,87093.57
81,17,39153,SUMMIT,1088.14019223316,1069.04545793557,39,OH,OHIO,0.97,541013,977,4064,524782.61
81,2,39093,LORAIN,2391.64226499133,1272.23894548032,39,OH,OHIO,1,309833,748,2855,309833
81,5,39085,LAKE,2536.10213665672,593.807215435018,39,OH,OHIO,0.92,230149,394,1623,211737.08
81,1,39151,STARK,1503.70049357349,1490.06439300511,39,OH,OHIO,1.07,370606,841,3547,396548.42
81,0,39043,ERIE,1620.99703363986,651.213004506404,39,OH,OHIO,1.04,74266,127,546,77236.64
81,0,39169,WAYNE,1442.14229261873,1437.05973644465,39,OH,OHIO,1.14,115710,106,534,131909.4
81,1,39133,PORTAGE,1305.49782216581,1262.37007536692,39,OH,OHIO,1.05,162466,351,1437,170589.3
82,32,17097,LAKE,3543.93446154712,1149.80310635789,17,IL,ILLINOIS,0.84,696535,1136,2285,585089.4
82,13,17197,WILL,2199.47658612934,2164.79549844891,17,IL,ILLINOIS,0.93,690743,1075,2224,642390.99
82,1,17037,DEKALB,1643.70628837231,1635.08524774862,17,IL,ILLINOIS,0.84,104897,143,342,88113.48
82,1,17091,KANKAKEE,1764.56186503614,1752.05957799949,17,IL,ILLINOIS,0.84,109862,93,113,92284.08
82,5,17111,MCHENRY,1582.68835424601,1562.81874876062,17,IL,ILLINOIS,0.74,307774,363,688,227752.76
82,24,17089,KANE,1357.6246410148,1345.1340517111,17,IL,ILLINOIS,0.87,532403,782,1657,463190.61
82,0,18089,LAKE,1623.0129593307,1291.84925725098,18,IN,INDIANA,0.98,485493,829,2962,475783.14
82,5,17093,KENDALL,834.604683316226,829.45228771941,17,IL,ILLINOIS,0.9,128990,155,323,116091
82,127,17043,DUPAGE,871.244063966089,848.760235868502,17,IL,ILLINOIS,0.83,922921,1255,2486,766024.43
82,152,17031,COOK,4233.65832504266,2447.3529350591,17,IL,ILLINOIS,0.88,5150233,8257,18131,4532205.04
83,0,55049,IOWA,1989.25035280604,1975.38002659152,55,WI,WISCONSIN,0.91,23678,21,114,21546.98
83,1,55021,COLUMBIA,2061.59130305577,1982.65075471952,55,WI,WISCONSIN,0.88,57532,82,297,50628.16
83,0,55111,SAUK,2199.37905497767,2153.58038900593,55,WI,WISCONSIN,0.96,64442,102,384,61864.32
83,14,55025,DANE,3205.11632319434,3098.72196052772,55,WI,WISCONSIN,1,546695,1095,4156,546695
83,0,55105,ROCK,1880.67572247489,1859.96462995122,55,WI,WISCONSIN,0.91,163354,252,896,148652.14
83,1,55045,GREEN,1513.98042648886,1512.66467925495,55,WI,WISCONSIN,0.96,36960,89,301,35481.6
84,1,26005,ALLEGAN,4748.19303771924,2137.04600928228,26,MI,MICHIGAN,1.05,118081,182,757,123985.05
84,3,26139,OTTAWA,4225.27671703699,1459.45963428377,26,MI,MICHIGAN,1.17,291830,545,2356,341441.1
84,1,26067,IONIA,1502.30126983189,1479.63632832144,26,MI,MICHIGAN,1.02,64697,110,433,65990.94
84,0,26015,BARRY,1494.53273941538,1432.46383514504,26,MI,MICHIGAN,1.02,61550,81,322,62781
84,1,26121,MUSKEGON,3781.52748475744,1305.0643941814,26,MI,MICHIGAN,1.08,173566,317,1365,187451.28
84,18,26081,KENT,2258.31984048061,2196.31814089471,26,MI,MICHIGAN,1.08,656955,1063,4077,709511.4
85,23,55133,WAUKESHA,1503.58734456692,1423.58325077425,55,WI,WISCONSIN,1.09,404198,877,3435,440575.82
85,3,55089,OZAUKEE,2890.91170492935,603.510820508478,55,WI,WISCONSIN,0.79,89221,103,356,70484.59
85,3,55079,MILWAUKEE,3080.82906502349,625.440539224141,55,WI,WISCONSIN,0.91,945726,2125,6672,860610.66
85,0,55027,DODGE,2349.38115696659,2268.0730390084,55,WI,WISCONSIN,0.92,87839,161,562,80811.88
85,2,55101,RACINE,2051.6561044553,861.398492560765,55,WI,WISCONSIN,0.97,196311,359,1305,190421.67
85,5,55131,WASHINGTON,1128.36162440022,1115.36221759727,55,WI,WISCONSIN,0.97,136034,246,929,131952.98
85,0,55127,WALWORTH,1493.3664212237,1438.54700102078,55,WI,WISCONSIN,0.95,103868,167,607,98674.6
85,0,55117,SHEBOYGAN,3292.5051604536,1324.85108555134,55,WI,WISCONSIN,1.03,115340,185,753,118800.2
85,1,55055,JEFFERSON,1509.29416536391,1441.24001362055,55,WI,WISCONSIN,0.98,84769,145,551,83073.62
86,22,36055,MONROE,3539.70044399913,1701.29229678594,36,NY,NEW YORK,1,741770,1902,6902,741770
86,0,36037,GENESEE,1282.84291627314,1276.70031741942,36,NY,NEW YORK,0.96,57280,115,440,54988.8
86,2,36117,WAYNE,3582.09868631859,1563.91079331491,36,NY,NEW YORK,0.9,89918,150,578,80926.2
86,1,36069,ONTARIO,1715.93548404336,1668.06727653856,36,NY,NEW YORK,0.91,109777,214,727,99897.07
86,1,36051,LIVINGSTON,1658.26273523232,1636.2566282545,36,NY,NEW YORK,0.94,62914,98,388,59139.16
87,1,36057,MONTGOMERY,1062.66644924221,1044.06725561671,36,NY,NEW YORK,0.97,49221,108,389,47744.37
87,0,36115,WASHINGTON,2190.84094954983,2152.68962912192,36,NY,NEW YORK,1.02,61204,185,700,62428.08
87,1,36093,SCHENECTADY,542.456429165697,529.858540525124,36,NY,NEW YORK,1.15,155299,558,2189,178593.85
87,10,36001,ALBANY,1381.24539225539,1354.12084527513,36,NY,NEW YORK,0.96,305506,805,2803,293285.76
87,0,36021,COLUMBIA,1678.84239071205,1643.77099924125,36,NY,NEW YORK,0.86,59461,169,599,51136.46
87,2,36083,RENSSELAER,1723.38561389988,1689.79391364738,36,NY,NEW YORK,1.01,158714,438,1664,160301.14
87,0,36095,SCHOHARIE,1622.18081834437,1610.50386895074,36,NY,NEW YORK,0.87,30999,24,122,26969.13
87,4,36091,SARATOGA,2185.4508781281,2097.02482987692,36,NY,NEW YORK,1.01,229863,591,2189,232161.63
87,0,36039,GREENE,1704.34099563107,1676.13992563661,36,NY,NEW YORK,0.89,47188,146,522,41997.32
88,2,27171,WRIGHT,1849.90170241037,1712.29222388297,27,MN,MINNESOTA,0.98,138377,263,1195,135609.46
88,76,27053,HENNEPIN,1571.01211134162,1434.45905230268,27,MN,MINNESOTA,1.01,1265843,3313,12744,1278501.43
88,0,27131,RICE,1336.28148846795,1284.18835706444,27,MN,MINNESOTA,1.02,66972,99,449,68311.44
88,2,55109,ST. CROIX,1905.41827647776,1869.82862585187,55,WI,WISCONSIN,1.11,90687,200,902,100662.57
88,2,27003,ANOKA,1155.33059037964,1092.9194166569,27,MN,MINNESOTA,1.03,356921,861,3467,367628.63
88,2,27037,DAKOTA,1519.86551663282,1456.70857329365,27,MN,MINNESOTA,1.08,429021,1187,4907,463342.68
88,1,27139,SCOTT,954.0685099901,922.683737751897,27,MN,MINNESOTA,1.1,149013,337,1602,163914.3
88,4,27019,CARVER,974.117183720067,917.370960508561,27,MN,MINNESOTA,1,105089,181,814,105089
88,0,27141,SHERBURNE,1168.19631858709,1121.23021576943,27,MN,MINNESOTA,1.02,97238,179,818,99182.76
88,15,27163,WASHINGTON,1095.07538234784,995.61246146197,27,MN,MINNESOTA,0.99,262440,611,2522,259815.6
88,7,27123,RAMSEY,440.511475271227,394.246997116626,27,MN,MINNESOTA,1.07,550321,1576,6191,588843.47
88,0,55093,PIERCE,1532.95191521063,1486.27222292756,55,WI,WISCONSIN,1.03,42754,107,443,44036.62
89,0,16045,GEM,1462.28822828665,1449.79669678617,16,ID,IDAHO,0.84,18112,0,23,15214.08
89,0,16015,BOISE,4938.93110762171,4919.82674415508,16,ID,IDAHO,0.4,7831,0,0,3132.4
89,11,16001,ADA,2746.86456519323,2724.25316426601,16,ID,IDAHO,1.02,481587,578,2112,491218.74
89,0,16039,ELMORE,8032.74829779376,7961.50955120472,16,ID,IDAHO,1.17,27511,55,285,32187.87
89,3,16027,CANYON,1563.56929944873,1520.36393988342,16,ID,IDAHO,1.09,229849,400,1577,250535.41
90,26,23031,YORK,3288.53756014976,2566.81381380151,23,ME,MAINE,0.83,207641,330,1003,172342.03
90,0,23023,SAGADAHOC,958.372793654492,657.782155432389,23,ME,MAINE,0.69,35856,22,96,24740.64
90,26,23005,CUMBERLAND,3153.21252562753,2164.43967833541,23,ME,MAINE,0.87,295003,528,1587,256652.61
90,0,23001,ANDROSCOGGIN,1287.53710980858,1211.95623228163,23,ME,MAINE,0.89,108277,222,694,96366.53
91,0,53015,COWLITZ,3021.04233757056,2954.08029462577,53,WA,WASHINGTON,0.91,110593,91,354,100639.63
91,0,53059,SKAMANIA,4368.22110920496,4286.76257144586,53,WA,WASHINGTON,0.94,12083,0,12,11358.02
91,16,41005,CLACKAMAS,4876.90818268093,4837.39472101662,41,OR,OREGON,1.02,418187,557,2170,426550.74
91,1,41047,MARION,3084.18488480213,3056.29876542197,41,OR,OREGON,1.05,347818,782,2960,365208.9
91,5,41051,MULTNOMAH,1204.78097632545,1116.55889516748,41,OR,OREGON,1.03,812855,1255,4581,837240.65
91,7,53011,CLARK,1697.9932268102,1626.74300098967,53,WA,WASHINGTON,0.99,488241,638,2337,483358.59
91,0,41009,COLUMBIA,1784.43762992606,1704.50826273571,41,OR,OREGON,1.05,52354,28,162,54971.7
91,1,41071,YAMHILL,1860.66098267677,1854.16922295436,41,OR,OREGON,0.92,107100,151,618,98532
91,51,41067,WASHINGTON,1881.9739338307,1875.84692389283,41,OR,OREGON,1.06,601592,787,3139,637687.52
92,9,53053,PIERCE,4676.11428867243,4225.87797804373,53,WA,WASHINGTON,0.92,904980,2001,6499,832581.6
92,134,53033,KING,5976.27620892598,5473.81275660035,53,WA,WASHINGTON,1.05,2252782,4452,19899,2365421.1
92,15,53061,SNOHOMISH,5686.97099092987,5376.65252715044,53,WA,WASHINGTON,0.91,822083,1725,6125,748095.53
